term,z,n_high,n_low
please,29.44072976696764,1884.0,16.0
it,24.624263745939285,9643.0,7827.0
be,23.920474789359293,6561.0,4616.0
not,21.917558007347235,13592.0,13255.0
might,20.698286647002757,1480.0,330.0
may,19.186771792158588,5673.0,4538.0
just,18.37050747351007,1713.0,668.0
you,18.01948363593245,8094.0,7608.0
i'd,17.846059737438853,874.0,103.0
won't,16.95746464086129,1124.0,312.0
just be,16.36370034803567,599.0,13.0
that's not,16.225045454099664,724.0,86.0
you might,16.091327540884777,699.0,77.0
doctor,16.055726707530415,924.0,221.0
could,15.769381114674152,1332.0,549.0
be aware,15.544932547623416,555.0,19.0
cure,15.093711171418605,1038.0,357.0
okay,15.078210160624048,555.0,35.0
see a,14.728507590838008,721.0,148.0
a doctor,14.505121629004853,700.0,144.0
aware that,14.48452201502824,473.0,12.0
if you,14.013753397486697,2013.0,1333.0
help,14.009546000503486,2152.0,1476.0
it won't,13.826951122138688,588.0,100.0
magnetic,13.576251967351583,436.0,21.0
it may,13.368713222115447,1060.0,481.0
do,13.105010135221873,1754.0,1159.0
fine,13.067977797183879,1218.0,642.0
aware,12.942570562958673,567.0,121.0
scientific evidence,12.941350781936016,498.0,77.0
still,12.795521553335032,1605.0,1037.0
doesn't,12.60128596942745,1527.0,976.0
don't,12.377903509768153,2031.0,1523.0
please don't,12.175664544398776,317.0,0.0
money,12.083083540832831,602.0,181.0
you may,12.058774434116295,700.0,257.0
pain,11.783327321239017,952.0,487.0
cautious,11.76276611416699,425.0,72.0
that's fine,11.752129870162056,346.0,26.0
do not,11.751929587116697,1106.0,632.0
proven,11.747351356519353,777.0,336.0
please be,11.664026167924433,293.0,1.0
scientific,11.661946374324796,630.0,221.0
don't expect,11.651541266253934,326.0,18.0
might be,11.543173360163644,423.0,78.0
see,11.446543455932968,1055.0,605.0
expect,11.346577856539371,405.0,73.0
be cautious,11.338392196332666,345.0,37.0
okay just,11.298903486434241,273.0,0.0
no scientific,11.293967380554275,424.0,87.0
i said,11.257429975091728,271.0,0.0
fine but,11.139747666670155,337.0,38.0
it might,11.033176643542406,337.0,41.0
may not,10.990822787196537,906.0,495.0
bracelets,10.879129928285444,296.0,22.0
first,10.843432691391193,1177.0,769.0
it does,10.78007477989915,616.0,251.0
your,10.616547698943162,5810.0,6436.0
cause,10.592923439630205,1723.0,1373.0
treatment,10.462346538226718,715.0,352.0
is,10.453409260364236,16283.0,20888.0
save,10.261748924228115,447.0,140.0
copper,10.171320466714967,326.0,59.0
before,10.15646882233766,1320.0,974.0
that claim,10.10444682113476,282.0,34.0
make,10.088369768641357,880.0,528.0
does not,10.072741476402989,1392.0,1059.0
if,10.05085079715114,5507.0,6161.0
does,9.835471466456664,1537.0,1241.0
said,9.822667490111101,304.0,55.0
is not,9.761713808738302,2774.0,2712.0
safe,9.709455052545865,1485.0,1195.0
but don't,9.674517883906292,390.0,119.0
your choice,9.622187586732569,198.0,0.0
skin,9.486611475720544,645.0,341.0
want to,9.456128388165551,358.0,103.0
but,9.454625628147678,10627.0,13295.0
that's your,9.42396691322318,192.0,1.0
may help,9.39803732099914,544.0,255.0
evidence that,9.360173726012517,727.0,425.0
i would,9.322021288163903,305.0,70.0
be careful,9.297591079223503,199.0,7.0
that could,9.269124329421636,224.0,21.0
choice but,9.246016602819124,193.0,5.0
the claims,9.118017449991433,225.0,25.0
want,9.08837618055943,580.0,302.0
not cure,8.998516592106379,222.0,26.0
that may,8.990227268267171,285.0,66.0
careful,8.859114015956596,230.0,34.0
it doesn't,8.85420191160093,552.0,288.0
evidence,8.851064948553743,2583.0,2604.0
doctor for,8.772957513237376,201.0,19.0
magnetic bracelets,8.752752859288064,172.0,4.0
sure,8.728358587984253,290.0,77.0
not backed,8.700230225555538,174.0,6.0
consider,8.638994441721724,682.0,423.0
proper,8.615492526880649,649.0,392.0
magnets,8.579772076645327,181.0,12.0
don't delay,8.51332453609545,155.0,0.0
not supported,8.497134250841777,579.0,331.0
claims are,8.46451249515345,293.0,87.0
placebo,8.445472965128205,337.0,121.0
by research,8.371504980378653,193.0,23.0
please do,8.344355500932936,161.0,6.0
backed by,8.324596494627212,179.0,16.0
can cause,8.310338702752412,769.0,531.0
necessary,8.301129639611625,583.0,345.0
can be,8.285017124596065,1796.0,1706.0
get,8.271137653960576,822.0,589.0
that is,8.264213690278535,520.0,287.0
it's,8.254985493559882,3482.0,3848.0
you could,8.24169298421545,424.0,201.0
not be,8.231569425148315,384.0,167.0
might want,8.230154243932043,151.0,3.0
actually,8.207523238973447,501.0,272.0
make sure,8.193943495260518,222.0,45.0
supported by,8.174781990965418,509.0,281.0
but it,8.173938340448458,1218.0,1034.0
could be,8.146901872525884,333.0,128.0
liver,8.111378125389603,329.0,126.0
it can,8.08495581694782,882.0,666.0
is no,8.035856018960887,775.0,555.0
won't help,8.026009716672519,163.0,13.0
backed,7.96145566719561,185.0,27.0
you do,7.951166097351994,210.0,43.0
please check,7.945048592768853,135.0,0.0
claim is,7.942927732141494,845.0,636.0
instead,7.926495428992986,305.0,113.0
not necessary,7.907763947360176,313.0,120.0
a,7.903171277155092,19134.0,26051.0
isn't,7.893300870847238,649.0,433.0
get a,7.861812216191665,364.0,164.0
may be,7.849193950340622,1181.0,1020.0
crystals,7.847262711282913,181.0,27.0
won't hurt,7.792923977613429,138.0,4.0
help but,7.760316751880513,415.0,213.0
stop,7.7515263855590915,381.0,183.0
try,7.7318067898275284,356.0,162.0
you don't,7.720447635637118,309.0,123.0
that might,7.707422798310448,141.0,7.0
i'd still,7.643020767829018,127.0,1.0
help don't,7.614449300119082,124.0,0.0
supported,7.602488881237771,726.0,531.0
not accurate,7.5457650405067875,203.0,48.0
a second,7.540903825262153,328.0,145.0
can,7.530443790881036,10323.0,13479.0
mean,7.514900536768039,407.0,216.0
choice,7.505316986581597,462.0,268.0
please get,7.427925861149906,118.0,0.0
more effective,7.408610981826715,388.0,203.0
lose,7.400092323831128,274.0,105.0
would,7.398541593214131,648.0,461.0
is high,7.392666262067371,247.0,84.0
your money,7.365028675882234,128.0,6.0
i'd recommend,7.356676509087014,146.0,16.0
that's,7.332714055328989,2990.0,3354.0
scam,7.32843319777883,292.0,122.0
it's not,7.3279210056118576,1316.0,1227.0
hurt,7.281240295603071,188.0,44.0
dangerous,7.2418356155509915,334.0,161.0
delay proper,7.137888680317886,119.0,5.0
doesn't cure,7.1368308462313825,132.0,12.0
doesn't mean,7.124944272617803,232.0,80.0
weight loss,7.0676106947063,320.0,155.0
bracelets do,7.040075055498102,106.0,0.0
negative ion,7.003433821797468,111.0,3.0
that's an,6.993957429577834,159.0,31.0
natural doesn't,6.978843133949594,118.0,7.0
are not,6.967168612287749,943.0,818.0
medical,6.94472328769653,617.0,455.0
the copper,6.936466366509872,107.0,2.0
fat,6.920216435526539,502.0,336.0
risky,6.913915071702677,264.0,112.0
boost,6.910549744228988,180.0,47.0
second opinion,6.901458750905968,215.0,73.0
but if,6.895233621998013,281.0,127.0
have no,6.867162853055244,180.0,48.0
might help,6.841728447294258,148.0,27.0
luck,6.786262730726612,116.0,9.0
medication,6.775150579826488,260.0,113.0
might not,6.7723100995352015,110.0,6.0
need,6.754467451420826,1546.0,1568.0
guaranteed,6.746564168967148,415.0,257.0
treatment it,6.677522396959779,111.0,8.0
detox,6.672021933172715,255.0,112.0
feel,6.66189873780263,347.0,195.0
toxins,6.659465645261775,272.0,127.0
better,6.644249195991242,1270.0,1237.0
don't need,6.591322131072099,274.0,131.0
the magnetic,6.5910312827898485,97.0,2.0
bracelets have,6.5910312827898485,97.0,2.0
you're,6.5895357141481075,646.0,508.0
that,6.58063699256139,5531.0,6967.0
safer,6.573839976103582,524.0,377.0
unnecessary,6.5623640635300875,371.0,222.0
help with,6.559434745079782,316.0,170.0
by science,6.531997637438538,105.0,7.0
too,6.504731156012639,703.0,577.0
doctor if,6.4791509548197865,126.0,20.0
improve,6.455217455962345,677.0,551.0
gimmick,6.424583063944948,102.0,7.0
accurate,6.416341265662392,414.0,271.0
opinion,6.414535640071851,256.0,121.0
save your,6.4113608778750315,92.0,2.0
second,6.388668552418901,345.0,204.0
diagnosis and,6.3883881351910965,101.0,7.0
magnetic claim,6.341177580419742,86.0,0.0
and treatment,6.328094988372339,103.0,9.0
consult,6.326749538657087,239.0,109.0
high for,6.30819158063774,154.0,42.0
marketing gimmick,6.269374676228141,94.0,5.0
just know,6.22958600509836,83.0,0.0
pain requires,6.226526885412128,87.0,2.0
not proven,6.218660033704772,128.0,26.0
cautious with,6.210617495615173,98.0,8.0
lemon,6.2058167719185775,216.0,93.0
your body,6.197152060153676,180.0,64.0
cautious the,6.188900235237973,86.0,2.0
there is,6.179501092463538,887.0,814.0
no proven,6.161276638183449,151.0,43.0
proper diagnosis,6.160443716763777,117.0,20.0
strongly,6.133698203472938,178.0,64.0
fine just,6.133035416928044,103.0,12.0
i strongly,6.11595925342355,80.0,0.0
natural,6.104299290991977,268.0,142.0
would not,6.076845194207441,130.0,30.0
it's your,6.075308819640825,81.0,1.0
water is,6.07497495914923,268.0,143.0
you feel,6.059609878265393,148.0,43.0
delay,6.054068350852229,253.0,130.0
healthy,6.050627206466889,380.0,253.0
physiotherapist,6.038343398332739,97.0,10.0
the magnets,6.000181704768224,77.0,0.0
guarantee,5.984599507713564,463.0,343.0
just make,5.983320418363401,92.0,8.0
if you're,5.983142440634546,313.0,189.0
strongly advise,5.976252846127365,90.0,7.0
paying,5.975986226639281,238.0,119.0
water's,5.961089640570969,76.0,0.0
good luck,5.944628129937079,91.0,8.0
i'd suggest,5.931236982880518,87.0,6.0
stimulants,5.922358981785572,83.0,4.0
science crystals,5.921739584376195,75.0,0.0
effective,5.916988060403128,849.0,789.0
requires proper,5.8983318751988,88.0,7.0
hurt but,5.892016831656248,86.0,6.0
better to,5.8855899815147374,179.0,71.0
reviews first,5.882126358466774,74.0,0.0
research it,5.843206055007542,81.0,4.0
water's properties,5.842244609593673,73.0,0.0
change water's,5.842244609593673,73.0,0.0
hope,5.839919411913156,75.0,1.0
arthritis,5.8285023016167035,176.0,70.0
proven to,5.820494341011145,137.0,40.0
crystal,5.813824728219027,98.0,14.0
supplement,5.807140655519259,191.0,83.0
i wouldn't,5.805955604852295,91.0,10.0
ion bracelets,5.799760466199955,74.0,1.0
water bottles,5.799760466199955,74.0,1.0
pain see,5.799760466199955,74.0,1.0
or cure,5.788530960114496,99.0,15.0
the liver,5.785257114889603,152.0,52.0
by scientific,5.762983197091238,79.0,4.0
a scam,5.759238825367544,138.0,42.0
crystals do,5.758876441384169,75.0,2.0
enjoy,5.75589768379988,103.0,18.0
you have,5.747372206171403,536.0,436.0
not change,5.745504291294687,115.0,26.0
okay but,5.739436890012109,84.0,7.0
watch for,5.7274860169356145,116.0,27.0
no physiological,5.726835675812703,80.0,5.0
wouldn't,5.724965934421166,99.0,16.0
please verify,5.72093187861123,70.0,0.0
scammers,5.710244374294298,97.0,15.0
is fine,5.702019288496955,320.0,207.0
medical care,5.696078707374173,95.0,14.0
your doctor,5.68707962101528,153.0,55.0
please consider,5.679918687734097,69.0,0.0
physiological basis,5.679918687734097,69.0,0.0
by buying,5.6786179655904,75.0,3.0
hair,5.677758342984367,323.0,211.0
but be,5.669621426428309,91.0,12.0
it helps,5.650128371387206,111.0,25.0
need to,5.640890698574044,475.0,374.0
basis that,5.638607259632381,68.0,0.0
still need,5.636312260523601,125.0,35.0
it is,5.630050187421109,805.0,758.0
mean safe,5.617435280390058,81.0,7.0
anecdotes are,5.5849213058712746,82.0,8.0
your liver,5.566433018994515,95.0,16.0
be prepared,5.561832543335344,90.0,13.0
better it,5.557448605077879,74.0,4.0
gimmick with,5.552720739813147,68.0,1.0
diagnosis,5.528115636226291,188.0,88.0
may save,5.520470389608153,75.0,5.0
can but,5.515439202648896,73.0,4.0
please see,5.51281626330588,65.0,0.0
a regular,5.486634960586434,114.0,30.0
cream,5.481150255269828,111.0,28.0
a myth,5.473955642024733,241.0,138.0
harmful,5.471679334146456,302.0,198.0
is a,5.45797761024207,1516.0,1673.0
a cheaper,5.435789481003911,73.0,5.0
consult a,5.431890558901941,164.0,70.0
kidneys,5.431890558901941,164.0,70.0
if it,5.428490460931499,391.0,293.0
proper medical,5.427336484600035,63.0,0.0
may still,5.426692406247947,195.0,97.0
may want,5.424377212445869,85.0,12.0
true,5.423796974528538,261.0,159.0
a calorie,5.421137296611167,93.0,17.0
diet,5.414393947774188,418.0,323.0
anxiety,5.402896969622566,251.0,150.0
but you,5.399501620235301,357.0,258.0
be harmful,5.395459069595649,103.0,24.0
don't rely,5.3865847905480955,110.0,29.0
that's unnecessary,5.384087813495299,62.0,0.0
your call,5.384087813495299,62.0,0.0
is enough,5.372994775302804,130.0,44.0
calorie,5.363732552525361,282.0,182.0
on it,5.363348975487157,115.0,33.0
unlikely to,5.343217103114628,153.0,63.0
the support,5.338131129711084,65.0,2.0
a dermatologist,5.337086607465938,138.0,51.0
loss,5.336183067564207,734.0,694.0
helps,5.3340432326244365,446.0,358.0
detoxes,5.332372864335522,76.0,8.0
can still,5.326945129821266,312.0,214.0
acne,5.320106541068197,135.0,49.0
not safe,5.300444131376244,112.0,32.0
can help,5.290091291263105,853.0,843.0
no supplement,5.270619299474112,83.0,13.0
dermatologist,5.267921125249649,146.0,59.0
not a,5.263593597312212,1923.0,2236.0
evidence does,5.261214807241751,111.0,32.0
try it,5.2551429935428615,81.0,12.0
just keep,5.252245298121287,65.0,3.0
necessary one,5.2522059289134155,59.0,0.0
keep,5.251138267102014,530.0,458.0
can save,5.245996843187275,138.0,53.0
pain the,5.21893197382331,85.0,15.0
i'd advise,5.205161897267417,60.0,1.0
i hope,5.205161897267417,60.0,1.0
water,5.20348305407008,1906.0,2221.0
even,5.164378787120774,685.0,647.0
that crystal,5.162413656249385,57.0,0.0
irritation,5.150884499455273,173.0,85.0
for pain,5.148010298860086,88.0,18.0
liver and,5.147764462593953,124.0,44.0
and kidneys,5.147764462593953,124.0,44.0
be unnecessary,5.138900116799935,75.0,10.0
crystal water,5.116926788784648,56.0,0.0
could save,5.11488136022708,60.0,2.0
what helps,5.11488136022708,60.0,2.0
helps not,5.1145908523071535,58.0,1.0
than needed,5.080869681392273,77.0,12.0
that copper,5.071807006242114,61.0,3.0
that's risky,5.069060351506633,59.0,2.0
enough,5.058982430642769,551.0,494.0
unlikely,5.038807908156786,199.0,112.0
irritate,5.037380323853717,164.0,80.0
talk to,5.033669494673175,108.0,34.0
therapy,5.033143096622049,234.0,146.0
oil is,5.024010439124799,144.0,63.0
a basic,5.019243649060045,88.0,20.0
a safe,5.01636435231462,133.0,54.0
is safer,5.015786573175121,180.0,95.0
a marketing,5.012023808758586,161.0,78.0
works,5.00648051363555,349.0,267.0
calorie deficit,4.998398664440418,115.0,40.0
check reviews,4.984193498659111,93.0,24.0
anecdotes,4.982314624525492,112.0,38.0
a little,4.957549495658783,79.0,15.0
proven effect,4.957549495658783,79.0,15.0
mind,4.9332300395030035,80.0,16.0
just don't,4.929610562649469,72.0,11.0
evidence it,4.92845554075825,173.0,91.0
prepared,4.916119132422954,97.0,28.0
expect a,4.913511299606359,70.0,10.0
heal,4.913511299606359,70.0,10.0
bottles,4.91229487828288,87.0,21.0
will likely,4.90748709894412,63.0,6.0
body,4.883059235555672,412.0,343.0
safer to,4.881032108866897,92.0,25.0
that magnetic,4.8808334109009905,53.0,1.0
deficit,4.868579710115055,123.0,49.0
worse,4.846276798362554,164.0,85.0
pain persists,4.837497846257381,65.0,8.0
i'd be,4.833498392082405,54.0,2.0
likely,4.810800390518871,711.0,704.0
treatments,4.793464698025795,169.0,91.0
buying a,4.790900570782907,69.0,11.0
be dangerous,4.758470956815294,96.0,30.0
stomach,4.752639317930194,148.0,73.0
watch,4.752551834494957,158.0,82.0
talk,4.751570793107592,120.0,49.0
know that,4.737337671417693,48.0,0.0
i did,4.737337671417693,48.0,0.0
use it,4.730663206279512,165.0,89.0
lemon water,4.724313026315373,87.0,24.0
circulation,4.724313026315373,87.0,24.0
said the,4.716315597685227,59.0,6.0
the opposite,4.716315597685227,59.0,6.0
drink,4.710373299582582,132.0,60.0
quote you,4.6877286954633846,47.0,0.0
please use,4.6877286954633846,47.0,0.0
a cure,4.677738301343005,201.0,125.0
is what,4.67141682430925,83.0,22.0
lead to,4.67124463843023,269.0,195.0
medical treatment,4.66196619421891,71.0,14.0
wrinkles,4.661350118338905,63.0,9.0
you should,4.653882904340996,407.0,349.0
careful with,4.640684719235629,52.0,3.0
crystals that,4.637589160438996,46.0,0.0
but won't,4.636807502866554,75.0,17.0
no better,4.636520990576786,50.0,2.0
artificial sweeteners,4.636520990576786,50.0,2.0
likely placebo,4.630066561345285,64.0,10.0
legitimate,4.620257056351825,225.0,151.0
prevent,4.615211064032754,380.0,320.0
sweeteners,4.606639355010528,55.0,5.0
the ingredients,4.606639355010528,55.0,5.0
relieve,4.5995397583073,80.0,21.0
a physiotherapist,4.581308031881656,63.0,10.0
if your,4.559309072176465,337.0,274.0
expectations,4.557507527217913,128.0,60.0
there's no,4.557139729122489,476.0,435.0
insomnia,4.551871836883761,129.0,61.0
opposite,4.546703418810669,59.0,8.0
your skin,4.546703418810669,59.0,8.0
the article,4.546703418810669,59.0,8.0
physiological,4.541570033281298,91.0,30.0
always true,4.5394334424655876,50.0,3.0
that's okay,4.535647846455291,44.0,0.0
no it,4.5347008996606535,80.0,22.0
check with,4.531052524216389,133.0,65.0
is usually,4.520271458228611,501.0,467.0
they do,4.51579822968727,162.0,92.0
expensive,4.508568635524468,166.0,96.0
before making,4.502249352173238,63.0,11.0
than necessary,4.499893907144735,75.0,19.0
it's fine,4.499893907144735,75.0,19.0
to lose,4.4965697047036315,58.0,8.0
joint pain,4.4965697047036315,58.0,8.0
medications,4.496128640605225,154.0,85.0
i'd strongly,4.483808275822497,43.0,0.0
cheaper one,4.483808275822497,43.0,0.0
enjoy the,4.481606230801925,45.0,1.0
and could,4.481202625358418,87.0,28.0
may have,4.46716386347848,343.0,285.0
that can,4.464894989719952,172.0,103.0
vet,4.460352125925728,177.0,108.0
a proven,4.45778431108085,181.0,112.0
rely on,4.45500988205021,192.0,123.0
pediatrician,4.453219615739222,81.0,24.0
strengthen,4.452533134095498,74.0,19.0
doctor before,4.445922931287731,57.0,8.0
than placebo,4.443799832905945,50.0,4.0
said it,4.443799832905945,50.0,4.0
enough that's,4.435923662085829,48.0,3.0
stimulants if,4.431362398983024,42.0,0.0
could lose,4.431362398983024,42.0,0.0
works you,4.431362398983024,42.0,0.0
fluids are,4.430891444810535,46.0,2.0
bracelet,4.429662530759096,55.0,7.0
magnetic therapy,4.429181834296775,44.0,1.0
ear,4.426144296507603,177.0,109.0
not guaranteed,4.414205354966548,157.0,90.0
be misleading,4.413252568593651,76.0,21.0
it's better,4.412687549526453,108.0,46.0
one label,4.406854733018348,80.0,24.0
help some,4.4063024806505915,144.0,78.0
is just,4.404727833526927,109.0,47.0
concerned,4.3790680501635,106.0,45.0
not crystals,4.378288427846209,41.0,0.0
effective please,4.378288427846209,41.0,0.0
a zinc,4.378288427846209,41.0,0.0
that magnets,4.378288427846209,41.0,0.0
flush toxins,4.377993364378928,45.0,2.0
bloating,4.377116248048211,78.0,23.0
shampoo,4.376408249319437,86.0,29.0
a big,4.374023025239614,62.0,12.0
proper care,4.362879025905084,52.0,6.0
dermatologist for,4.362879025905084,52.0,6.0
magnet,4.362879025905084,52.0,6.0
you take,4.361663844807931,57.0,9.0
olive oil,4.361491433262652,146.0,81.0
you want,4.354236405340572,285.0,225.0
be wrong,4.349617180374273,50.0,5.0
not the,4.3348620213809355,510.0,489.0
would still,4.330000114552073,46.0,3.0
expect dramatic,4.330000114552073,46.0,3.0
not support,4.327912807967976,113.0,52.0
choice just,4.324563237276906,40.0,0.0
boost energy,4.324563237276906,40.0,0.0
be premature,4.32445658495748,44.0,2.0
first it,4.32445658495748,44.0,2.0
brace,4.32339318772512,61.0,12.0
cure chronic,4.322433181058317,42.0,1.0
before paying,4.31785414476146,74.0,21.0
buying,4.316101036649379,149.0,85.0
loss requires,4.310180539375135,51.0,6.0
photos can,4.309915980954943,56.0,9.0
prescribed,4.304276897609777,87.0,31.0
boosts,4.296465870867827,49.0,5.0
improve circulation,4.296465870867827,49.0,5.0
not pay,4.296465870867827,49.0,5.0
first you,4.296465870867827,49.0,5.0
stopping,4.294798854844869,98.0,40.0
and exercise,4.291780111065359,88.0,32.0
feeling,4.2883861392497975,72.0,20.0
prepared for,4.2849702864023795,47.0,4.0
talking to,4.2849702864023795,47.0,4.0
not reliable,4.280633524604384,113.0,53.0
fake,4.276758348615686,100.0,42.0
shop around,4.272990832857122,52.0,7.0
invest,4.272258408989885,60.0,12.0
won't cure,4.270257654651438,43.0,2.0
mean effective,4.270162247327811,39.0,0.0
please talk,4.268061746475993,41.0,1.0
been small,4.268061746475993,41.0,1.0
rely,4.266432992703784,196.0,133.0
big,4.265595457765347,77.0,24.0
water does,4.2590709071798125,70.0,19.0
is likely,4.246126937426453,251.0,192.0
can damage,4.225934593777637,162.0,100.0
will not,4.225079566706334,100.0,43.0
already,4.2241833134034925,228.0,168.0
expect it,4.22148919398431,44.0,3.0
you still,4.219536234482063,80.0,27.0
physiotherapist can,4.215371664533292,42.0,2.0
part costs,4.2150592917894985,38.0,0.0
the magnet,4.2150592917894985,38.0,0.0
be paying,4.2150592917894985,38.0,0.0
please at,4.2150592917894985,38.0,0.0
support magnetic,4.2150592917894985,38.0,0.0
with stimulants,4.2150592917894985,38.0,0.0
a misconception,4.212991620301541,40.0,1.0
relaxation,4.203000175173606,73.0,22.0
them,4.192697453424014,744.0,792.0
study may,4.188256607658323,47.0,5.0
cause stomach,4.184437025913366,52.0,8.0
but i'd,4.184437025913366,52.0,8.0
and fluids,4.184437025913366,52.0,8.0
change,4.181267775325829,530.0,523.0
aren't,4.174429490459452,107.0,50.0
you will,4.168417217659746,58.0,12.0
too much,4.167031071089791,117.0,59.0
won't cause,4.166203442957292,43.0,3.0
it but,4.162518484694508,118.0,60.0
clinical proof,4.15977211979109,41.0,2.0
won't harm,4.15977211979109,41.0,2.0
results see,4.159226471063705,37.0,0.0
skin over,4.159226471063705,37.0,0.0
pyrithione shampoo,4.159226471063705,37.0,0.0
please consult,4.157195256694717,39.0,1.0
reconsider,4.157195256694717,39.0,1.0
a cold,4.156498450026406,110.0,53.0
still be,4.14080457418563,139.0,80.0
retinol,4.1331535720262655,46.0,5.0
minutes is,4.122813142783846,100.0,45.0
okay if,4.1202823974412075,44.0,4.0
sure you,4.110195813498272,42.0,3.0
an unnecessary,4.110195813498272,42.0,3.0
getting,4.1101648432148945,95.0,41.0
immune system,4.109489494642241,67.0,19.0
not improve,4.104678097345739,71.0,22.0
usually enough,4.104678097345739,71.0,22.0
brace can,4.103430795961955,40.0,2.0
just water,4.103430795961955,40.0,2.0
please reconsider,4.102633987012539,36.0,0.0
the compression,4.102633987012539,36.0,0.0
mental clarity,4.100643257612213,38.0,1.0
not say,4.097199538784863,52.0,9.0
healthcare provider,4.097199538784863,52.0,9.0
can recommend,4.097199538784863,52.0,9.0
exaggerated,4.096765966699835,142.0,84.0
persists,4.095024432812308,182.0,124.0
rest,4.093934480169856,204.0,147.0
one check,4.0931205739095695,47.0,6.0
olive,4.090904707770606,147.0,89.0
can try,4.078548132759526,65.0,18.0
be risky,4.078548132759526,65.0,18.0
harm,4.07558283763596,255.0,203.0
fluids,4.073967509632373,93.0,40.0
the body,4.06357498470881,138.0,81.0
upset,4.062833378497169,78.0,28.0
the immune,4.058720166214975,66.0,19.0
much,4.050888349242151,525.0,525.0
hope it,4.045249957008767,35.0,0.0
the bracelet,4.045249957008767,35.0,0.0
support copper,4.045249957008767,35.0,0.0
treatment please,4.045249957008767,35.0,0.0
proof means,4.045249957008767,35.0,0.0
not invest,4.0433041942312,37.0,1.0
compression,4.042637758801963,128.0,72.0
worth,4.042293344111227,208.0,153.0
can irritate,4.040203151404178,115.0,60.0
and can,4.039870526430616,578.0,592.0
weight,4.039022869394377,570.0,582.0
stomach upset,4.036390025727756,54.0,11.0
improve skin,4.035893315665107,57.0,13.0
claim,4.03081138008981,1341.0,1599.0
helpful,4.030354865910096,134.0,78.0
throat,4.028529646083799,99.0,46.0
placebo or,4.0202968618976165,49.0,8.0
not send,4.0202968618976165,49.0,8.0
before spending,4.0202968618976165,49.0,8.0
negative,4.017281962396526,210.0,156.0
a proper,4.017110871025309,145.0,89.0
a healthcare,4.011258173847047,52.0,10.0
be a,4.008082625844569,315.0,274.0
claim isn't,4.006907090365557,42.0,4.0
support is,3.9995442280784372,47.0,7.0
soothe,3.991972509084577,90.0,39.0
some people,3.991829143196702,346.0,311.0
cure arthritis,3.9884002803556107,38.0,2.0
means modest,3.9870402038934487,34.0,0.0
magnets the,3.9870402038934487,34.0,0.0
want significant,3.9870402038934487,34.0,0.0
be spending,3.9870402038934487,34.0,0.0
or physiotherapist,3.9870402038934487,34.0,0.0
paying for,3.987038766822415,59.0,15.0
and may,3.9869403372492562,435.0,418.0
but consider,3.985144405682568,36.0,1.0
your decision,3.985144405682568,36.0,1.0
unnecessary but,3.985144405682568,36.0,1.0
problems,3.981804747812309,207.0,154.0
often than,3.9805169388612556,45.0,6.0
miss,3.977730292217479,80.0,31.0
good but,3.96648545393689,81.0,32.0
for emergencies,3.9635515889996396,43.0,5.0
seeing a,3.9559593670685698,51.0,10.0
helps you,3.9559593670685698,51.0,10.0
could cause,3.954013425139904,54.0,12.0
melt fat,3.9490598387883287,41.0,4.0
cautious about,3.9490598387883287,41.0,4.0
fat loss,3.948186544440014,136.0,82.0
calories,3.948096280339502,166.0,112.0
moderation,3.9412282621673023,78.0,30.0
sugar,3.9353184553028986,199.0,147.0
there's,3.9315083590903366,577.0,598.0
properties,3.9307046236403838,210.0,159.0
cheaper,3.9291371099719568,196.0,144.0
or effective,3.9265911061426237,52.0,11.0
that's dangerous,3.926127771478774,35.0,1.0
to boost,3.926127771478774,35.0,1.0
relieves,3.926127771478774,35.0,1.0
a medical,3.9170330633388635,86.0,37.0
it's safer,3.9035270549282814,63.0,19.0
that if,3.9035270549282814,63.0,19.0
take,3.8953234376574604,254.0,209.0
shown to,3.8921187324359465,89.0,40.0
in one,3.889000163612001,107.0,56.0
supplement has,3.8853400594370004,45.0,7.0
can shop,3.8783498630339928,38.0,3.0
fat significantly,3.8679938859188225,32.0,0.0
detoxes itself,3.8679938859188225,32.0,0.0
significant results,3.8679938859188225,32.0,0.0
no i,3.8679938859188225,32.0,0.0
consider a,3.8677922034217542,113.0,62.0
but please,3.866215453322795,34.0,1.0
high get,3.866215453322795,34.0,1.0
healing,3.8588549620645334,103.0,53.0
many causes,3.8512232723770907,66.0,22.0
i'd check,3.850028561000245,46.0,8.0
not more,3.8466251287592574,41.0,5.0
pseudoscience,3.8466251287592574,41.0,5.0
not detox,3.8466251287592574,41.0,5.0
afford,3.8433590945103133,49.0,10.0
if pain,3.843175296950468,52.0,12.0
supplements,3.8419916349335614,162.0,111.0
may cause,3.838855623424543,108.0,58.0
hydrating,3.836311394908698,59.0,17.0
healthy but,3.8308862585734067,39.0,4.0
a week,3.830790631877934,137.0,86.0
by medical,3.8271021722393033,44.0,7.0
could lead,3.8271021722393033,44.0,7.0
balanced diet,3.8218644370467287,78.0,32.0
therapy a,3.8182670141647037,37.0,3.0
exercise are,3.8182670141647037,37.0,3.0
not work,3.817219002845319,53.0,13.0
not correct,3.81419534946429,50.0,11.0
doesn't work,3.81419534946429,50.0,11.0
carefully,3.811976106164528,93.0,45.0
permanently,3.811976106164528,93.0,45.0
don't add,3.809466536237163,35.0,2.0
pain it,3.809466536237163,35.0,2.0
money for,3.809466536237163,35.0,2.0
effective it,3.809466536237163,35.0,2.0
physiotherapist it,3.807075182178808,31.0,0.0
i didn't,3.807075182178808,31.0,0.0
persists please,3.807075182178808,31.0,0.0
cure pain,3.807075182178808,31.0,0.0
please discuss,3.807075182178808,31.0,0.0
damage,3.8059522873774223,801.0,897.0
money on,3.8059372762129264,42.0,6.0
that you're,3.8059372762129264,42.0,6.0
what i,3.805365601124657,33.0,1.0
it replaces,3.805365601124657,33.0,1.0
circulation or,3.805365601124657,33.0,1.0
careful not,3.805365601124657,33.0,1.0
lose your,3.805365601124657,33.0,1.0
cure insomnia,3.805365601124657,33.0,1.0
effect on,3.7997245024181803,192.0,144.0
been proven,3.7975373769063787,61.0,19.0
checking,3.7969031998968092,275.0,237.0
fine for,3.7953684434852772,130.0,80.0
know,3.795058337609424,190.0,142.0
first if,3.792747915236186,54.0,14.0
is okay,3.7867802074547834,51.0,12.0
detoxify,3.786012315696444,48.0,10.0
earwax,3.7820793024042283,58.0,17.0
doctor first,3.757260108242645,36.0,3.0
reverse aging,3.757260108242645,36.0,3.0
arthritis pain,3.7569700057741278,49.0,11.0
blood,3.7503239379116646,347.0,324.0
likely won't,3.7479619599162204,34.0,2.0
kidneys flush,3.745165813886764,30.0,0.0
copper therapy,3.745165813886764,30.0,0.0
premature many,3.745165813886764,30.0,0.0
start slowly,3.745165813886764,30.0,0.0
stem cells,3.745165813886764,30.0,0.0
medications consult,3.745165813886764,30.0,0.0
doctor it,3.745165813886764,30.0,0.0
bracelets are,3.745165813886764,30.0,0.0
expect erasure,3.745165813886764,30.0,0.0
modest results,3.7435330169908743,32.0,1.0
with supplements,3.7435330169908743,32.0,1.0
you like,3.7366999059510433,53.0,14.0
might still,3.732779730408929,44.0,8.0
the brown,3.732779730408929,44.0,8.0
healthy diet,3.727935507549131,47.0,10.0
you prefer,3.7272719932836615,57.0,17.0
need a,3.721920534873773,216.0,173.0
work but,3.7198951551856174,83.0,38.0
burn,3.7188047324020643,215.0,172.0
i'd avoid,3.7091677402202317,37.0,4.0
not toxins,3.7082080204041143,42.0,7.0
second quote,3.705324734946335,85.0,40.0
sure to,3.6998556523175243,45.0,9.0
discuss with,3.699028800088831,48.0,11.0
leave,3.6908742225335742,196.0,152.0
rest and,3.6894011501183868,59.0,19.0
safe for,3.6864166449355853,183.0,138.0
pain pain,3.68545319961608,33.0,2.0
unnecessary expense,3.68545319961608,33.0,2.0
wrong,3.6846977137404946,146.0,99.0
be fake,3.68221581303117,29.0,0.0
safety no,3.68221581303117,29.0,0.0
copper the,3.68221581303117,29.0,0.0
simple item,3.68221581303117,29.0,0.0
personalised plan,3.68221581303117,29.0,0.0
not bring,3.68221581303117,29.0,0.0
irritation don't,3.68221581303117,29.0,0.0
to check,3.6814740188682373,181.0,136.0
support may,3.680668769630034,31.0,1.0
is hydrating,3.672949549502923,43.0,8.0
artificial,3.671984593442116,60.0,20.0
for proper,3.6691027866121524,46.0,10.0
you enjoy,3.6691027866121524,46.0,10.0
sure the,3.6641606979374797,65.0,24.0
your pediatrician,3.65733199885645,53.0,15.0
talking,3.65733199885645,53.0,15.0
not been,3.6548521385493205,94.0,49.0
a common,3.6430245848022795,408.0,404.0
this is,3.642634783186257,140.0,94.0
it's worth,3.6387331105649285,79.0,36.0
scientifically,3.6359835615684677,54.0,16.0
week if,3.6322999496460646,34.0,3.0
against it,3.6237263598113048,74.0,32.0
returns are,3.6226313836447215,51.0,14.0
liver detoxes,3.621890303511451,32.0,2.0
spending money,3.621890303511451,32.0,2.0
people,3.6187099507727085,1042.0,1236.0
exaggerated results,3.6181708643252706,28.0,0.0
gradual clinical,3.6181708643252706,28.0,0.0
required 20,3.6181708643252706,28.0,0.0
please monitor,3.6181708643252706,28.0,0.0
improve digestion,3.6181708643252706,28.0,0.0
compression may,3.6181708643252706,28.0,0.0
supplements especially,3.61671974996434,30.0,1.0
article is,3.61671974996434,30.0,1.0
even if,3.6140491483752335,147.0,102.0
be enough,3.6110855562180872,64.0,24.0
be necessary,3.6094868001636984,45.0,10.0
worth checking,3.6023249472120766,37.0,5.0
are,3.601850079415466,5089.0,7025.0
save money,3.6011076289604573,60.0,21.0
check,3.599944015034392,2274.0,2955.0
dramatically,3.5968970250004166,56.0,18.0
are more,3.5936848508802144,348.0,333.0
overnight,3.588975573852455,169.0,126.0
spending,3.58843408204434,153.0,109.0
effective treatment,3.5835794909962218,35.0,4.0
you'll,3.5800045902976834,148.0,104.0
melt,3.574962281097499,80.0,38.0
sunscreen,3.5749521535261395,163.0,120.0
cure for,3.573017979803055,105.0,61.0
can work,3.570047420486343,141.0,97.0
benefit it's,3.5682509533070648,33.0,3.0
lose the,3.5682509533070648,33.0,3.0
labour is,3.5682509533070648,33.0,3.0
a healthy,3.5662249882829262,109.0,65.0
should still,3.5645689929394115,50.0,14.0
consulting,3.5645689929394115,50.0,14.0
celery,3.557504893058379,63.0,24.0
inflammation,3.5573738753301245,122.0,78.0
hyaluronic acid,3.5572191010810643,31.0,2.0
hyaluronic,3.5572191010810643,31.0,2.0
energy or,3.5572191010810643,31.0,2.0
redundant that's,3.552971756523134,27.0,0.0
copper a,3.552971756523134,27.0,0.0
enough multiple,3.552971756523134,27.0,0.0
please follow,3.552971756523134,27.0,0.0
multiple are,3.552971756523134,27.0,0.0
add safety,3.552971756523134,27.0,0.0
most proven,3.552971756523134,27.0,0.0
luck with,3.551628156651594,29.0,1.0
diet are,3.551628156651594,29.0,1.0
erasure in,3.551628156651594,29.0,1.0
time start,3.551628156651594,29.0,1.0
reduce inflammation,3.550718710296156,41.0,8.0
for one,3.546162004161957,59.0,21.0
snoring,3.5405323621750937,55.0,18.0
tired,3.5388465871814905,36.0,5.0
works for,3.5313951757549633,71.0,31.0
more often,3.5313951757549633,71.0,31.0
been shown,3.529695248093558,88.0,46.0
it works,3.5259361848180975,79.0,38.0
testimonials,3.5206558338814813,45.0,11.0
cause burns,3.5206558338814813,45.0,11.0
checking the,3.5194167345341754,80.0,39.0
enough it,3.5192190679632893,34.0,4.0
zinc pyrithione,3.518097957414336,42.0,9.0
pyrithione,3.518097957414336,42.0,9.0
generally safe,3.517543727392857,124.0,81.0
people but,3.5114831410918415,149.0,107.0
to avoid,3.50702016602628,217.0,182.0
doctor or,3.506307002535153,57.0,20.0
be worth,3.5034063032249385,62.0,24.0
healthcare,3.5034063032249385,62.0,24.0
results over,3.5030856304242004,32.0,3.0
slowly to,3.5030856304242004,32.0,3.0
safe but,3.5018503885847347,83.0,42.0
harmless,3.500950843967994,96.0,54.0
that much,3.4977042830778884,37.0,6.0
and labour,3.4977042830778884,37.0,6.0
treatment if,3.4977042830778884,37.0,6.0
just remember,3.4913806936280762,30.0,2.0
cure depression,3.4913806936280762,30.0,2.0
not harmful,3.490159385898562,76.0,36.0
candle,3.4891241562246758,69.0,30.0
calorie drink,3.486553741351415,26.0,0.0
boost memory,3.486553741351415,26.0,0.0
proven cognitive,3.486553741351415,26.0,0.0
bloating dramatically,3.486553741351415,26.0,0.0
sufficient multiple,3.485330897575209,28.0,1.0
medical advice,3.4835383877091273,54.0,18.0
but check,3.4835383877091273,54.0,18.0
you're concerned,3.4831642129627975,77.0,37.0
it could,3.4763511395657476,121.0,79.0
actually the,3.4743175825136308,35.0,5.0
remove,3.471613482360177,441.0,455.0
basic,3.469836406936821,191.0,154.0
the part,3.469408818005559,47.0,13.0
not help,3.469408818005559,47.0,13.0
they won't,3.467288466754425,65.0,27.0
over months,3.4633052410174865,51.0,16.0
misconception,3.461934015022187,60.0,23.0
a quick,3.4565343706738725,66.0,28.0
erasure,3.4557652866901893,41.0,9.0
edited,3.4557652866901893,41.0,9.0
that your,3.4557652866901893,41.0,9.0
medication without,3.453745708134001,33.0,4.0
can soothe,3.4499035481336495,56.0,20.0
be from,3.446981995584981,74.0,35.0
unproven,3.444011841075171,52.0,17.0
basis,3.441053488018894,127.0,86.0
industry funded,3.4363562857593055,62.0,25.0
evidence doesn't,3.4333278597523633,45.0,12.0
drinking,3.433189461228608,145.0,105.0
compression and,3.4331231992609323,36.0,6.0
proper treatment,3.4331231992609323,36.0,6.0
fine to,3.4248244209107597,39.0,8.0
safe or,3.4246293684533415,63.0,26.0
lose weight,3.4243108638150215,29.0,2.0
expense,3.4207639038483717,78.0,39.0
growth factors,3.4188457803025036,25.0,0.0
expect miracles,3.4188457803025036,25.0,0.0
overkill 20,3.4188457803025036,25.0,0.0
is placebo,3.4188457803025036,25.0,0.0
first okay,3.4188457803025036,25.0,0.0
call but,3.4188457803025036,25.0,0.0
high calorie,3.4188457803025036,25.0,0.0
i understand,3.4188457803025036,25.0,0.0
cognitive enhancer,3.4177588899729634,27.0,1.0
cold overnight,3.4177588899729634,27.0,1.0
emergencies,3.408878595521323,54.0,19.0
overstate,3.408843661812878,46.0,13.0
one week,3.4064496454291486,59.0,23.0
a substitute,3.400006685046815,125.0,85.0
calming,3.3952623467908785,37.0,7.0
or improve,3.3952623467908785,37.0,7.0
anything,3.394618680156783,104.0,64.0
can afford,3.3925003783039975,40.0,9.0
extra,3.3897831354855414,193.0,159.0
not need,3.389194646484038,141.0,102.0
in mind,3.387102561548714,32.0,4.0
fine if,3.3839096373042885,67.0,30.0
premature,3.3778451274625625,56.0,21.0
energy the,3.3716663100471225,44.0,12.0
item you,3.3691673204557087,30.0,3.0
i'd get,3.3691673204557087,30.0,3.0
a personalised,3.3691673204557087,30.0,3.0
no legitimate,3.3646553638883443,48.0,15.0
common myth,3.3637004763252425,57.0,22.0
substitute,3.3605252294512793,144.0,106.0
cayenne,3.360406017839931,38.0,8.0
it that,3.360406017839931,38.0,8.0
mood,3.360111607356295,95.0,56.0
scammers can,3.355939388072933,28.0,2.0
strongly recommend,3.355939388072933,28.0,2.0
your medication,3.355939388072933,28.0,2.0
be fine,3.351114947057487,81.0,43.0
enhancer and,3.3497696543391484,24.0,0.0
against that,3.3497696543391484,24.0,0.0
one dose,3.3497696543391484,24.0,0.0
this could,3.3497696543391484,24.0,0.0
it please,3.3497696543391484,24.0,0.0
be replacing,3.3497696543391484,24.0,0.0
sure your,3.3488362375056466,26.0,1.0
supplement detoxes,3.3488362375056466,26.0,1.0
try but,3.3488362375056466,26.0,1.0
its effects,3.3488362375056466,26.0,1.0
change your,3.344708896386396,49.0,16.0
doesn't make,3.3446272006328526,72.0,35.0
any benefit,3.3419009532397403,33.0,5.0
based treatment,3.3419009532397403,33.0,5.0
are gradual,3.3419009532397403,33.0,5.0
before deciding,3.3348624706352346,42.0,11.0
peace,3.3348624706352346,42.0,11.0
be more,3.3332722671961825,147.0,110.0
expensive and,3.328264480664298,39.0,9.0
to help,3.326087837439648,60.0,25.0
is dangerous,3.326087837439648,60.0,25.0
teas,3.3260763295043896,75.0,38.0
redness,3.3260522258803635,50.0,17.0
collagen,3.3197755965341975,91.0,53.0
strengthen the,3.319227952518644,31.0,4.0
her,3.3159807112897113,93.0,55.0
not true,3.306718545949669,56.0,22.0
even a,3.306718545949669,56.0,22.0
worsen,3.306097414962138,136.0,99.0
kidneys already,3.3039092490877886,47.0,15.0
it's unlikely,3.3039092490877886,47.0,15.0
take medications,3.300281526951725,29.0,3.0
avoid irritation,3.300281526951725,29.0,3.0
consulting a,3.294949427138765,37.0,8.0
credible evidence,3.294737963035415,63.0,28.0
are safer,3.2928189060062842,71.0,35.0
for you,3.2922416813579223,52.0,19.0
chronic,3.292011075517858,156.0,121.0
is exaggerated,3.290846456863325,83.0,46.0
high doses,3.290846456863325,83.0,46.0
detox your,3.28618923183681,27.0,2.0
is pseudoscience,3.28618923183681,27.0,2.0
dramatic results,3.28618923183681,27.0,2.0
or industry,3.285250412942081,44.0,13.0
isn't supported,3.285250412942081,44.0,13.0
do that,3.285250412942081,44.0,13.0
cure a,3.2843001120336575,48.0,16.0
dose caffeine,3.279238904722809,23.0,0.0
retinol peptides,3.279238904722809,23.0,0.0
bottles bring,3.279238904722809,23.0,0.0
copper relieves,3.279238904722809,23.0,0.0
by 60,3.279238904722809,23.0,0.0
please keep,3.279238904722809,23.0,0.0
placebo it,3.279238904722809,23.0,0.0
be changing,3.279238904722809,23.0,0.0
will lose,3.279238904722809,23.0,0.0
clears skin,3.279238904722809,23.0,0.0
10 by,3.279238904722809,23.0,0.0
detoxes the,3.2784792568810595,25.0,1.0
replaces a,3.2784792568810595,25.0,1.0
enough no,3.2784792568810595,25.0,1.0
recommend appropriate,3.2784792568810595,25.0,1.0
too weak,3.2784792568810595,25.0,1.0
consult your,3.2769253935269886,53.0,20.0
remove toxins,3.2768027633842767,65.0,30.0
is healthy,3.2711339200715206,41.0,11.0
monitor,3.2674129823023987,135.0,99.0
money and,3.2630381136264126,45.0,14.0
be safer,3.2630381136264126,45.0,14.0
be sure,3.263016262030451,38.0,9.0
cleanse,3.263016262030451,38.0,9.0
or anxiety,3.2629491298613447,35.0,7.0
harm your,3.2629491298613447,35.0,7.0
pain or,3.2625722420063923,54.0,21.0
dramatic,3.262101157306766,103.0,66.0
has no,3.2586452142182436,145.0,110.0
digestion,3.2537217885895617,68.0,33.0
on that,3.2537217885895617,68.0,33.0
laxatives,3.2491179799694088,55.0,22.0
alkaline water,3.2488867890021154,50.0,18.0
immune,3.247424521048533,126.0,90.0
not stop,3.245719620244216,42.0,12.0
the actual,3.243588682512234,161.0,128.0
clears,3.2335941217313042,39.0,10.0
many people,3.2300918650035237,189.0,160.0
insoles,3.230012411068299,28.0,3.0
keep an,3.230012411068299,28.0,3.0
not what,3.230012411068299,28.0,3.0
homeopathic,3.230012411068299,28.0,3.0
for arthritis,3.2284078368233784,36.0,8.0
a vet,3.2237919365307635,73.0,38.0
scam legitimate,3.223118328335872,47.0,16.0
migraines,3.22216220875033,43.0,13.0
that way,3.22216220875033,43.0,13.0
alone may,3.22216220875033,43.0,13.0
evaluation,3.2219632726030936,92.0,56.0
quick,3.217782953025853,99.0,63.0
is unlikely,3.217782953025853,99.0,63.0
eye on,3.2149756025282805,26.0,2.0
have heart,3.2149756025282805,26.0,2.0
manage expectations,3.2149756025282805,26.0,2.0
doesn't guarantee,3.2143369699019324,75.0,40.0
using it,3.213585356679015,58.0,25.0
please read,3.2071575640806005,22.0,0.0
persists you,3.2071575640806005,22.0,0.0
memory focus,3.2071575640806005,22.0,0.0
peptides vitamin,3.2071575640806005,22.0,0.0
cost you,3.2071575640806005,22.0,0.0
simple tool,3.2071575640806005,22.0,0.0
magnet a,3.2071575640806005,22.0,0.0
first please,3.2071575640806005,22.0,0.0
an overreaction,3.2071575640806005,22.0,0.0
shampoo just,3.2071575640806005,22.0,0.0
overreaction,3.2071575640806005,22.0,0.0
effective check,3.2071575640806005,22.0,0.0
itself weight,3.2071575640806005,22.0,0.0
melts fat,3.20659531917845,24.0,1.0
work that,3.20659531917845,24.0,1.0
hair grow,3.20659531917845,24.0,1.0
magnets relieve,3.20659531917845,24.0,1.0
effective that,3.20659531917845,24.0,1.0
heart palpitations,3.20659531917845,24.0,1.0
60 in,3.20659531917845,24.0,1.0
not expect,3.20659531917845,24.0,1.0
keep expectations,3.20659531917845,24.0,1.0
your plants,3.20659531917845,24.0,1.0
work you,3.2064471070202862,40.0,11.0
but keep,3.204618713025664,31.0,5.0
temporary,3.2029829756314383,247.0,229.0
it isn't,3.199033675480374,79.0,44.0
can lead,3.197179001002013,157.0,125.0
save you,3.1967115750264323,37.0,9.0
hydration,3.1889220033133605,179.0,150.0
a guarantee,3.1803223082163448,142.0,109.0
dilute,3.180004401821334,45.0,15.0
bath,3.179509967520803,29.0,4.0
caffeine is,3.179509967520803,29.0,4.0
financial advisor,3.179509967520803,29.0,4.0
still check,3.179509967520803,29.0,4.0
don't stop,3.179509967520803,29.0,4.0
to cure,3.1728459782446365,50.0,19.0
the skin,3.172705029371665,97.0,62.0
not scientifically,3.167578862468743,38.0,10.0
remember,3.16718149238439,56.0,24.0
your bank,3.16718149238439,56.0,24.0
the water,3.166923153994316,124.0,90.0
a placebo,3.1607310395278665,35.0,8.0
enhancer,3.1582767900803232,27.0,3.0
moderation is,3.1582767900803232,27.0,3.0
make hair,3.1582767900803232,27.0,3.0
in moderation,3.144686015450804,52.0,21.0
it it,3.1435905534681843,47.0,17.0
peace of,3.1422048286736244,25.0,2.0
drink it,3.1422048286736244,25.0,2.0
cause fat,3.1422048286736244,25.0,2.0
of mind,3.1422048286736244,25.0,2.0
keep in,3.1422048286736244,25.0,2.0
money you,3.1422048286736244,25.0,2.0
miracles,3.1422048286736244,25.0,2.0
just watch,3.1422048286736244,25.0,2.0
heavy duty,3.1422048286736244,25.0,2.0
permanent,3.1420385680169316,201.0,177.0
it and,3.141116546897955,81.0,47.0
joint,3.1343086856395,106.0,72.0
cause weight,3.133988943960605,30.0,5.0
dangerous the,3.133988943960605,30.0,5.0
you're tired,3.1334186245864206,21.0,0.0
money please,3.1334186245864206,21.0,0.0
first that,3.1334186245864206,21.0,0.0
anxiety stop,3.1334186245864206,21.0,0.0
tired sleep,3.1334186245864206,21.0,0.0
need heavy,3.1334186245864206,21.0,0.0
emergencies basic,3.1334186245864206,21.0,0.0
energy boosts,3.1334186245864206,21.0,0.0
palpitations or,3.1334186245864206,21.0,0.0
for stimulants,3.1334186245864206,21.0,0.0
better you,3.1334186245864206,21.0,0.0
toxins lemon,3.1334186245864206,21.0,0.0
c hyaluronic,3.1334186245864206,21.0,0.0
instead just,3.1334186245864206,21.0,0.0
ingredients for,3.1334186245864206,21.0,0.0
a medicated,3.1334186245864206,21.0,0.0
provide support,3.1330814611060043,23.0,1.0
medicated shampoo,3.1330814611060043,23.0,1.0
are safe,3.1311363618848223,103.0,69.0
strengthens,3.1293031938039144,36.0,9.0
monitor your,3.1293031938039144,36.0,9.0
concept is,3.125971251069104,33.0,7.0
it off,3.1167891041206004,44.0,15.0
make your,3.1160467892831263,40.0,12.0
retinoids,3.112060383745095,49.0,19.0
good to,3.1075134587610247,28.0,4.0
stop and,3.100492173366523,37.0,10.0
detox the,3.100492173366523,37.0,10.0
eyesight,3.100492173366523,37.0,10.0
moon,3.0979030342544833,50.0,20.0
add,3.0959369687591742,290.0,286.0
are a,3.0954585616586283,171.0,144.0
the candle,3.093239156061108,41.0,13.0
afford to,3.0928521121403776,31.0,6.0
you use,3.0920354412165145,106.0,73.0
cool,3.0918750903595815,190.0,166.0
welcome,3.0914539121693028,177.0,151.0
a guaranteed,3.091087719908184,124.0,92.0
butter,3.0906102555965522,105.0,72.0
aging,3.0868355685544993,102.0,69.0
that you,3.084048907308792,85.0,52.0
you're welcome,3.0826888567940016,175.0,149.0
is good,3.08091786833159,90.0,57.0
the evidence,3.0793905256999357,547.0,617.0
the counter,3.0761735071028724,68.0,36.0
attract,3.07168257556499,59.0,28.0
supplement with,3.067773024985866,24.0,2.0
natural does,3.067773024985866,24.0,2.0
testimonials are,3.067773024985866,24.0,2.0
magnets are,3.067773024985866,24.0,2.0
changing your,3.067773024985866,24.0,2.0
from hydration,3.067773024985866,24.0,2.0
it's safe,3.0672476270246607,70.0,38.0
get your,3.061934228689847,29.0,5.0
won't prevent,3.061934228689847,29.0,5.0
lose money,3.061934228689847,29.0,5.0
harmless but,3.061934228689847,29.0,5.0
needed you,3.061934228689847,29.0,5.0
opinion and,3.0607405199854685,35.0,9.0
earthing,3.0607405199854685,35.0,9.0
damage your,3.0607405199854685,35.0,9.0
acid growth,3.0579021734586322,20.0,0.0
have chronic,3.0579021734586322,20.0,0.0
duty for,3.0579021734586322,20.0,0.0
could disrupt,3.0579021734586322,20.0,0.0
around many,3.0579021734586322,20.0,0.0
irritate your,3.0579021734586322,20.0,0.0
encourage you,3.0579021734586322,20.0,0.0
save 100,3.0579021734586322,20.0,0.0
expense you,3.0579021734586322,20.0,0.0
expectations realistic,3.0579021734586322,20.0,0.0
consider talking,3.0579021734586322,20.0,0.0
a soothing,3.0579021734586322,20.0,0.0
upset anecdotes,3.0579021734586322,20.0,0.0
unnecessary you,3.0578227081257308,22.0,1.0
that won't,3.0578227081257308,22.0,1.0
brain health,3.0578227081257308,22.0,1.0
weak to,3.0578227081257308,22.0,1.0
under an,3.0578227081257308,22.0,1.0
consider seeing,3.0578227081257308,22.0,1.0
first that's,3.055586588049093,32.0,7.0
is safe,3.05292057401889,175.0,150.0
may work,3.0503174094859364,54.0,24.0
no one,3.0497701790467326,62.0,31.0
inflammation or,3.049719615784649,39.0,12.0
understand,3.045587022009993,77.0,45.0
misleading,3.035283698938418,130.0,100.0
to try,3.0346679042397815,44.0,16.0
deciding,3.0346679042397815,44.0,16.0
an expensive,3.0339775486551,27.0,4.0
skincare,3.0339775486551,27.0,4.0
focus,3.031500781471954,290.0,289.0
months but,3.031136910746,56.0,26.0
itself,3.026820123864709,226.0,211.0
suggest checking,3.0217519420653263,33.0,8.0
toxins from,3.0208960884819946,30.0,6.0
burns,3.0168262882973993,135.0,106.0
use,3.0143206802878373,2242.0,2998.0
no need,3.0121735042151245,51.0,22.0
it's okay,3.0100300812882796,25.0,3.0
significantly boost,3.0100300812882796,25.0,3.0
article may,3.0100300812882796,25.0,3.0
isn't necessary,3.0062331259005868,37.0,11.0
doses can,3.0025225647183458,46.0,18.0
soothe a,3.0025225647183458,46.0,18.0
pain relief,3.0011531880155653,52.0,23.0
verify with,3.0011531880155653,52.0,23.0
week,2.999879869294506,240.0,229.0
benefit is,2.994744502204404,76.0,45.0
but it's,2.9936295058611817,778.0,934.0
first the,2.991564491917595,23.0,2.0
hydration the,2.991564491917595,23.0,2.0
wouldn't say,2.991564491917595,23.0,2.0
clear skin,2.991564491917595,23.0,2.0
didn't say,2.991564491917595,23.0,2.0
tooth enamel,2.991564491917595,23.0,2.0
not boost,2.991564491917595,23.0,2.0
proof,2.991501696911416,154.0,128.0
medical evaluation,2.9909692528709604,34.0,9.0
diet and,2.9900981072338135,79.0,48.0
with your,2.9895654614033402,238.0,227.0
burn fat,2.9883716001801193,28.0,5.0
body the,2.9883716001801193,28.0,5.0
substitute for,2.9840017917632733,113.0,83.0
a faulty,2.983850436031346,31.0,7.0
or see,2.983850436031346,31.0,7.0
an eye,2.9823440225123936,38.0,12.0
it only,2.982328522896578,63.0,33.0
skipping,2.981402037035436,54.0,25.0
boosts energy,2.9806900333305646,21.0,1.0
tool you,2.9806900333305646,21.0,1.0
forever,2.9643772817495537,56.0,27.0
laxative,2.9629115599190405,35.0,10.0
your dog,2.9629115599190405,35.0,10.0
toxins or,2.9629115599190405,35.0,10.0
do use,2.9629115599190405,35.0,10.0
always mean,2.960412732534586,39.0,13.0
dilute it,2.958805712591817,26.0,4.0
and compression,2.950328979235546,32.0,8.0
ear candling,2.950328979235546,32.0,8.0
copper bracelets,2.950328979235546,32.0,8.0
end up,2.9474716659109337,29.0,6.0
week the,2.9474716659109337,29.0,6.0
placebo the,2.9474716659109337,29.0,6.0
continue,2.945203604656181,74.0,44.0
use a,2.940482022410927,442.0,488.0
counter,2.9377882990885174,81.0,51.0
still get,2.937295750636656,36.0,11.0
by evidence,2.937214166061366,60.0,31.0
with lemon,2.9333055625042728,24.0,3.0
say that,2.9199310186171363,33.0,9.0
after photos,2.9199310186171363,33.0,9.0
reviews can,2.9199310186171363,33.0,9.0
not recommended,2.91888915155566,159.0,136.0
replaces,2.9138757554565218,37.0,12.0
okay to,2.913449783059661,22.0,2.0
might make,2.913449783059661,22.0,2.0
pain studies,2.913449783059661,22.0,2.0
don't the,2.913449783059661,22.0,2.0
are healthy,2.913449783059661,22.0,2.0
stop if,2.913449783059661,22.0,2.0
detox teas,2.9133705528842473,54.0,26.0
no they,2.913210162653671,27.0,5.0
your blood,2.9106901267293366,30.0,7.0
monitor for,2.9106901267293366,30.0,7.0
first to,2.9106901267293366,30.0,7.0
but do,2.9056071132698142,55.0,27.0
depression,2.905246545274336,97.0,68.0
diabetes,2.903814800232589,68.0,39.0
could get,2.9015378511467453,20.0,1.0
overdo,2.9015378511467453,20.0,1.0
changing oil,2.9015378511467453,20.0,1.0
that crystals,2.9015378511467453,20.0,1.0
cure use,2.9015378511467453,20.0,1.0
for proven,2.9015378511467453,20.0,1.0
a simple,2.900672849486723,168.0,147.0
make it,2.8983250021588898,93.0,64.0
candling,2.8923125206947233,34.0,10.0
teething,2.889504471527731,49.0,22.0
more frequent,2.8888056735144616,84.0,55.0
blood sugar,2.8857198583233274,58.0,30.0
not do,2.8818913875255303,25.0,4.0
be edited,2.8818913875255303,25.0,4.0
proven treatments,2.8818913875255303,25.0,4.0
skin or,2.8818913875255303,25.0,4.0
money by,2.8818913875255303,25.0,4.0
doesn't always,2.8794007006739935,50.0,23.0
one,2.879330861221773,1135.0,1439.0
oil may,2.8744580840993423,44.0,18.0
pillow,2.8744580840993423,44.0,18.0
help and,2.872493920386002,28.0,6.0
first because,2.872493920386002,28.0,6.0
work,2.870567199441453,833.0,1020.0
nails,2.867176944773589,35.0,11.0
your symptoms,2.867176944773589,35.0,11.0
a serious,2.867176944773589,35.0,11.0
try a,2.8614584256014055,52.0,25.0
changing,2.855653286289291,138.0,114.0
knee pain,2.8547729525704577,40.0,15.0
that's one,2.8546845303008324,23.0,3.0
said it's,2.8546845303008324,23.0,3.0
relief,2.8492255822112584,144.0,121.0
nutritious,2.8488171267575755,46.0,20.0
quote,2.847682231067642,128.0,103.0
not that,2.845452139922858,69.0,41.0
put,2.8436992692819496,70.0,42.0
and see,2.8384411215156944,75.0,47.0
worry,2.83635003286912,26.0,5.0
checking with,2.83635003286912,26.0,5.0
the residue,2.83635003286912,26.0,5.0
requires medical,2.83635003286912,26.0,5.0
hydrating and,2.836026690086711,29.0,7.0
cure it,2.836026690086711,29.0,7.0
just monitor,2.833283353313046,21.0,2.0
as fact,2.833283353313046,21.0,2.0
prescribed treatment,2.833283353313046,21.0,2.0
infection,2.825745916546168,159.0,139.0
advisor,2.823053020092205,42.0,17.0
feel better,2.820431145419222,33.0,10.0
be clear,2.8202009103548193,19.0,1.0
it worse,2.8202009103548193,19.0,1.0
boosts are,2.8202009103548193,19.0,1.0
cautious if,2.8202009103548193,19.0,1.0
consider other,2.8202009103548193,19.0,1.0
mechanics can,2.8202009103548193,19.0,1.0
significantly boosts,2.8202009103548193,19.0,1.0
cause nausea,2.8202009103548193,19.0,1.0
not mean,2.809496376214735,61.0,34.0
a lot,2.8094812170103656,108.0,82.0
avoid it,2.809107177092931,43.0,18.0
isn't the,2.8085911168098026,50.0,24.0
still recommend,2.8042638015781782,38.0,14.0
before changing,2.803277456579118,30.0,8.0
sunscreen and,2.8031165014950603,24.0,4.0
might work,2.8031165014950603,24.0,4.0
a month,2.800460711633001,51.0,25.0
frequent than,2.7962968007186055,44.0,19.0
throat but,2.7958699479828,27.0,6.0
reacting with,2.7958699479828,27.0,6.0
be true,2.795822480463391,34.0,11.0
should check,2.7904309944420786,82.0,55.0
slowly,2.7878620517056167,79.0,52.0
be too,2.7869741778785047,73.0,46.0
alkaline,2.775278844791973,97.0,71.0
key a,2.7740271751321233,22.0,3.0
require professional,2.7740271751321233,22.0,3.0
reliable it,2.7740271751321233,22.0,3.0
overpaying,2.7740271751321233,22.0,3.0
might miss,2.7740271751321233,22.0,3.0
can burn,2.773797224646778,31.0,9.0
melts,2.773797224646778,31.0,9.0
toxins the,2.7734692475696963,35.0,12.0
gentle,2.764605263380873,93.0,67.0
serious,2.764189416680445,159.0,141.0
still have,2.764187049033723,57.0,31.0
you won't,2.7597741000695115,28.0,7.0
safer if,2.7597741000695115,28.0,7.0
leave you,2.7576810984418736,25.0,5.0
giving up,2.7576810984418736,25.0,5.0
a bit,2.7576810984418736,25.0,5.0
seek medical,2.7562149846499944,41.0,17.0
in case,2.753139697965243,36.0,13.0
not fat,2.753139697965243,36.0,13.0
with weight,2.753139697965243,36.0,13.0
could delay,2.7509006727997005,20.0,2.0
money if,2.7509006727997005,20.0,2.0
a podiatrist,2.7509006727997005,20.0,2.0
edited or,2.7509006727997005,20.0,2.0
pack,2.7428358167121627,42.0,18.0
support that,2.7428358167121627,42.0,18.0
hair growth,2.7420771747155697,64.0,38.0
would be,2.739538579522221,135.0,114.0
completely,2.7388983032166405,160.0,143.0
not evidence,2.7364144788973035,77.0,51.0
make you,2.7351326320579417,75.0,49.0
enamel,2.728109345398998,117.0,94.0
can make,2.7275369216896723,152.0,134.0
send money,2.727496194701866,29.0,8.0
selective,2.7231742104866674,33.0,11.0
the smell,2.7231742104866674,33.0,11.0
it's harmless,2.7231742104866674,33.0,11.0
before starting,2.7223497224477526,23.0,4.0
prescribed medication,2.7223497224477526,23.0,4.0
keep your,2.7193840985928626,44.0,20.0
your ear,2.7174978242743744,26.0,6.0
option but,2.7174978242743744,26.0,6.0
it you,2.7091349557907853,45.0,21.0
hydrated,2.7091349557907853,45.0,21.0
not give,2.702401762634111,39.0,16.0
lungs,2.701426741867873,34.0,12.0
guaranteed cure,2.699767632438655,46.0,22.0
you notice,2.6980466452505083,58.0,33.0
before giving,2.6911763685415493,21.0,3.0
may overstate,2.6911763685415493,21.0,3.0
might get,2.6911763685415493,21.0,3.0
relaxing,2.6911763685415493,21.0,3.0
could still,2.6911763685415493,21.0,3.0
but you'll,2.6911763685415493,21.0,3.0
won't be,2.6818384048003723,27.0,7.0
better if,2.6818384048003723,27.0,7.0
first a,2.6818384048003723,27.0,7.0
you'll likely,2.6818384048003723,27.0,7.0
be better,2.6813945351947877,69.0,44.0
follow the,2.6801757866291918,143.0,125.0
a miracle,2.6770815540745168,24.0,5.0
may get,2.6770815540745168,24.0,5.0
save 10,2.6770815540745168,24.0,5.0
you try,2.6770815540745168,24.0,5.0
clarify,2.675610891085779,41.0,18.0
lottery,2.6725653459385668,31.0,10.0
might save,2.6661146527450947,19.0,2.0
could have,2.6661146527450947,19.0,2.0
be faked,2.6661146527450947,19.0,2.0
any weight,2.6661146527450947,19.0,2.0
instead that's,2.6661146527450947,19.0,2.0
is your,2.6639627755181245,42.0,19.0
myth,2.6630873419770724,386.0,431.0
it's a,2.6521020807965536,615.0,739.0
juice,2.6511139594013087,131.0,112.0
test first,2.6500983549416732,28.0,8.0
cucumber,2.6500983549416732,28.0,8.0
moisturiser,2.6500983549416732,28.0,8.0
beyond placebo,2.6491696838000367,32.0,11.0
without medical,2.647631252572489,37.0,15.0
stem,2.647631252572489,37.0,15.0
encourage,2.64587804713194,55.0,31.0
solve,2.643685653405847,44.0,21.0
therapist,2.643685653405847,44.0,21.0
usually from,2.643685653405847,44.0,21.0
brown,2.6423483863877406,80.0,56.0
overdoing,2.6394443596356667,22.0,4.0
copper is,2.6394443596356667,22.0,4.0
verify before,2.6394443596356667,22.0,4.0
your sleep,2.637265388994219,25.0,6.0
not block,2.637265388994219,25.0,6.0
guaranteed returns,2.637265388994219,25.0,6.0
important,2.6340425762815136,355.0,392.0
thyroid,2.632906170549826,38.0,16.0
interact,2.632906170549826,38.0,16.0
not remove,2.6289874042835546,71.0,47.0
still a,2.6280824119452535,33.0,12.0
fix,2.6280258062978166,264.0,275.0
dentist,2.627351030642283,68.0,44.0
may make,2.6269127835171595,46.0,23.0
exercise and,2.6269127835171595,46.0,23.0
the pain,2.6217733626413855,29.0,9.0
based treatments,2.6217733626413855,29.0,9.0
temporarily,2.6079906053898334,192.0,186.0
spending more,2.605954606627841,20.0,3.0
decision but,2.605954606627841,20.0,3.0
enjoy it,2.605954606627841,20.0,3.0
scammers often,2.6021167192793873,26.0,7.0
honey is,2.6018977108833585,50.0,27.0
small or,2.6018977108833585,50.0,27.0
anxiety or,2.596440236805918,30.0,10.0
to affect,2.596440236805918,30.0,10.0
untreated,2.596440236805918,30.0,10.0
be lost,2.596440236805918,30.0,10.0
detoxify the,2.5944161665085037,23.0,5.0
foot pads,2.5944161665085037,23.0,5.0
subtle,2.5944161665085037,23.0,5.0
investing,2.5928832165204754,52.0,29.0
saturated,2.5891131362039,53.0,30.0
continues,2.586395222438268,42.0,20.0
it reduces,2.5857914280764556,54.0,31.0
cells,2.5829071165975375,91.0,69.0
that it,2.5792874422850685,90.0,68.0
to consider,2.5787111751591927,18.0,2.0
but overdoing,2.5787111751591927,18.0,2.0
approach but,2.5787111751591927,18.0,2.0
at minimum,2.5787111751591927,18.0,2.0
reliable a,2.5787111751591927,18.0,2.0
out on,2.5787111751591927,18.0,2.0
let the,2.5773492204515764,43.0,21.0
leave a,2.5737417134338774,31.0,11.0
probably,2.572321191319666,66.0,43.0
antibiotics,2.5719857065209077,65.0,42.0
do it,2.571974567665322,63.0,40.0
for safe,2.57098972263139,27.0,8.0
complications,2.57098972263139,27.0,8.0
improve your,2.57098972263139,27.0,8.0
just ensure,2.57098972263139,27.0,8.0
not rely,2.562302523043604,37.0,16.0
ruin,2.555132173928163,46.0,24.0
staying hydrated,2.5550488198371184,24.0,6.0
won't stop,2.5550488198371184,24.0,6.0
your manual,2.5544170794172425,104.0,84.0
or placebo,2.554235831664981,21.0,4.0
hang up,2.554235831664981,21.0,4.0
use proper,2.554235831664981,21.0,4.0
purify,2.554235831664981,21.0,4.0
treatments like,2.5533743760341627,32.0,12.0
stress management,2.5533743760341627,32.0,12.0
make the,2.552622345309142,82.0,60.0
heart,2.5499613695940555,204.0,203.0
worsens,2.549617576816426,38.0,17.0
be accurate,2.549617576816426,38.0,17.0
your card,2.5491600275867423,47.0,25.0
seek,2.543889026344749,79.0,57.0
physiotherapy,2.543349548046781,28.0,9.0
and consult,2.543349548046781,28.0,9.0
with mild,2.543349548046781,28.0,9.0
avoid,2.5417637170935077,501.0,592.0
foot,2.5395351845242136,109.0,90.0
dose,2.5387582996618003,185.0,180.0
a financial,2.5381586081961545,39.0,18.0
creams,2.5381586081961545,39.0,18.0
personalised,2.5381586081961545,39.0,18.0
miracle,2.5350790397832856,33.0,13.0
help a,2.5350790397832856,33.0,13.0
best to,2.534835096612917,50.0,28.0
may provide,2.531118753554957,51.0,29.0
a dentist,2.527871580520034,52.0,30.0
wearing,2.527815268168369,40.0,19.0
a supplement,2.527815268168369,40.0,19.0
work as,2.5204960540616326,25.0,7.0
verifying,2.5186330692661256,34.0,14.0
frequent,2.5182051412378317,223.0,228.0
chemical reaction,2.5181602429268084,19.0,3.0
wearing a,2.5181602429268084,19.0,3.0
detoxify your,2.5181602429268084,19.0,3.0
that's too,2.5181602429268084,19.0,3.0
remedy not,2.5181602429268084,19.0,3.0
properties but,2.516661469571711,85.0,64.0
call,2.5164051262724954,238.0,247.0
allergies,2.5099987513693,103.0,84.0
other medications,2.5095342059059456,22.0,5.0
200 is,2.5095342059059456,22.0,5.0
the return,2.5095342059059456,22.0,5.0
irritate skin,2.5095342059059456,22.0,5.0
podiatrist,2.5095342059059456,22.0,5.0
very,2.5080612681172614,531.0,635.0
any,2.5077377034287274,728.0,906.0
exercises,2.506105124200976,82.0,61.0
relief but,2.503844211126221,35.0,15.0
neck pain,2.503844211126221,35.0,15.0
guarantee a,2.5025549056818166,43.0,22.0
garlic,2.499430530037265,80.0,59.0
ritual,2.4968178895911826,30.0,11.0
before relying,2.4968178895911826,30.0,11.0
lot,2.4961302386069986,108.0,90.0
juice is,2.490545615642671,36.0,16.0
wax,2.490272804190986,114.0,97.0
scam the,2.490067326889029,26.0,8.0
or energy,2.490067326889029,26.0,8.0
penalties,2.479646200024734,47.0,26.0
no evidence,2.4791511965444575,232.0,241.0
the cancer,2.4785917947979623,37.0,17.0
or prevent,2.4772361574346475,31.0,12.0
no measurable,2.4707109503025633,23.0,6.0
faked,2.4707109503025633,23.0,6.0
the infection,2.4707109503025633,23.0,6.0
may lose,2.4707109503025633,23.0,6.0
could make,2.4707109503025633,23.0,6.0
eat,2.4704476825934663,103.0,85.0
ineffective,2.4678553214844934,38.0,18.0
thing,2.4678553214844934,38.0,18.0
still see,2.4678553214844934,38.0,18.0
your health,2.4665385895562246,20.0,4.0
before using,2.4665385895562246,20.0,4.0
amount may,2.4665385895562246,20.0,4.0
cherry picked,2.4665385895562246,20.0,4.0
arthritis the,2.4665385895562246,20.0,4.0
deficit the,2.4665385895562246,20.0,4.0
in saturated,2.4665385895562246,20.0,4.0
not realistic,2.4659503361600428,51.0,30.0
can guarantee,2.4636734740499735,52.0,31.0
proceed,2.4631952209332963,27.0,9.0
reduce anxiety,2.4631952209332963,27.0,9.0
is helpful,2.4631952209332963,27.0,9.0
necessary and,2.461794126943726,53.0,32.0
vinegar can,2.460019136998614,63.0,42.0
and diet,2.4582241183605342,39.0,19.0
are still,2.45781594491014,60.0,39.0
not in,2.45781594491014,60.0,39.0
soothing,2.4577593524020376,57.0,36.0
mental,2.4561791952374645,81.0,61.0
making,2.4552299462194034,143.0,132.0
bit,2.439410025616317,28.0,10.0
that but,2.439410025616317,28.0,10.0
the extra,2.439410025616317,28.0,10.0
no,2.438065708984967,3499.0,4936.0
you risk,2.4368519471093846,24.0,7.0
or make,2.4368519471093846,24.0,7.0
before buying,2.4350271601617557,42.0,22.0
decision,2.431022407756132,110.0,94.0
a pharmacist,2.4300962890548172,34.0,15.0
socks,2.4289323592499428,43.0,23.0
ingredients the,2.4275628027379677,18.0,3.0
one sensor,2.4275628027379677,18.0,3.0
investment can,2.4275628027379677,18.0,3.0
300 is,2.4275628027379677,18.0,3.0
the scam,2.4275628027379677,18.0,3.0
no credible,2.4267291752513764,85.0,66.0
just to,2.422266964154824,21.0,5.0
advance fee,2.422266964154824,21.0,5.0
closely,2.422266964154824,21.0,5.0
cancelling,2.422266964154824,21.0,5.0
funded,2.42038614223292,70.0,50.0
tooth,2.418812645953636,45.0,25.0
you but,2.4183200295381093,29.0,11.0
turmeric,2.4183200295381093,29.0,11.0
fine as,2.4183200295381093,29.0,11.0
sore,2.4177471810591866,69.0,49.0
not dangerous,2.4175874040273135,35.0,16.0
reliable evidence,2.4175874040273135,35.0,16.0
regular,2.416897048370708,409.0,476.0
actual,2.414909243968968,364.0,416.0
upfront,2.4128599324215956,67.0,47.0
use can,2.4111069015800735,47.0,27.0
grow,2.409968585185984,81.0,62.0
treatments are,2.4072183246677747,25.0,8.0
on them,2.4072183246677747,25.0,8.0
prepared to,2.4072183246677747,25.0,8.0
sunburn,2.4054674031269907,49.0,29.0
nutrients,2.404789495273668,145.0,136.0
yourself,2.404717905278869,140.0,130.0
calories and,2.399596223749871,30.0,12.0
may only,2.399596223749871,30.0,12.0
concerns,2.399375145154023,97.0,80.0
health benefits,2.399291401731455,53.0,33.0
benefits are,2.3990197527856743,58.0,38.0
the research,2.3986481619817357,54.0,34.0
honey,2.3984232116480295,180.0,179.0
electrolyte,2.398282798733098,56.0,36.0
that some,2.3964463022113267,37.0,18.0
costly,2.3964463022113267,37.0,18.0
is still,2.393280453038698,175.0,173.0
cool water,2.3875708675040745,38.0,19.0
they might,2.384099274937324,22.0,6.0
more,2.377178952157714,2536.0,3527.0
overdoing it,2.3761423483168724,19.0,4.0
card details,2.3761423483168724,19.0,4.0
more it,2.3761423483168724,19.0,4.0
skin it,2.3761423483168724,19.0,4.0
oxygen,2.3730664331519855,83.0,65.0
may reduce,2.3728264671286756,140.0,131.0
benefit,2.37235968975874,430.0,507.0
loss or,2.3681756755973273,32.0,14.0
knee,2.3640925161694653,81.0,63.0
brain,2.364051629973398,183.0,184.0
especially if,2.3610322619667508,157.0,152.0
is generally,2.3590882834685827,249.0,268.0
might need,2.358326363594853,27.0,10.0
it just,2.358326363594853,27.0,10.0
better that's,2.358326363594853,27.0,10.0
helps but,2.3580636868434,89.0,72.0
it a,2.356448657658589,43.0,24.0
necessary for,2.3561876446978975,116.0,103.0
work for,2.355325301314971,79.0,61.0
evidence if,2.355039345845562,33.0,15.0
celery juice,2.355039345845562,33.0,15.0
is very,2.3534676204089484,137.0,128.0
been,2.3533029133077203,395.0,461.0
is important,2.3530924252981062,103.0,88.0
aloe,2.3525965434928815,64.0,45.0
confirm,2.352390189150891,173.0,172.0
you'll be,2.351046858228032,23.0,7.0
any effect,2.351046858228032,23.0,7.0
cause chemical,2.351046858228032,23.0,7.0
promises,2.3488976125879577,45.0,26.0
burning,2.346060067498646,61.0,42.0
unnecessarily,2.343517189999855,47.0,28.0
for weight,2.3433767656652913,34.0,16.0
help reduce,2.341540942105001,48.0,29.0
pay,2.3402785854255055,225.0,238.0
unsure,2.33999470084131,49.0,30.0
feels,2.338847874421966,50.0,31.0
label is,2.338362815616784,107.0,93.0
electrolyte imbalance,2.338163554360373,28.0,11.0
heart health,2.338163554360373,28.0,11.0
warmth,2.338163554360373,28.0,11.0
you choose,2.338163554360373,28.0,11.0
have some,2.338072569620918,51.0,32.0
is better,2.3378286212767625,191.0,195.0
to,2.3366973972464087,7428.0,10832.0
manual you,2.333897096496096,17.0,3.0
with it,2.333897096496096,17.0,3.0
you money,2.333897096496096,17.0,3.0
just check,2.333897096496096,17.0,3.0
health professional,2.333897096496096,17.0,3.0
costs 10,2.333897096496096,17.0,3.0
might see,2.333897096496096,17.0,3.0
medication are,2.333897096496096,17.0,3.0
a mental,2.333897096496096,17.0,3.0
rapid weight,2.333897096496096,17.0,3.0
calm,2.3330367609184726,35.0,17.0
it safe,2.3324247577647466,20.0,5.0
your doctor's,2.3324247577647466,20.0,5.0
money the,2.3324247577647466,20.0,5.0
not get,2.3324247577647466,20.0,5.0
shoes,2.3305133984553974,73.0,55.0
check independent,2.3238878046717613,36.0,18.0
comfort but,2.3238878046717613,36.0,18.0
won't fix,2.3238878046717613,36.0,18.0
has many,2.3238878046717613,36.0,18.0
cause severe,2.3223187033639903,24.0,8.0
would check,2.3223187033639903,24.0,8.0
personal choice,2.3223187033639903,24.0,8.0
mistaken,2.3223187033639903,24.0,8.0
stones,2.320377467977349,29.0,12.0
will still,2.320377467977349,29.0,12.0
back pain,2.3169983070161284,121.0,110.0
people find,2.315814930469406,37.0,19.0
safe and,2.3070779140027926,95.0,80.0
is from,2.3053086375125083,66.0,48.0
not make,2.3053086375125083,66.0,48.0
it for,2.304700625120913,87.0,71.0
same as,2.304700625120913,87.0,71.0
uncomfortable,2.304680349588772,30.0,13.0
professional treatment,2.304680349588772,30.0,13.0
clean,2.3034353008942987,237.0,255.0
helpful but,2.302505668080604,39.0,21.0
concerned about,2.302505668080604,39.0,21.0
choice for,2.302505668080604,39.0,21.0
getting a,2.297276031554877,25.0,9.0
movement is,2.297276031554877,25.0,9.0
confirm that,2.297276031554877,25.0,9.0
may feel,2.2971015802782455,40.0,22.0
a sore,2.2971015802782455,40.0,22.0
harm the,2.2971015802782455,40.0,22.0
hang,2.2950435703143217,21.0,6.0
safe that's,2.2950435703143217,21.0,6.0
doctor about,2.2950435703143217,21.0,6.0
residue is,2.2950435703143217,21.0,6.0
a difference,2.2950435703143217,21.0,6.0
it's generally,2.2924350255637473,41.0,23.0
if symptoms,2.29082849596391,31.0,14.0
likely a,2.2907703180473127,61.0,43.0
follow,2.2896302358651517,328.0,375.0
options,2.2889112677921446,122.0,112.0
immediately,2.2879297440786206,127.0,118.0
part,2.286567965336004,224.0,239.0
the soil,2.2862472669173184,74.0,57.0
that the,2.284423759121813,213.0,225.0
can provide,2.2836617902822653,83.0,67.0
that grounding,2.2828074327448578,18.0,4.0
insomnia or,2.2828074327448578,18.0,4.0
the detox,2.2828074327448578,18.0,4.0
consider consulting,2.2828074327448578,18.0,4.0
your body's,2.2828074327448578,18.0,4.0
typically costs,2.2828074327448578,18.0,4.0
doctor the,2.2828074327448578,18.0,4.0
evidence they,2.282269668964466,44.0,26.0
mostly from,2.282269668964466,44.0,26.0
most people,2.281599035341611,254.0,278.0
it yourself,2.2799921066966773,45.0,27.0
interact with,2.2786141731450757,32.0,15.0
your vet,2.277553057550468,72.0,55.0
fabricated,2.2753981517193846,26.0,10.0
doesn't support,2.275325003098399,51.0,33.0
the risk,2.2740433393782866,266.0,294.0
proven treatment,2.2678592365209207,33.0,16.0
lot of,2.2678592365209207,33.0,16.0
advise against,2.263372384553952,164.0,164.0
often needs,2.2629282755135036,22.0,7.0
copying,2.2629282755135036,22.0,7.0
treatments include,2.2629282755135036,22.0,7.0
and stop,2.2629282755135036,22.0,7.0
regular water,2.2629282755135036,22.0,7.0
to be,2.2607157097478487,234.0,253.0
cause problems,2.258410054674736,34.0,17.0
or reduce,2.2562567808300567,27.0,11.0
might have,2.2562567808300567,27.0,11.0
not prevent,2.253367112742392,66.0,49.0
can have,2.248635254708236,131.0,124.0
needs,2.247332353791882,306.0,348.0
taking,2.2426334976559112,115.0,105.0
retinoids and,2.2397932824604925,19.0,5.0
realistic expectations,2.2397932824604925,19.0,5.0
fat the,2.2397932824604925,19.0,5.0
effective that's,2.2397932824604925,19.0,5.0
i recommend,2.2397932824604925,19.0,5.0
any money,2.2397932824604925,19.0,5.0
a gentle,2.239496622612053,28.0,12.0
step but,2.239496622612053,28.0,12.0
real,2.2378904419646353,486.0,592.0
saturated fat,2.2366482635240956,37.0,20.0
it would,2.2366482635240956,37.0,20.0
better choice,2.2352317659314465,23.0,8.0
but any,2.2352317659314465,23.0,8.0
coincidence,2.2352317659314465,23.0,8.0
waste of,2.2352317659314465,23.0,8.0
sleep or,2.2352317659314465,23.0,8.0
they aren't,2.2352317659314465,23.0,8.0
contain laxatives,2.2352317659314465,23.0,8.0
oil can,2.2284247835406794,81.0,66.0
amounts,2.2253603500456705,186.0,193.0
not effective,2.2195012294658576,41.0,24.0
the roots,2.216861025999081,42.0,25.0
progress,2.216205045130852,53.0,36.0
doing,2.2150489864606175,69.0,53.0
things,2.2150489864606175,69.0,53.0
instantly,2.214771171086111,43.0,26.0
check the,2.213228307251184,775.0,997.0
more that's,2.2119782874564575,30.0,14.0
erase,2.2113812141771425,46.0,29.0
destroy,2.2113812141771425,46.0,29.0
sore throat,2.2113812141771425,46.0,29.0
fat or,2.211276529636162,24.0,9.0
it more,2.211276529636162,24.0,9.0
it out,2.2111673085723798,48.0,31.0
before you,2.2111673085723798,48.0,31.0
proven cure,2.211090415890774,47.0,30.0
won't change,2.203353040393995,20.0,6.0
independent shops,2.203353040393995,20.0,6.0
just use,2.203353040393995,20.0,6.0
cause side,2.203353040393995,20.0,6.0
a phishing,2.203353040393995,20.0,6.0
honey can,2.2007574421487663,31.0,15.0
takes,2.1990267959328955,97.0,85.0
they don't,2.1946705494310317,207.0,221.0
digestive,2.1935579638183826,64.0,48.0
the active,2.1909767197317107,32.0,16.0
prepare,2.1909767197317107,32.0,16.0
loss is,2.1909332185417263,74.0,59.0
doesn't affect,2.1905149823826773,25.0,10.0
than you,2.1905149823826773,25.0,10.0
guarantee it,2.1905149823826773,25.0,10.0
up with,2.1905149823826773,25.0,10.0
cancer claim,2.1905149823826773,25.0,10.0
part of,2.186603947101453,112.0,103.0
cleaner,2.1862930885885707,101.0,90.0
speaking with,2.1862589768657408,17.0,4.0
changes that's,2.1862589768657408,17.0,4.0
bracing,2.1862589768657408,17.0,4.0
takes longer,2.1862589768657408,17.0,4.0
or pain,2.1862589768657408,17.0,4.0
safe you,2.1862589768657408,17.0,4.0
ruin the,2.1862589768657408,17.0,4.0
likely be,2.1862589768657408,17.0,4.0
vet before,2.1862589768657408,17.0,4.0
detoxifies,2.1824803927588725,33.0,17.0
the studies,2.1824803927588725,33.0,17.0
they're,2.181742237702948,144.0,142.0
your engine,2.175133961433813,34.0,18.0
use them,2.175133961433813,34.0,18.0
isn't always,2.175133961433813,34.0,18.0
habit,2.174605616796431,59.0,43.0
palpitations,2.17250011441008,26.0,11.0
taking a,2.17250011441008,26.0,11.0
all day,2.17250011441008,26.0,11.0
well and,2.17250011441008,26.0,11.0
wasting,2.1723264703917686,21.0,7.0
recommended interval,2.1723264703917686,21.0,7.0
a cool,2.1723264703917686,21.0,7.0
a good,2.1693174143163088,508.0,627.0
flush,2.1658918134416103,109.0,100.0
meant,2.163438625529113,36.0,20.0
sleep,2.1598578694217303,930.0,1222.0
daily use,2.158898604208061,37.0,21.0
as you,2.158898604208061,37.0,21.0
fix the,2.1565958465128956,53.0,37.0
be part,2.1551220537923617,38.0,22.0
lemon juice,2.1542467344018896,52.0,36.0
persist,2.1521209361001588,51.0,35.0
the health,2.152039589548197,39.0,23.0
good choice,2.1495896893884607,40.0,24.0
small amount,2.1494610694500143,75.0,61.0
wrist,2.1486072725242304,49.0,33.0
weight gain,2.147257372861618,48.0,32.0
common scam,2.146374497881789,42.0,26.0
to your,2.1458363236051397,193.0,205.0
a special,2.1458063539465866,22.0,8.0
a pediatrician,2.1458063539465866,22.0,8.0
fine that's,2.1458063539465866,22.0,8.0
can harm,2.1454802724694146,46.0,30.0
usually safe,2.144129145239809,18.0,5.0
risky the,2.144129145239809,18.0,5.0
a dark,2.144129145239809,18.0,5.0
liver damage,2.144129145239809,18.0,5.0
much safer,2.144129145239809,18.0,5.0
is serious,2.144129145239809,18.0,5.0
symptoms,2.1439813228468894,290.0,332.0
prevent all,2.143299289416724,28.0,13.0
doesn't prevent,2.143299289416724,28.0,13.0
shorten,2.141526860658438,64.0,49.0
smell,2.139568065917605,81.0,68.0
sleep apnea,2.1315506975724663,29.0,14.0
it will,2.129552103996495,109.0,101.0
mistake,2.123074599260164,23.0,9.0
use that,2.123074599260164,23.0,9.0
and call,2.123074599260164,23.0,9.0
reacting,2.121401320529447,30.0,15.0
strong,2.1170874565932043,527.0,657.0
cures,2.115293508972304,107.0,99.0
lost,2.1149697464080877,84.0,72.0
and cause,2.11356977103944,96.0,86.0
but your,2.1118184878434447,57.0,42.0
redness or,2.1088128688690735,19.0,6.0
investors,2.1088128688690735,19.0,6.0
better it's,2.1088128688690735,19.0,6.0
to harm,2.1088128688690735,19.0,6.0
wise for,2.1088128688690735,19.0,6.0
that rule,2.1088128688690735,19.0,6.0
health claims,2.1088128688690735,19.0,6.0
necessary you,2.1088128688690735,19.0,6.0
as well,2.1080523681424888,56.0,41.0
two weeks,2.1080523681424888,56.0,41.0
start,2.107287018217796,205.0,222.0
moisturizer,2.1051908604402825,32.0,17.0
panic,2.1051908604402825,32.0,17.0
loss from,2.103556092633062,24.0,10.0
also cause,2.103556092633062,24.0,10.0
accurate the,2.103556092633062,24.0,10.0
and isn't,2.103556092633062,24.0,10.0
restrictive,2.103556092633062,24.0,10.0
care,2.099807554326333,310.0,361.0
are mostly,2.098837036193473,33.0,18.0
skip,2.0976703742329823,53.0,38.0
sleep the,2.093488591727147,34.0,19.0
has some,2.0927596955677346,93.0,83.0
there,2.0926108049781225,1137.0,1526.0
unsafe,2.0911176203087574,73.0,60.0
peptides,2.0890437268200666,35.0,20.0
microwaved,2.086785126728562,25.0,11.0
way that,2.086785126728562,25.0,11.0
blood ph,2.0864214332862536,49.0,34.0
ceramides,2.0861796231318603,16.0,4.0
call it,2.0861796231318603,16.0,4.0
doesn't equal,2.0861796231318603,16.0,4.0
for evaluation,2.0861796231318603,16.0,4.0
detoxifies the,2.0861796231318603,16.0,4.0
see an,2.0861796231318603,16.0,4.0
does help,2.0861796231318603,16.0,4.0
still good,2.0861796231318603,16.0,4.0
deficit and,2.0861796231318603,16.0,4.0
push wax,2.0861796231318603,16.0,4.0
physiotherapist for,2.0861796231318603,16.0,4.0
salespeople,2.0861796231318603,16.0,4.0
remove all,2.0854135232682065,36.0,21.0
to get,2.084904568955783,63.0,49.0
day is,2.084904568955783,63.0,49.0
happen,2.084904568955783,63.0,49.0
ready,2.0825199730958386,37.0,22.0
belly fat,2.0802943585510256,38.0,23.0
still matter,2.079051821174888,20.0,7.0
not call,2.079051821174888,20.0,7.0
habit but,2.079051821174888,20.0,7.0
a detox,2.079051821174888,20.0,7.0
day can,2.079051821174888,20.0,7.0
are too,2.079051821174888,20.0,7.0
or medication,2.079051821174888,20.0,7.0
patch test,2.079051821174888,20.0,7.0
keep the,2.0789707538299234,85.0,74.0
too long,2.0776107059099793,40.0,25.0
often better,2.0776107059099793,40.0,25.0
usually better,2.0776107059099793,40.0,25.0
you get,2.0776107059099793,40.0,25.0
the plant,2.0772792274031824,43.0,28.0
nail,2.0769530344731524,42.0,27.0
not every,2.0762994578095317,78.0,66.0
with no,2.0761742492601662,138.0,138.0
clarity,2.0750009752957763,61.0,47.0
carbs,2.072380721052747,26.0,12.0
water loss,2.072380721052747,26.0,12.0
it as,2.0679324789495483,145.0,147.0
claims,2.067267693054773,469.0,580.0
everyone,2.0628966551375094,156.0,161.0
better evidence,2.0600282666477843,27.0,13.0
toothpaste can,2.0600282666477843,27.0,13.0
a chemical,2.0600282666477843,27.0,13.0
fix it,2.0600282666477843,27.0,13.0
chemical burns,2.0600282666477843,27.0,13.0
still use,2.0600282666477843,27.0,13.0
let,2.059183246256217,123.0,120.0
eliminate,2.0566731601374513,104.0,97.0
may just,2.0538747532384978,21.0,8.0
remember that,2.0538747532384978,21.0,8.0
salt water,2.051873079766321,56.0,42.0
chronic pain,2.049465711852694,28.0,14.0
skin but,2.049465711852694,28.0,14.0
other causes,2.049465711852694,28.0,14.0
harmful if,2.045154343118389,17.0,5.0
scam you,2.045154343118389,17.0,5.0
already detoxify,2.045154343118389,17.0,5.0
not clear,2.045154343118389,17.0,5.0
take it,2.045154343118389,17.0,5.0
good option,2.045154343118389,17.0,5.0
you experience,2.045154343118389,17.0,5.0
first it's,2.045154343118389,17.0,5.0
one a,2.045154343118389,17.0,5.0
fatigue,2.041827794697956,102.0,95.0
doing it,2.040473045012236,29.0,15.0
bones,2.040473045012236,29.0,15.0
necessary the,2.040473045012236,29.0,15.0
absorb,2.038425168150301,79.0,68.0
an,2.0375605467650955,1735.0,2403.0
have health,2.032521463003517,22.0,9.0
water it,2.032521463003517,22.0,9.0
money or,2.032521463003517,22.0,9.0
damage the,2.0280843670277724,95.0,87.0
no guarantee,2.0264807515435797,31.0,17.0
evidence the,2.02500858936345,49.0,35.0
some but,2.02500858936345,49.0,35.0
fail,2.021599198332556,109.0,104.0
if unsure,2.0211869835421625,32.0,18.0
could check,2.0211869835421625,32.0,18.0
tightly,2.018990156003618,47.0,33.0
manage,2.016742057832756,88.0,79.0
water has,2.0143890473874557,23.0,10.0
not permanently,2.0143890473874557,23.0,10.0
manual's interval,2.0143890473874557,23.0,10.0
investments,2.0143890473874557,23.0,10.0
that advice,2.0139409495138074,45.0,31.0
physical therapy,2.0139409495138074,45.0,31.0
interfere with,2.0139409495138074,45.0,31.0
the burn,2.0134163635533286,34.0,20.0
not show,2.0134163635533286,34.0,20.0
might feel,2.011180026328661,18.0,6.0
anti aging,2.011180026328661,18.0,6.0
for no,2.011180026328661,18.0,6.0
the money,2.011180026328661,18.0,6.0
keep them,2.011180026328661,18.0,6.0
relax,2.011180026328661,18.0,6.0
could help,2.011180026328661,18.0,6.0
overpriced,2.011180026328661,18.0,6.0
solve the,2.011180026328661,18.0,6.0
these products,2.011180026328661,18.0,6.0
the colour,2.011180026328661,18.0,6.0
and medications,2.011180026328661,18.0,6.0
oil,2.0110424956097916,820.0,1079.0
compresses,2.0100311259850328,43.0,29.0
not guarantee,2.0100311259850328,43.0,29.0
hydration and,2.0100311259850328,43.0,29.0
wash,2.0094654263161953,87.0,78.0
not kill,2.00856660804902,42.0,28.0
and won't,2.00856660804902,42.0,28.0
at least,2.008268644603506,208.0,230.0
it that's,2.007468091275811,37.0,23.0
can fail,2.007468091275811,37.0,23.0
cloth,2.007468091275811,37.0,23.0
for real,2.006725029967614,38.0,24.0
or cause,2.006725029967614,38.0,24.0
good for,2.006725029967614,38.0,24.0
belly,2.0065078112309127,39.0,25.0
sensor can,1.9989934975642876,24.0,11.0
by strong,1.9989934975642876,24.0,11.0
many such,1.9989934975642876,24.0,11.0
a traditional,1.9989934975642876,24.0,11.0
way,1.9968570818968028,280.0,326.0
slightly but,1.9962862577406302,56.0,43.0
wait,1.9948688196658257,85.0,76.0
for some,1.9947723414981853,259.0,298.0
sleep and,1.9909008301426188,90.0,82.0
a fresh,1.9859418944824887,25.0,12.0
may damage,1.9828916032938126,19.0,7.0
it feels,1.9828916032938126,19.0,7.0
risky if,1.9828916032938126,19.0,7.0
phrase,1.9761770430607817,62.0,50.0
causes,1.975944062771945,300.0,354.0
irritate the,1.9684864377822235,50.0,37.0
bottle,1.9684864377822235,50.0,37.0
water can,1.9662037189933383,92.0,85.0
a helpful,1.9656370774533463,27.0,14.0
disrupt sleep,1.9656370774533463,27.0,14.0
that's incorrect,1.9592502128093756,20.0,8.0
protect you,1.9592502128093756,20.0,8.0
make things,1.9592502128093756,20.0,8.0
could try,1.9592502128093756,20.0,8.0
precautions,1.9592502128093756,20.0,8.0
homes have,1.9592502128093756,20.0,8.0
such a,1.9592502128093756,20.0,8.0
results,1.9590317159903863,435.0,540.0
gold,1.9581396524879402,80.0,71.0
eardrum,1.9578944434816483,28.0,15.0
microwaving is,1.9578944434816483,28.0,15.0
fluids and,1.9578944434816483,28.0,15.0
and watch,1.9578944434816483,28.0,15.0
leaving it,1.9578944434816483,28.0,15.0
causes and,1.9578944434816483,28.0,15.0
improve sleep,1.956614404503861,47.0,34.0
protect,1.953399119705024,118.0,117.0
aloe vera,1.9530448174634907,46.0,33.0
vera,1.9530448174634907,46.0,33.0
eye,1.9525625071855204,256.0,296.0
learn,1.9519267530350566,73.0,63.0
it if,1.9519267530350566,73.0,63.0
understand the,1.9514967471168772,29.0,16.0
the way,1.9514967471168772,29.0,16.0
reflux,1.9496969356552993,45.0,32.0
predict,1.9496969356552993,45.0,32.0
important but,1.9465900020348381,44.0,31.0
ionising,1.9462852333634286,30.0,17.0
incorrect,1.9446520430998362,65.0,54.0
its own,1.9446520430998362,65.0,54.0
and make,1.9437452604056653,43.0,30.0
eggs,1.9433614019560008,78.0,69.0
a cautious,1.9425493795275575,16.0,5.0
science is,1.9425493795275575,16.0,5.0
overstate the,1.9425493795275575,16.0,5.0
it too,1.9425493795275575,16.0,5.0
good sleep,1.9425493795275575,16.0,5.0
savings may,1.9425493795275575,16.0,5.0
mean it's,1.9425493795275575,16.0,5.0
be much,1.9425493795275575,16.0,5.0
can absorb,1.942124494176669,31.0,18.0
not permanent,1.942124494176669,31.0,18.0
absorb some,1.942124494176669,31.0,18.0
the offer,1.942124494176669,31.0,18.0
unnecessary and,1.941279797806427,56.0,44.0
it's best,1.9411862168220146,42.0,29.0
skin and,1.9411862168220146,42.0,29.0
risky and,1.9394525475791775,21.0,9.0
opportunities,1.9394525475791775,21.0,9.0
won't make,1.9394525475791775,21.0,9.0
overly cautious,1.9394525475791775,21.0,9.0
need an,1.9388983349540283,32.0,19.0
effort,1.9370324296403878,40.0,27.0
sending,1.9365064899675788,33.0,20.0
sleep hygiene,1.9354990001789023,39.0,26.0
is actually,1.9343747962556168,38.0,25.0
water with,1.9337003510847113,37.0,24.0
call a,1.933521269139778,36.0,23.0
to stop,1.933521269139778,36.0,23.0
plants,1.9315442951605868,188.0,207.0
replace,1.9281221378363578,273.0,320.0
may improve,1.925028746305095,62.0,51.0
someone,1.925028746305095,62.0,51.0
be due,1.9248484222440514,53.0,41.0
a day,1.923333046784807,110.0,108.0
don't remove,1.9228682110885962,22.0,10.0
exaggerate,1.9228682110885962,22.0,10.0
throw,1.9228682110885962,22.0,10.0
your case,1.9228682110885962,22.0,10.0
towels,1.9228682110885962,22.0,10.0
better than,1.920665079644128,156.0,166.0
disrupt,1.919566597141906,52.0,40.0
colds,1.9109256762295999,90.0,84.0
reliably,1.9109256762295999,90.0,84.0
diet the,1.9101781332173517,17.0,6.0
the coating,1.9101781332173517,17.0,6.0
toxins in,1.9101781332173517,17.0,6.0
life left,1.9101781332173517,17.0,6.0
it use,1.9101781332173517,17.0,6.0
can interact,1.9101781332173517,17.0,6.0
don't always,1.9089957973537364,23.0,11.0
reading the,1.9089957973537364,23.0,11.0
mention it,1.9089957973537364,23.0,11.0
lifestyle changes,1.9089957973537364,23.0,11.0
cherry,1.9089957973537364,23.0,11.0
that's outdated,1.9089957973537364,23.0,11.0
be okay,1.9089957973537364,23.0,11.0
residue,1.9028981305782897,124.0,126.0
be unsafe,1.897431601293925,24.0,12.0
scent,1.897431601293925,24.0,12.0
a complete,1.8950334577972072,47.0,35.0
can sometimes,1.8949326210828257,88.0,82.0
improvement,1.8886670358017315,159.0,171.0
overall,1.8885074953912537,211.0,239.0
could ask,1.8878469694776012,25.0,13.0
may leave,1.8878469694776012,25.0,13.0
brain training,1.8878469694776012,25.0,13.0
seem,1.8878469694776012,25.0,13.0
fine you,1.8878469694776012,25.0,13.0
basis for,1.8878469694776012,25.0,13.0
are likely,1.8878469694776012,25.0,13.0
coconut oil,1.8868419140835617,56.0,45.0
stress,1.8866929474854097,287.0,341.0
not all,1.8864330900270472,232.0,267.0
detoxification,1.8863136137427206,45.0,33.0
comfortable,1.8838693144224692,70.0,61.0
remove earwax,1.8836061157020743,18.0,7.0
idea but,1.8836061157020743,18.0,7.0
to take,1.8836061157020743,18.0,7.0
doesn't reliably,1.8836061157020743,18.0,7.0
cause water,1.8836061157020743,18.0,7.0
loss a,1.8836061157020743,18.0,7.0
is great,1.8836061157020743,18.0,7.0
current research,1.8836061157020743,18.0,7.0
amount,1.881734400666273,275.0,325.0
gentler,1.8799716535904982,26.0,14.0
not required,1.874066175583464,104.0,102.0
tightly regulates,1.8735813995388289,27.0,15.0
but an,1.8735813995388289,27.0,15.0
proven benefit,1.8735813995388289,27.0,15.0
memory,1.869154940131756,180.0,199.0
it with,1.8689339834090444,68.0,59.0
to say,1.8683671406579416,40.0,28.0
is risky,1.8673793171525719,61.0,51.0
deeper,1.8656145270916549,39.0,27.0
are better,1.8653095106423625,131.0,136.0
create,1.8653095106423625,131.0,136.0
going,1.8645349749737008,29.0,17.0
not everyone,1.8645349749737008,29.0,17.0
safe choice,1.8645349749737008,29.0,17.0
evidence based,1.864320026397148,217.0,248.0
be very,1.8625524275338714,52.0,41.0
keep it,1.8625524275338714,52.0,41.0
gets,1.8625524275338714,52.0,41.0
clog,1.8625524275338714,52.0,41.0
temporarily but,1.8625524275338714,52.0,41.0
fiber and,1.8617239898459632,19.0,8.0
not toxic,1.8617239898459632,19.0,8.0
physical therapist,1.8617239898459632,19.0,8.0
worried,1.8617239898459632,19.0,8.0
or doctor,1.8617239898459632,19.0,8.0
affect sleep,1.8617239898459632,19.0,8.0
you in,1.8617239898459632,19.0,8.0
necessary but,1.8617239898459632,19.0,8.0
may differ,1.8615863169869236,30.0,18.0
apnea,1.8615863169869236,30.0,18.0
speaking,1.861462724462962,67.0,58.0
5g,1.860434329183848,60.0,50.0
have to,1.8595632416368564,36.0,24.0
activated charcoal,1.8584122056388515,35.0,23.0
imbalance,1.8582609930813674,32.0,20.0
weak and,1.8577724412896304,34.0,22.0
therapy and,1.8577724412896304,34.0,22.0
hair loss,1.8577005181362989,33.0,21.0
treatment for,1.8566797106617905,51.0,40.0
but evidence,1.8452687710947313,71.0,63.0
topical,1.845227350471719,49.0,38.0
upfront fees,1.8436852028732602,20.0,9.0
steal,1.8436852028732602,20.0,9.0
benefit over,1.8436852028732602,20.0,9.0
are what,1.8436852028732602,20.0,9.0
much can,1.8436852028732602,20.0,9.0
is expensive,1.8436852028732602,20.0,9.0
a pillow,1.8436852028732602,20.0,9.0
not fix,1.8436852028732602,20.0,9.0
drops or,1.8436852028732602,20.0,9.0
electrolyte imbalances,1.8436852028732602,20.0,9.0
return,1.843603734405648,150.0,161.0
have many,1.8397762104675786,57.0,47.0
they help,1.8359445996470476,15.0,5.0
your skills,1.8359445996470476,15.0,5.0
guarantee you,1.8359445996470476,15.0,5.0
around for,1.8359445996470476,15.0,5.0
no active,1.8359445996470476,15.0,5.0
could damage,1.8359445996470476,15.0,5.0
it away,1.8359445996470476,15.0,5.0
factors affect,1.8359445996470476,15.0,5.0
be fatal,1.8359445996470476,15.0,5.0
a nice,1.8359445996470476,15.0,5.0
may delay,1.8359445996470476,15.0,5.0
weak,1.8339849550478338,225.0,260.0
the phone,1.8318973226764415,90.0,86.0
green,1.8315864201167567,63.0,54.0
diluted,1.8289246515170219,46.0,35.0
loss not,1.8288329666992706,21.0,10.0
diet but,1.8288329666992706,21.0,10.0
helps if,1.8288329666992706,21.0,10.0
tunnel,1.8288329666992706,21.0,10.0
may soothe,1.8288329666992706,21.0,10.0
be good,1.8288329666992706,21.0,10.0
the throat,1.8288329666992706,21.0,10.0
the texture,1.8288329666992706,21.0,10.0
backup is,1.8288329666992706,21.0,10.0
option,1.8275039408690235,111.0,112.0
provider,1.8275039408690235,111.0,112.0
doses,1.8233246893280899,151.0,163.0
help you,1.8233246893280899,151.0,163.0
microwaving,1.8210293560638622,102.0,101.0
trick,1.8187744586373826,44.0,33.0
mask,1.8187744586373826,44.0,33.0
can add,1.8166770487412862,61.0,52.0
be overkill,1.8166500812713995,22.0,11.0
you haven't,1.8166500812713995,22.0,11.0
are modest,1.8139566705983539,43.0,32.0
heart disease,1.8139566705983539,43.0,32.0
one is,1.8127883571986876,53.0,43.0
an hour,1.8093324982786847,42.0,31.0
often contain,1.8067237917447687,23.0,12.0
also important,1.8067237917447687,23.0,12.0
to adjust,1.8067237917447687,23.0,12.0
zinc,1.805975431482221,66.0,58.0
may find,1.8054911157490927,16.0,6.0
don't cure,1.8054911157490927,16.0,6.0
dermatologist can,1.8054911157490927,16.0,6.0
amounts but,1.8054911157490927,16.0,6.0
dangerous if,1.8054911157490927,16.0,6.0
pair,1.8054911157490927,16.0,6.0
doses of,1.8054911157490927,16.0,6.0
body already,1.8054911157490927,16.0,6.0
won't necessarily,1.8054911157490927,16.0,6.0
vet if,1.8054911157490927,16.0,6.0
pressure sales,1.8054911157490927,16.0,6.0
healthier,1.8049207641159004,41.0,30.0
leach,1.8018084245422563,59.0,50.0
exercise,1.8016962482968777,275.0,329.0
to work,1.8007423984126933,40.0,29.0
may lead,1.7987207206109064,24.0,13.0
doesn't change,1.7987207206109064,24.0,13.0
as directed,1.7987207206109064,24.0,13.0
really,1.7987207206109064,24.0,13.0
mean the,1.796820734022538,39.0,28.0
some antimicrobial,1.796820734022538,39.0,28.0
many factors,1.796503626118913,76.0,70.0
she,1.7931349277078652,50.0,40.0
to follow,1.7923686778142802,25.0,14.0
ions,1.7923686778142802,25.0,14.0
even without,1.7923686778142802,25.0,14.0
not replace,1.7923686778142802,25.0,14.0
get enough,1.7923686778142802,25.0,14.0
complete,1.7915678628687681,126.0,132.0
paediatrician,1.7874432512882397,26.0,15.0
cool compresses,1.7874432512882397,26.0,15.0
ways,1.7868730067097216,36.0,25.0
and support,1.784272987969336,35.0,24.0
body tightly,1.783757776740608,27.0,16.0
safe in,1.783757776740608,27.0,16.0
a waste,1.783757776740608,27.0,16.0
be fixed,1.783757776740608,27.0,16.0
necessary if,1.783757776740608,27.0,16.0
cause permanent,1.7820968907794061,34.0,23.0
not completely,1.7820968907794061,34.0,23.0
sticky,1.7811557342185154,28.0,17.0
not provide,1.7811557342185154,28.0,17.0
cream can,1.7809239748664276,17.0,7.0
teas often,1.7809239748664276,17.0,7.0
that's false,1.7809239748664276,17.0,7.0
without your,1.7809239748664276,17.0,7.0
some items,1.7809239748664276,17.0,7.0
your eyes,1.7809239748664276,17.0,7.0
therapy or,1.7809239748664276,17.0,7.0
flavour,1.7803923805737838,33.0,22.0
mattress,1.7796761438776907,74.0,68.0
the cause,1.7796761438776907,74.0,68.0
weeks to,1.7795049131530456,29.0,18.0
help more,1.7795049131530456,29.0,18.0
not use,1.7786928837456106,30.0,19.0
scientific basis,1.7786234455023355,31.0,20.0
is sufficient,1.7755049855196599,105.0,106.0
make a,1.7743583975982182,62.0,54.0
remover,1.772276439217346,55.0,46.0
rinse,1.771942842496702,83.0,79.0
back,1.7717262803271485,290.0,351.0
coconut,1.7664385040187316,61.0,53.0
immunity,1.7620414112480418,45.0,35.0
skin the,1.7610618103252507,18.0,8.0
dietary changes,1.7610618103252507,18.0,8.0
warm salt,1.7610618103252507,18.0,8.0
acne treatment,1.7610618103252507,18.0,8.0
screenshots can,1.7610618103252507,18.0,8.0
ruined,1.7610618103252507,18.0,8.0
still matters,1.7610618103252507,18.0,8.0
the upper,1.7610618103252507,18.0,8.0
that isn't,1.7610618103252507,18.0,8.0
be abrasive,1.7610618103252507,18.0,8.0
the supplement,1.7610618103252507,18.0,8.0
radiation is,1.7610618103252507,18.0,8.0
safe to,1.7561541563757446,44.0,34.0
and not,1.7508727530936252,268.0,322.0
much longer,1.750404349218979,43.0,33.0
though the,1.750404349218979,43.0,33.0
growth,1.7490588909108253,265.0,318.0
toothpaste,1.7461287610225948,128.0,136.0
a very,1.7456591828669468,80.0,76.0
spot,1.7456591828669468,80.0,76.0
can leave,1.745652577892815,70.0,64.0
risk that's,1.7450160035231483,19.0,9.0
needed that's,1.7450160035231483,19.0,9.0
hepa filter,1.7450160035231483,19.0,9.0
reapply,1.7450160035231483,19.0,9.0
time if,1.7450160035231483,19.0,9.0
don't assume,1.7450160035231483,19.0,9.0
things worse,1.7450160035231483,19.0,9.0
not apply,1.7450160035231483,19.0,9.0
speed up,1.7450160035231483,19.0,9.0
you decide,1.7450160035231483,19.0,9.0
for depression,1.7450160035231483,19.0,9.0
you've,1.744806045530447,42.0,32.0
kill,1.7444838684922457,155.0,171.0
the problem,1.743197800388664,51.0,42.0
be the,1.7426660571116317,58.0,50.0
teeth,1.7417340098761684,64.0,57.0
review the,1.7360310964128123,50.0,41.0
relying,1.7359395145568437,88.0,86.0
cure the,1.734128118337174,40.0,30.0
mild soap,1.7321056315707488,20.0,10.0
placebo for,1.7321056315707488,20.0,10.0
putting,1.729085217422326,39.0,29.0
chance,1.7289162496558006,49.0,40.0
enough for,1.7268264610861541,56.0,48.0
just a,1.7268264610861541,56.0,48.0
belief,1.7268264610861541,56.0,48.0
concept,1.7250323479675558,62.0,55.0
cause temporary,1.7242677960612243,38.0,28.0
ion,1.7236654129101794,199.0,230.0
the video,1.7218002598149769,21.0,11.0
and seek,1.7218002598149769,21.0,11.0
picked,1.7218002598149769,21.0,11.0
guarantees,1.7189160720851002,55.0,47.0
vitamin c,1.7183801032321762,114.0,119.0
simple,1.7144147494379145,224.0,264.0
can support,1.7136805932420238,22.0,12.0
well for,1.7136805932420238,22.0,12.0
enamel over,1.7136805932420238,22.0,12.0
still cause,1.7136805932420238,22.0,12.0
safe by,1.7136805932420238,22.0,12.0
by current,1.7136805932420238,22.0,12.0
your battery,1.7136805932420238,22.0,12.0
your entire,1.7136805932420238,22.0,12.0
it without,1.7136805932420238,22.0,12.0
radiation,1.7123172918858462,117.0,123.0
want a,1.7114267395651355,35.0,25.0
to pay,1.7110154939055624,54.0,46.0
system can,1.7074108414213238,23.0,13.0
a hepa,1.7074108414213238,23.0,13.0
unprotected,1.7074108414213238,23.0,13.0
it's still,1.7045288219421113,33.0,23.0
blood flow,1.7045288219421113,33.0,23.0
supportive,1.7045288219421113,33.0,23.0
not to,1.704010544376437,80.0,77.0
actual savings,1.7027189351573133,24.0,14.0
trouble,1.7027189351573133,24.0,14.0
switch to,1.7027189351573133,24.0,14.0
and medication,1.7027189351573133,24.0,14.0
usually more,1.7016983639263126,32.0,22.0
evidence shows,1.7016983639263126,32.0,22.0
strong evidence,1.701552641533359,150.0,166.0
pads,1.700286410158408,112.0,117.0
the app,1.69985368497103,59.0,52.0
screenshots,1.69938211479386,25.0,15.0
recommended it,1.69938211479386,25.0,15.0
booster,1.69938211479386,25.0,15.0
of money,1.69938211479386,25.0,15.0
and its,1.6993469138781752,31.0,21.0
crypto,1.6993469138781752,31.0,21.0
test it,1.6993469138781752,31.0,21.0
them but,1.6975338338729744,30.0,20.0
butter is,1.6972162635972396,26.0,16.0
the science,1.6972162635972396,26.0,16.0
on blood,1.6972162635972396,26.0,16.0
promises of,1.6967553040805665,15.0,6.0
leave it,1.6967553040805665,15.0,6.0
only helps,1.6967553040805665,15.0,6.0
like sleep,1.6967553040805665,15.0,6.0
claim to,1.6967553040805665,15.0,6.0
could use,1.6967553040805665,15.0,6.0
warning is,1.6967553040805665,15.0,6.0
reliable if,1.6967553040805665,15.0,6.0
to nutrient,1.6967553040805665,15.0,6.0
cause redness,1.6967553040805665,15.0,6.0
speed it,1.6967553040805665,15.0,6.0
to months,1.6967553040805665,15.0,6.0
cause it,1.6967553040805665,15.0,6.0
studies it,1.6967553040805665,15.0,6.0
high blood,1.6967553040805665,15.0,6.0
area first,1.6963276883276333,29.0,19.0
with sleep,1.6963276883276333,29.0,19.0
say it,1.6963276883276333,29.0,19.0
is temporary,1.6963276883276333,29.0,19.0
eliminating,1.6960678979883237,27.0,17.0
upper limit,1.6960678979883237,27.0,17.0
reasonable choice,1.6960678979883237,27.0,17.0
cause dehydration,1.6958080729447098,28.0,18.0
will help,1.6958080729447098,28.0,18.0
test a,1.6958080729447098,28.0,18.0
scientific consensus,1.6958080729447098,28.0,18.0
stick to,1.6958080729447098,28.0,18.0
reduce some,1.6952559704488155,52.0,44.0
but a,1.6950692691242435,255.0,307.0
nothing,1.694362526180682,44.0,35.0
stress the,1.694362526180682,44.0,35.0
cognitive,1.6827380151741467,138.0,151.0
a valid,1.681179316839115,42.0,33.0
sustainable,1.6795754063797546,50.0,42.0
sooner,1.6747680608980715,41.0,32.0
by using,1.6745363567361833,16.0,7.0
supplements are,1.6745363567361833,16.0,7.0
and costs,1.6745363567361833,16.0,7.0
shots,1.6745363567361833,16.0,7.0
placebo effect,1.6745363567361833,16.0,7.0
isn't guaranteed,1.6745363567361833,16.0,7.0
add some,1.6745363567361833,16.0,7.0
assumption,1.6745363567361833,16.0,7.0
should help,1.6745363567361833,16.0,7.0
other factors,1.6737112394272518,72.0,68.0
investment,1.6689590212187686,85.0,84.0
ads,1.6684953150219992,40.0,31.0
seeing,1.6672501053363178,76.0,73.0
it should,1.6660960892364178,55.0,48.0
measurable,1.6660960892364178,55.0,48.0
experience,1.666014677126793,171.0,195.0
instant,1.6623767863944674,39.0,30.0
headaches,1.6595813680761535,84.0,83.0
underlying,1.658908134201804,100.0,103.0
make them,1.6569996042240946,17.0,8.0
fine in,1.6569996042240946,17.0,8.0
itself has,1.6569996042240946,17.0,8.0
confirming,1.6569996042240946,17.0,8.0
before taking,1.6569996042240946,17.0,8.0
also need,1.6569996042240946,17.0,8.0
align,1.6569996042240946,17.0,8.0
for much,1.6569996042240946,17.0,8.0
negative ions,1.6569996042240946,17.0,8.0
plenty of,1.6569996042240946,17.0,8.0
benefits but,1.6564300552246802,38.0,29.0
stains but,1.6562773858901716,47.0,39.0
stains,1.6498327541908147,131.0,143.0
ingredients,1.6493325224060726,166.0,189.0
article,1.6460715313170962,64.0,59.0
bag,1.6451333676008528,36.0,27.0
fat burning,1.6432175403721148,18.0,9.0
the improvement,1.6432175403721148,18.0,9.0
with moisture,1.6432175403721148,18.0,9.0
your friend,1.6432175403721148,18.0,9.0
advisable,1.6432175403721148,18.0,9.0
a fine,1.6432175403721148,18.0,9.0
if you've,1.6432175403721148,18.0,9.0
tie,1.6432175403721148,18.0,9.0
need it,1.6409561325036142,45.0,37.0
confirm the,1.6409561325036142,45.0,37.0
antimicrobial properties,1.6406946475077477,52.0,45.0
inaccurate,1.6406946475077477,52.0,45.0
are fine,1.6406823543373366,58.0,52.0
accurate for,1.6398306640288187,35.0,26.0
risk is,1.6365131125610672,149.0,167.0
work better,1.634795103743709,34.0,25.0
that's likely,1.634795103743709,34.0,25.0
prefer,1.6333304355974756,112.0,119.0
aids,1.6324890079441428,19.0,10.0
wrinkle,1.6324890079441428,19.0,10.0
support but,1.6324890079441428,19.0,10.0
okay for,1.6324890079441428,19.0,10.0
stop the,1.6324890079441428,19.0,10.0
money but,1.6324890079441428,19.0,10.0
wait until,1.6324890079441428,19.0,10.0
loss but,1.6322229513344826,51.0,44.0
a replacement,1.6322229513344826,51.0,44.0
dryness,1.6300589096424292,33.0,24.0
one can,1.6300589096424292,33.0,24.0
you are,1.6287680497630928,89.0,90.0
to keep,1.627678968653771,62.0,57.0
sign of,1.6258659317254172,43.0,35.0
delaying,1.6256588198188506,32.0,23.0
change is,1.6256588198188506,32.0,23.0
overall diet,1.624274203244139,20.0,11.0
may worsen,1.624274203244139,20.0,11.0
far too,1.624274203244139,20.0,11.0
alone won't,1.624274203244139,20.0,11.0
popularity,1.624274203244139,20.0,11.0
usually takes,1.624274203244139,20.0,11.0
be inaccurate,1.624274203244139,20.0,11.0
anyway,1.624274203244139,20.0,11.0
more accurate,1.6237534048085327,50.0,43.0
a professional,1.6191568399020848,88.0,89.0
not reduce,1.6184280085596692,42.0,34.0
as good,1.6181508249885237,21.0,12.0
regulates blood,1.6181508249885237,21.0,12.0
help by,1.6181508249885237,21.0,12.0
it's just,1.6181508249885237,21.0,12.0
pleasant,1.6181508249885237,21.0,12.0
a broad,1.6181508249885237,21.0,12.0
sterile,1.6181508249885237,21.0,12.0
matter too,1.6181508249885237,21.0,12.0
still needed,1.6181508249885237,21.0,12.0
may remove,1.6180414303708857,30.0,21.0
peeling,1.6180414303708857,30.0,21.0
speculative,1.6149282601687487,29.0,20.0
doctor's,1.6149282601687487,29.0,20.0
a permanent,1.6138056576815771,55.0,49.0
much better,1.6137837817409715,22.0,13.0
and help,1.6137837817409715,22.0,13.0
and rest,1.6137837817409715,22.0,13.0
listen to,1.6137837817409715,22.0,13.0
by itself,1.6137837817409715,22.0,13.0
water not,1.6137837817409715,22.0,13.0
discussing,1.6137837817409715,22.0,13.0
a sleep,1.6123621113386193,28.0,19.0
myth the,1.6123621113386193,28.0,19.0
cause cancer,1.6123621113386193,28.0,19.0
you already,1.6109038149249093,23.0,14.0
silver,1.6109038149249093,23.0,14.0
for acne,1.6109038149249093,23.0,14.0
least,1.6107506646460652,211.0,251.0
the stomach,1.6104184905288348,27.0,18.0
in two,1.6104184905288348,27.0,18.0
is worth,1.6104184905288348,27.0,18.0
the weight,1.6104184905288348,27.0,18.0
low calorie,1.609292121065813,24.0,15.0
a job,1.609292121065813,24.0,15.0
shaving,1.609292121065813,24.0,15.0
likely due,1.609292121065813,24.0,15.0
use more,1.6091859695915642,26.0,17.0
people do,1.6087690965143584,25.0,16.0
product is,1.6087690965143584,25.0,16.0
everything,1.6054986389691717,74.0,72.0
overkill,1.6021678892245492,78.0,77.0
cancer,1.5968659281003603,333.0,420.0
over time,1.5961512724524183,234.0,283.0
stain,1.594535420715927,138.0,154.0
hygiene,1.5905422615767728,81.0,81.0
seeds,1.5896362859058715,38.0,30.0
ones,1.5875627722746024,100.0,105.0
dementia,1.5867140822705699,52.0,46.0
not see,1.583549499707106,14.0,6.0
the virus,1.583549499707106,14.0,6.0
sleep are,1.583549499707106,14.0,6.0
that without,1.583549499707106,14.0,6.0
unwell,1.583549499707106,14.0,6.0
be uncomfortable,1.583549499707106,14.0,6.0
verifying the,1.583549499707106,14.0,6.0
it gives,1.583549499707106,14.0,6.0
10 is,1.583549499707106,14.0,6.0
terms in,1.583549499707106,14.0,6.0
deleting,1.5827442226083719,37.0,29.0
could also,1.5827442226083719,37.0,29.0
the law,1.5827442226083719,37.0,29.0
but the,1.5813529184227946,1160.0,1616.0
weeks is,1.5809912114150382,57.0,52.0
side effects,1.5761681501130127,71.0,69.0
that it's,1.5731807704226204,44.0,37.0
vitamin,1.571924398860792,255.0,313.0
garlic has,1.564089898088211,15.0,7.0
alpha,1.564089898088211,15.0,7.0
function but,1.564089898088211,15.0,7.0
otherwise you,1.564089898088211,15.0,7.0
won't remove,1.564089898088211,15.0,7.0
supplement is,1.564089898088211,15.0,7.0
pay the,1.564089898088211,15.0,7.0
be hard,1.564089898088211,15.0,7.0
dangerous for,1.564089898088211,15.0,7.0
can fade,1.564089898088211,15.0,7.0
may look,1.564089898088211,15.0,7.0
but get,1.564089898088211,15.0,7.0
based approaches,1.564089898088211,15.0,7.0
may irritate,1.564089898088211,15.0,7.0
immune function,1.564089898088211,15.0,7.0
your child,1.564089898088211,15.0,7.0
oil changes,1.5630776207721766,34.0,26.0
be useful,1.561918264048333,65.0,62.0
is false,1.560851414705708,86.0,88.0
extremely,1.560851414705708,86.0,88.0
the label,1.5581602931768777,97.0,102.0
and be,1.556528665508164,42.0,35.0
risks,1.5533096638911534,167.0,194.0
blood test,1.5510418854755197,32.0,24.0
the heat,1.5510418854755197,32.0,24.0
is different,1.5510418854755197,32.0,24.0
lasting,1.550322938005872,48.0,42.0
cause a,1.550322938005872,48.0,42.0
thing is,1.5492383341425109,16.0,8.0
are marketing,1.5492383341425109,16.0,8.0
pyramid,1.5492383341425109,16.0,8.0
quitting,1.5492383341425109,16.0,8.0
hacked,1.5492383341425109,16.0,8.0
app can,1.5492383341425109,16.0,8.0
antiviral,1.5492383341425109,16.0,8.0
through official,1.5492383341425109,16.0,8.0
digestive issues,1.5492383341425109,16.0,8.0
whiten,1.5492383341425109,16.0,8.0
good habit,1.5492383341425109,16.0,8.0
send,1.54824079948146,96.0,101.0
the benefit,1.5411900463785677,47.0,41.0
cholesterol,1.5411900463785677,47.0,41.0
babies,1.5406040469224707,58.0,54.0
250,1.5401511784057647,30.0,22.0
opinion from,1.5401511784057647,30.0,22.0
be lower,1.5401511784057647,30.0,22.0
odds,1.5401511784057647,30.0,22.0
with other,1.540063464010627,40.0,33.0
are just,1.5380345849986397,17.0,9.0
not causation,1.5380345849986397,17.0,9.0
change it,1.5380345849986397,17.0,9.0
loud,1.5380345849986397,17.0,9.0
and report,1.5380345849986397,17.0,9.0
very cautious,1.5380345849986397,17.0,9.0
through your,1.5380345849986397,17.0,9.0
affect,1.5370166998521297,307.0,387.0
may slightly,1.5362083467940446,67.0,65.0
dogs,1.5353927535926042,141.0,160.0
too often,1.5352352873332205,29.0,21.0
your account,1.5352352873332205,29.0,21.0
small amounts,1.5333020190629016,52.0,47.0
excess,1.5324817053628372,71.0,70.0
soon,1.5320481567725859,46.0,40.0
selling,1.5319222249362459,39.0,32.0
experience is,1.529763490948451,18.0,10.0
stop a,1.529763490948451,18.0,10.0
500 is,1.529763490948451,18.0,10.0
to save,1.529763490948451,18.0,10.0
often just,1.529763490948451,18.0,10.0
peel,1.529763490948451,18.0,10.0
small area,1.529763490948451,18.0,10.0
microwaved water,1.529763490948451,18.0,10.0
return policy,1.5267211609902505,27.0,19.0
water and,1.5265694753985188,164.0,191.0
cause damage,1.523881527797929,19.0,11.0
usually unnecessary,1.523881527797929,19.0,11.0
every time,1.523881527797929,19.0,11.0
risk free,1.523881527797929,19.0,11.0
yourself for,1.523881527797929,19.0,11.0
has risks,1.523881527797929,19.0,11.0
salicylic,1.5238553904941192,38.0,31.0
salicylic acid,1.5238553904941192,38.0,31.0
on many,1.5229003601907907,45.0,39.0
stain remover,1.5229003601907907,45.0,39.0
coating,1.5229003601907907,45.0,39.0
item,1.522267432531521,70.0,69.0
for signs,1.52041799611738,25.0,17.0
is severe,1.52041799611738,25.0,17.0
canal,1.52041799611738,25.0,17.0
grounds can,1.5199682798566099,20.0,12.0
odours,1.5199682798566099,20.0,12.0
to weight,1.5199682798566099,20.0,12.0
and anxiety,1.5199682798566099,20.0,12.0
personal information,1.51831380855919,24.0,16.0
to fix,1.51831380855919,24.0,16.0
provide temporary,1.51831380855919,24.0,16.0
doesn't cause,1.51831380855919,24.0,16.0
the hair,1.51831380855919,24.0,16.0
before signing,1.517693503552407,21.0,13.0
a dramatic,1.517693503552407,21.0,13.0
conditioner,1.517693503552407,21.0,13.0
accurate to,1.517693503552407,21.0,13.0
damage enamel,1.517693503552407,21.0,13.0
first is,1.5170585535790695,23.0,15.0
frequent changes,1.5170585535790695,23.0,15.0
repel,1.5170585535790695,23.0,15.0
without checking,1.5170585535790695,23.0,15.0
cure all,1.5170585535790695,23.0,15.0
ear canal,1.5170585535790695,23.0,15.0
you from,1.5170585535790695,23.0,15.0
be helpful,1.5170585535790695,23.0,15.0
benzoyl peroxide,1.5170585535790695,23.0,15.0
benzoyl,1.5170585535790695,23.0,15.0
twice as,1.5167942371799799,22.0,14.0
cars can,1.5167942371799799,22.0,14.0
show they,1.5167942371799799,22.0,14.0
disappear,1.5167942371799799,22.0,14.0
regrow,1.5167942371799799,22.0,14.0
sugar and,1.5167942371799799,22.0,14.0
onions,1.5167942371799799,22.0,14.0
safe plastic,1.5167942371799799,22.0,14.0
is probably,1.5167942371799799,22.0,14.0
the guarantee,1.5167942371799799,22.0,14.0
on overall,1.5167942371799799,22.0,14.0
again,1.5158747059449225,37.0,30.0
timeline,1.5158425499019863,65.0,63.0
dark,1.5155749289986749,120.0,133.0
considered safe,1.5139547605895798,50.0,45.0
is extremely,1.5137501404725024,44.0,38.0
remove the,1.5137501404725024,44.0,38.0
message,1.5137501404725024,44.0,38.0
reduce,1.5080797926733154,953.0,1320.0
high in,1.5079934504876422,36.0,29.0
all,1.5073031142886129,970.0,1345.0
have been,1.5064124779819592,147.0,169.0
every,1.5059411820882695,478.0,631.0
is weak,1.5058217813522703,119.0,132.0
yellow,1.5042254610233095,49.0,44.0
in a,1.5036794125796582,400.0,520.0
very small,1.500226675698795,35.0,28.0
usually fine,1.500226675698795,35.0,28.0
your current,1.499800798254944,80.0,82.0
automatically,1.4980616728013028,155.0,180.0
wastes,1.4906102784416064,53.0,49.0
breathing,1.4893853123031533,79.0,81.0
balanced,1.4879343407762042,148.0,171.0
surface stains,1.4863268206930222,41.0,35.0
effective the,1.485107391224804,33.0,26.0
relying on,1.478897388395268,78.0,80.0
be less,1.477796684188799,32.0,25.0
cider,1.4772115979676717,40.0,34.0
apple cider,1.4772115979676717,40.0,34.0
cider vinegar,1.4772115979676717,40.0,34.0
trigger,1.4742888954521824,61.0,59.0
the wrong,1.4706849593873437,31.0,24.0
modern phones,1.4679886965609656,69.0,69.0
videos,1.4638016939574932,30.0,23.0
a smaller,1.4638016939574932,30.0,23.0
win,1.4638016939574932,30.0,23.0
watering,1.4605850651992822,127.0,144.0
exam,1.4590574689298055,38.0,32.0
cause more,1.4571809779318603,29.0,22.0
more evidence,1.4571809779318603,29.0,22.0
the ear,1.4571809779318603,29.0,22.0
a balanced,1.4562285513172015,114.0,127.0
help if,1.4560753524135528,87.0,92.0
can worsen,1.4530790167241123,59.0,57.0
perfect,1.4530790167241123,59.0,57.0
to improve,1.4508624092843823,28.0,21.0
not affected,1.4491778744792037,14.0,7.0
flagged,1.4491778744792037,14.0,7.0
it removes,1.4491778744792037,14.0,7.0
usually safer,1.4491778744792037,14.0,7.0
it's very,1.4491778744792037,14.0,7.0
conversation practice,1.4491778744792037,14.0,7.0
and appropriate,1.4491778744792037,14.0,7.0
a thick,1.4491778744792037,14.0,7.0
may already,1.4491778744792037,14.0,7.0
or normal,1.4491778744792037,14.0,7.0
is harmless,1.4491778744792037,14.0,7.0
likely need,1.4491778744792037,14.0,7.0
are frequent,1.4491778744792037,14.0,7.0
close the,1.4491778744792037,14.0,7.0
not meaningfully,1.4491778744792037,14.0,7.0
deal,1.4491778744792037,14.0,7.0
grows,1.4491778744792037,14.0,7.0
switch,1.4460618453767444,71.0,72.0
imbalances,1.4448922033988063,27.0,20.0
dry out,1.4448922033988063,27.0,20.0
that number,1.4448922033988063,27.0,20.0
know the,1.4410586210894354,36.0,30.0
check local,1.4410586210894354,36.0,30.0
body's,1.439324579294333,26.0,19.0
for anxiety,1.439324579294333,26.0,19.0
for insomnia,1.439324579294333,26.0,19.0
loss the,1.439324579294333,26.0,19.0
can feel,1.439324579294333,26.0,19.0
true for,1.439324579294333,26.0,19.0
ad,1.4392308032493528,48.0,44.0
phishing,1.4392308032493528,48.0,44.0
they're not,1.4388309011770997,53.0,50.0
but also,1.4388309011770997,53.0,50.0
didn't,1.437958730130568,62.0,61.0
no food,1.4374376827740942,15.0,8.0
for infants,1.4374376827740942,15.0,8.0
wait for,1.4374376827740942,15.0,8.0
have any,1.4374376827740942,15.0,8.0
companies do,1.4374376827740942,15.0,8.0
cause toxicity,1.4374376827740942,15.0,8.0
more battery,1.4374376827740942,15.0,8.0
lip,1.4374376827740942,15.0,8.0
glasses may,1.4374376827740942,15.0,8.0
whitening toothpaste,1.4374376827740942,15.0,8.0
minimal and,1.4374376827740942,15.0,8.0
may see,1.4374376827740942,15.0,8.0
the deadline,1.4374376827740942,15.0,8.0
balance the,1.4374376827740942,15.0,8.0
requires a,1.4361901327711217,74.0,76.0
iron,1.4361901327711217,74.0,76.0
waiting,1.4357175183795816,66.0,66.0
be safe,1.4352324890904822,70.0,71.0
remove some,1.434223506583261,25.0,18.0
time it,1.434223506583261,25.0,18.0
flushes,1.434223506583261,25.0,18.0
quite,1.434223506583261,25.0,18.0
water weight,1.434223506583261,25.0,18.0
lumbar,1.4296649276291695,24.0,17.0
can clog,1.4296649276291695,24.0,17.0
a backup,1.4296649276291695,24.0,17.0
more or,1.4291794792267576,16.0,9.0
a plan,1.4291794792267576,16.0,9.0
stress reduction,1.4291794792267576,16.0,9.0
the word,1.4291794792267576,16.0,9.0
reusing,1.4291794792267576,16.0,9.0
your baby,1.4291794792267576,16.0,9.0
might also,1.4291794792267576,16.0,9.0
volatile and,1.4291794792267576,16.0,9.0
your personal,1.4291794792267576,16.0,9.0
without any,1.4291794792267576,16.0,9.0
cause serious,1.4291794792267576,16.0,9.0
400,1.4287858421781934,47.0,43.0
a classic,1.4287858421781934,47.0,43.0
the microwave,1.428136083732724,52.0,49.0
for everyone,1.4278373905720279,108.0,120.0
off and,1.4257396129509536,23.0,16.0
they will,1.4257396129509536,23.0,16.0
are highly,1.4257396129509536,23.0,16.0
safely,1.4253161385252155,73.0,75.0
decide,1.4252254161998597,41.0,36.0
long idling,1.423683638047116,17.0,10.0
would give,1.423683638047116,17.0,10.0
purification,1.423683638047116,17.0,10.0
by rigorous,1.423683638047116,17.0,10.0
medication and,1.423683638047116,17.0,10.0
when needed,1.423683638047116,17.0,10.0
amounts can,1.423683638047116,17.0,10.0
your paediatrician,1.423683638047116,17.0,10.0
sparingly,1.423683638047116,17.0,10.0
glass is,1.42329582866492,34.0,28.0
blotting,1.4225568711334,22.0,15.0
even small,1.4225568711334,22.0,15.0
the fabric,1.4225568711334,22.0,15.0
can't confirm,1.4225568711334,22.0,15.0
friend,1.4225568711334,22.0,15.0
your soil,1.4225568711334,22.0,15.0
denied,1.4225568711334,22.0,15.0
temporary relief,1.4225568711334,22.0,15.0
you suspect,1.4225568711334,22.0,15.0
outdated,1.4208645141810632,194.0,236.0
can't be,1.4204109998684347,18.0,11.0
treatment and,1.4204109998684347,18.0,11.0
appointment,1.4204109998684347,18.0,11.0
rest fluids,1.4204109998684347,18.0,11.0
allergies are,1.4204109998684347,18.0,11.0
it every,1.4204109998684347,18.0,11.0
soak,1.4202494277386348,21.0,14.0
see how,1.4202494277386348,21.0,14.0
foods are,1.4202494277386348,21.0,14.0
non ionising,1.4202494277386348,21.0,14.0
the engine,1.4199339724126054,80.0,84.0
20 30,1.4194387341705732,94.0,102.0
you more,1.4189799277081592,20.0,13.0
moisture but,1.4189799277081592,20.0,13.0
making a,1.4189799277081592,20.0,13.0
thirst,1.4189799277081592,20.0,13.0
often enough,1.4189799277081592,20.0,13.0
for occasional,1.4189497301415808,19.0,12.0
before adding,1.4189497301415808,19.0,12.0
or remove,1.4189497301415808,19.0,12.0
fraudulent,1.4189497301415808,19.0,12.0
nutrient deficiencies,1.4189497301415808,19.0,12.0
buildup and,1.4189497301415808,19.0,12.0
of life,1.4189497301415808,19.0,12.0
scams,1.418284437262238,46.0,42.0
contact your,1.4161024748402047,60.0,59.0
week is,1.4152354964571128,40.0,35.0
be replaced,1.4152354964571128,40.0,35.0
a treatment,1.4145347487991002,33.0,27.0
skin cancer,1.4145347487991002,33.0,27.0
support and,1.4145347487991002,33.0,27.0
them for,1.4145347487991002,33.0,27.0
cancel,1.4145347487991002,33.0,27.0
sign,1.41229243169504,100.0,110.0
tea,1.4116114470931465,119.0,135.0
tactic,1.4097326866691295,55.0,53.0
to cause,1.4097326866691295,55.0,53.0
clean the,1.4058746561982587,32.0,26.0
and get,1.4058746561982587,32.0,26.0
sick,1.4058746561982587,32.0,26.0
much less,1.4052301538730143,39.0,34.0
medical supervision,1.4052301538730143,39.0,34.0
special,1.40504774257299,59.0,58.0
antimicrobial,1.402704441753114,63.0,63.0
brushing,1.402704441753114,63.0,63.0
credible,1.3989752881924844,102.0,113.0
build,1.3989752881924844,102.0,113.0
mould,1.398052534701023,78.0,82.0
an estimate,1.3973341092952134,31.0,25.0
amount is,1.3973341092952134,31.0,25.0
anti inflammatory,1.3952137711685622,38.0,33.0
work well,1.3952137711685622,38.0,33.0
helps with,1.3952137711685622,38.0,33.0
gently,1.3939059734262327,58.0,57.0
what you,1.3939059734262327,58.0,57.0
the contract,1.3915261242872308,62.0,62.0
damp,1.3889345666872108,30.0,24.0
overly,1.3864439685119794,43.0,39.0
at best,1.3851914062319648,37.0,32.0
also be,1.3834435348394578,73.0,76.0
usually,1.3816067795225355,1161.0,1640.0
signing,1.3807009313379184,29.0,23.0
try to,1.3807009313379184,29.0,23.0
a safer,1.3807009313379184,29.0,23.0
a personal,1.3751688992086912,36.0,31.0
and proper,1.3751688992086912,36.0,31.0
block,1.3737873790097066,106.0,119.0
for skin,1.3726622193685254,28.0,22.0
following,1.3696713963937555,68.0,70.0
tiny,1.3688957915834614,60.0,60.0
following the,1.365152999360567,35.0,30.0
trap,1.3650607577498661,51.0,49.0
the savings,1.3648523878262788,27.0,21.0
the scientific,1.3648523878262788,27.0,21.0
overstatement,1.3646018717933284,75.0,79.0
kidney,1.3635365584329733,82.0,88.0
a consistent,1.3624039847256315,46.0,43.0
change the,1.3599373038243283,55.0,54.0
can get,1.3574392134439206,59.0,59.0
truly,1.3573113671047332,26.0,20.0
eliminates,1.3573113671047332,26.0,20.0
your phone's,1.3573113671047332,26.0,20.0
is acidic,1.3551515159860472,34.0,29.0
effective and,1.3551515159860472,34.0,29.0
preparation,1.3551515159860472,34.0,29.0
drinks,1.3551515159860472,34.0,29.0
the real,1.3541111004227084,40.0,36.0
ten,1.3541111004227084,40.0,36.0
broken,1.351177318088131,45.0,42.0
cure and,1.350086359323451,25.0,19.0
results are,1.3494635719667745,70.0,73.0
buildup,1.3474720424372926,84.0,91.0
great,1.3467802819712336,66.0,68.0
checking your,1.3467802819712336,66.0,68.0
if needed,1.3467802819712336,66.0,68.0
scalp,1.3458851574143507,58.0,58.0
puffiness,1.3432334859093937,24.0,18.0
improvement is,1.3432334859093937,24.0,18.0
doesn't need,1.3432334859093937,24.0,18.0
but fluency,1.3432334859093937,24.0,18.0
a fire,1.3432334859093937,24.0,18.0
manual's,1.3398701153955084,44.0,41.0
reduce stress,1.336819898812471,23.0,17.0
reduce risk,1.336819898812471,23.0,17.0
advice for,1.336819898812471,23.0,17.0
may actually,1.336819898812471,23.0,17.0
fasting can,1.336819898812471,23.0,17.0
do the,1.336819898812471,23.0,17.0
can leach,1.336819898812471,23.0,17.0
a blood,1.335229454440734,32.0,27.0
products are,1.335229454440734,32.0,27.0
start with,1.3342310911058266,57.0,57.0
and doesn't,1.3338374318527861,61.0,62.0
a reliable,1.3325549690661629,132.0,155.0
the risks,1.33092651480043,22.0,16.0
doesn't automatically,1.33092651480043,22.0,16.0
temporary water,1.33092651480043,22.0,16.0
may support,1.3293291423108013,13.0,7.0
be serious,1.3293291423108013,13.0,7.0
bacteria in,1.3293291423108013,13.0,7.0
manual that's,1.3293291423108013,13.0,7.0
make an,1.3293291423108013,13.0,7.0
notice a,1.3293291423108013,13.0,7.0
relevant keywords,1.3293291423108013,13.0,7.0
your chances,1.3293291423108013,13.0,7.0
belief is,1.3293291423108013,13.0,7.0
oversimplify,1.3293291423108013,13.0,7.0
data breaches,1.3293291423108013,13.0,7.0
guarantee that,1.3293291423108013,13.0,7.0
isn't universal,1.3293291423108013,13.0,7.0
or stress,1.3293291423108013,13.0,7.0
and risky,1.3293291423108013,13.0,7.0
medical guidance,1.3293291423108013,13.0,7.0
not forever,1.3293291423108013,13.0,7.0
damage some,1.3293291423108013,13.0,7.0
roots,1.3284904383835467,114.0,131.0
be an,1.3284813023110997,43.0,40.0
be toxic,1.3256515982850978,21.0,15.0
mostly water,1.3256515982850978,21.0,15.0
actions,1.3256515982850978,21.0,15.0
bin,1.3256515982850978,21.0,15.0
guaranteed to,1.3256515982850978,21.0,15.0
quantum,1.3253316080932493,31.0,26.0
verified,1.3224743705533215,56.0,56.0
better but,1.321316953015267,37.0,33.0
instead of,1.321316953015267,37.0,33.0
anxiety is,1.3212082932905391,14.0,8.0
riskier,1.3212082932905391,14.0,8.0
one for,1.3212082932905391,14.0,8.0
irritation but,1.3212082932905391,14.0,8.0
clear the,1.3212082932905391,14.0,8.0
it whitens,1.3212082932905391,14.0,8.0
antihistamine,1.3212082932905391,14.0,8.0
use if,1.3212082932905391,14.0,8.0
damage claim,1.3212082932905391,14.0,8.0
cause skin,1.3212082932905391,14.0,8.0
nutrients and,1.3212082932905391,14.0,8.0
ingredients and,1.3212082932905391,14.0,8.0
digestive upset,1.3212082932905391,14.0,8.0
selectively,1.3212082932905391,14.0,8.0
a broken,1.3212082932905391,14.0,8.0
independent verification,1.3212082932905391,14.0,8.0
not destroy,1.3212082932905391,14.0,8.0
most dogs,1.3212082932905391,14.0,8.0
to heart,1.3212082932905391,14.0,8.0
colour is,1.3211155166347224,20.0,14.0
needed and,1.3211155166347224,20.0,14.0
bars,1.3211155166347224,20.0,14.0
you pay,1.3211155166347224,20.0,14.0
isn't strong,1.3211155166347224,20.0,14.0
masks,1.3211155166347224,20.0,14.0
not how,1.3211155166347224,20.0,14.0
people have,1.3211155166347224,20.0,14.0
it persists,1.3211155166347224,20.0,14.0
for medical,1.3211155166347224,20.0,14.0
painful,1.3211155166347224,20.0,14.0
bacteria,1.3203381390792177,201.0,250.0
charcoal,1.3182432066500396,78.0,84.0
choose,1.318097963388312,116.0,134.0
kill all,1.3174671417710613,19.0,13.0
veterinarian,1.3174671417710613,19.0,13.0
at risk,1.3174671417710613,19.0,13.0
usually recommended,1.3174671417710613,19.0,13.0
color is,1.3174671417710613,19.0,13.0
very effective,1.3174671417710613,19.0,13.0
kill the,1.3174671417710613,19.0,13.0
able to,1.3170098499971212,42.0,39.0
able,1.3170098499971212,42.0,39.0
supplements can,1.3163265607490204,15.0,9.0
are possible,1.3163265607490204,15.0,9.0
your goal,1.3163265607490204,15.0,9.0
can cost,1.3163265607490204,15.0,9.0
can attract,1.3163265607490204,15.0,9.0
more calories,1.3163265607490204,15.0,9.0
enamel and,1.3163265607490204,15.0,9.0
honesty,1.3163265607490204,15.0,9.0
plastic is,1.3163265607490204,15.0,9.0
terms before,1.3163265607490204,15.0,9.0
kids,1.3163265607490204,15.0,9.0
dirt and,1.3163265607490204,15.0,9.0
benefit beyond,1.3163265607490204,15.0,9.0
safe it,1.3163265607490204,15.0,9.0
significant weight,1.3163265607490204,15.0,9.0
alongside,1.3163265607490204,15.0,9.0
consider using,1.3163265607490204,15.0,9.0
harmful but,1.3163265607490204,15.0,9.0
a fee,1.315494220659386,30.0,25.0
would likely,1.3148926046653575,18.0,12.0
low in,1.3148926046653575,18.0,12.0
replacing it,1.3148926046653575,18.0,12.0
well the,1.3148926046653575,18.0,12.0
sensation,1.3148926046653575,18.0,12.0
fluent,1.3148926046653575,18.0,12.0
botulism,1.3148926046653575,18.0,12.0
replace them,1.3148926046653575,18.0,12.0
the package,1.3148926046653575,18.0,12.0
future,1.3146441148245447,91.0,101.0
damage it,1.3139740797908095,16.0,10.0
estimate not,1.3139740797908095,16.0,10.0
the bottle,1.3139740797908095,16.0,10.0
doesn't kill,1.3136274796350227,17.0,11.0
a diagnosis,1.3136274796350227,17.0,11.0
app is,1.3136274796350227,17.0,11.0
your application,1.3136274796350227,17.0,11.0
ionising radiation,1.3136274796350227,17.0,11.0
oil for,1.3136274796350227,17.0,11.0
doesn't help,1.3136274796350227,17.0,11.0
supports that,1.3136274796350227,17.0,11.0
digestive system,1.3136274796350227,17.0,11.0
as often,1.3136274796350227,17.0,11.0
and electrolyte,1.3136274796350227,17.0,11.0
draining to,1.3136274796350227,17.0,11.0
strain but,1.3136274796350227,17.0,11.0
oil but,1.3136274796350227,17.0,11.0
skin barrier,1.3136274796350227,17.0,11.0
contract is,1.3136274796350227,17.0,11.0
are important,1.310292255739077,36.0,32.0
contain,1.3094490735834645,171.0,209.0
on its,1.3071703122831493,46.0,44.0
meaningfully,1.3057339763140032,29.0,24.0
should,1.3028149102839648,814.0,1136.0
unrealistic,1.3019974858737073,80.0,87.0
plenty,1.2992257081197065,35.0,31.0
fabrics,1.2992257081197065,35.0,31.0
contains,1.2983027795360533,120.0,140.0
milk,1.2965473184012761,111.0,128.0
emf,1.2960704585921616,28.0,23.0
labels don't,1.2960704585921616,28.0,23.0
may increase,1.2960704585921616,28.0,23.0
and after,1.2952973896383124,45.0,43.0
clearing,1.2952390830055407,69.0,73.0
a useful,1.2952390830055407,69.0,73.0
be able,1.2938152253285555,40.0,37.0
not always,1.2926286673095901,313.0,409.0
issues,1.2915937818032088,327.0,429.0
pharmacist,1.289341876726833,49.0,48.0
index funds,1.2881211035802904,34.0,30.0
protect against,1.2865267394096358,27.0,22.0
first and,1.2865267394096358,27.0,22.0
deadline,1.2862243440129493,57.0,58.0
is marketing,1.2833207243647908,44.0,42.0
nice,1.282090361189875,39.0,36.0
longer,1.279339484372346,323.0,424.0
metabolism,1.278718380956541,78.0,85.0
prevent colds,1.2771301131601478,26.0,21.0
toxic,1.2766886284483114,135.0,161.0
show no,1.2756899952929959,60.0,62.0
to replace,1.2756899952929959,60.0,62.0
likely to,1.2743637524928186,52.0,52.0
vitamins,1.2743637524928186,52.0,52.0
dog,1.2717424213160602,84.0,93.0
a short,1.2713221297874076,67.0,71.0
for healthy,1.2702795179055237,38.0,35.0
directed,1.2679130189258694,25.0,20.0
only need,1.2679130189258694,25.0,20.0
dose and,1.2679130189258694,25.0,20.0
nerve,1.2679130189258694,25.0,20.0
hours is,1.2672098287296436,90.0,101.0
30 minutes,1.263998684978237,108.0,125.0
the underlying,1.2592028868912937,66.0,70.0
staying,1.259046103125671,42.0,40.0
consider your,1.259046103125671,42.0,40.0
take longer,1.2589142090313552,24.0,19.0
fluoride toothpaste,1.2589142090313552,24.0,19.0
clients,1.2583821650318008,37.0,34.0
evidence is,1.2559230995132982,294.0,384.0
iq,1.2546291658061022,31.0,27.0
is outdated,1.2530091893608848,107.0,124.0
isn't a,1.2526068190613648,104.0,120.0
doesn't remove,1.250180243681122,23.0,18.0
and safe,1.250180243681122,23.0,18.0
diseases,1.2493319664813431,54.0,55.0
an overstatement,1.247503129051647,72.0,78.0
success,1.2469726916480244,65.0,69.0
a sign,1.2463979548402908,36.0,33.0
like a,1.245963729719007,85.0,95.0
master password,1.2434277755538587,30.0,26.0
few weeks,1.2434277755538587,30.0,26.0
doctor can,1.2434277755538587,30.0,26.0
catch,1.2434277755538587,30.0,26.0
gives you,1.2434277755538587,30.0,26.0
the fridge,1.2434277755538587,30.0,26.0
and it,1.241893844041238,94.0,107.0
some plants,1.2417674223066033,22.0,17.0
rice can,1.2417674223066033,22.0,17.0
and hydration,1.2417674223066033,22.0,17.0
stop using,1.2417674223066033,22.0,17.0
repeating,1.2417674223066033,22.0,17.0
faulty,1.2400710916304925,45.0,44.0
before and,1.2400710916304925,45.0,44.0
flu,1.2386468438747027,57.0,59.0
influenced,1.2370539601905959,49.0,49.0
modern cars,1.2353572422975636,71.0,77.0
is wrong,1.2343267641110123,35.0,32.0
freeze,1.2343267641110123,35.0,32.0
nausea,1.2343267641110123,35.0,32.0
not your,1.2343267641110123,35.0,32.0
generally fine,1.2343267641110123,35.0,32.0
to make,1.2343267641110123,35.0,32.0
a warm,1.233744307291245,21.0,16.0
damage if,1.233744307291245,21.0,16.0
health risks,1.233744307291245,21.0,16.0
a better,1.2324571276489666,87.0,98.0
not cause,1.2324571276489666,87.0,98.0
fertiliser,1.2322220090387555,29.0,25.0
makes,1.230991300561279,74.0,81.0
oil has,1.2296769487802535,60.0,63.0
persists see,1.2274481104688217,44.0,43.0
therapeutic,1.2261950625534284,20.0,15.0
every two,1.2261950625534284,20.0,15.0
proper repair,1.2261950625534284,20.0,15.0
work fine,1.2261950625534284,20.0,15.0
professional,1.2251730800915293,332.0,440.0
spend,1.2243648258909976,48.0,48.0
is mainly,1.2221687447976854,34.0,31.0
filing,1.2217911171238256,39.0,37.0
promote,1.2210230499724806,28.0,24.0
tax professional,1.2192239304229993,19.0,14.0
mats,1.2192239304229993,19.0,14.0
growth but,1.2192239304229993,19.0,14.0
reverses,1.2192239304229993,19.0,14.0
people can,1.2192239304229993,19.0,14.0
caffeine can,1.2192239304229993,19.0,14.0
fog,1.2192239304229993,19.0,14.0
regulatory agencies,1.2192239304229993,19.0,14.0
lavender,1.2192239304229993,19.0,14.0
longer and,1.2192239304229993,19.0,14.0
hygiene and,1.2192239304229993,19.0,14.0
generators,1.2192239304229993,19.0,14.0
can actually,1.215315737854753,76.0,84.0
rare,1.2143579953228063,129.0,155.0
harmful the,1.212961325951143,18.0,13.0
check that,1.212961325951143,18.0,13.0
burns and,1.212961325951143,18.0,13.0
to ensure,1.212961325951143,18.0,13.0
fine and,1.212961325951143,18.0,13.0
guarantee the,1.212961325951143,18.0,13.0
wastes money,1.212961325951143,18.0,13.0
once you,1.212961325951143,18.0,13.0
providing,1.212961325951143,18.0,13.0
deficiencies,1.2099243856423312,33.0,30.0
calling,1.2098443146249258,27.0,23.0
a way,1.2098443146249258,27.0,23.0
repeat,1.2098443146249258,27.0,23.0
diet is,1.2098443146249258,27.0,23.0
rebuild,1.2098443146249258,27.0,23.0
likely from,1.2098443146249258,27.0,23.0
that would,1.2091367978100969,38.0,36.0
oil the,1.207572273431801,17.0,12.0
already have,1.207572273431801,17.0,12.0
sleep study,1.207572273431801,17.0,12.0
can wear,1.207572273431801,17.0,12.0
a cancer,1.207572273431801,17.0,12.0
wellness,1.207572273431801,17.0,12.0
your passport,1.207572273431801,17.0,12.0
to rule,1.207572273431801,17.0,12.0
an extra,1.207572273431801,17.0,12.0
your budget,1.207572273431801,17.0,12.0
surgery,1.207572273431801,17.0,12.0
burn is,1.207572273431801,17.0,12.0
a dangerous,1.207572273431801,17.0,12.0
is mixed,1.2052199220965252,139.0,169.0
diets can,1.2032683073113801,16.0,11.0
you lose,1.2032683073113801,16.0,11.0
miles between,1.2032683073113801,16.0,11.0
and worsen,1.2032683073113801,16.0,11.0
your actual,1.201809744689473,42.0,41.0
recover,1.201809744689473,42.0,41.0
just as,1.201809744689473,42.0,41.0
paid,1.2004871794662846,54.0,56.0
nutritionally,1.20032462095554,15.0,10.0
guarantee is,1.20032462095554,15.0,10.0
clinically proven,1.20032462095554,15.0,10.0
choose to,1.20032462095554,15.0,10.0
than that,1.20032462095554,15.0,10.0
myth you,1.20032462095554,15.0,10.0
causes like,1.20032462095554,15.0,10.0
diet or,1.20032462095554,15.0,10.0
be small,1.20032462095554,15.0,10.0
or cognitive,1.20032462095554,15.0,10.0
routine and,1.20032462095554,15.0,10.0
throat and,1.20032462095554,15.0,10.0
cause significant,1.20032462095554,15.0,10.0
cognitive decline,1.20032462095554,15.0,10.0
a dirty,1.2001021606683473,13.0,8.0
clog pores,1.2001021606683473,13.0,8.0
friend's,1.2001021606683473,13.0,8.0
strong scientific,1.2001021606683473,13.0,8.0
before it,1.2001021606683473,13.0,8.0
for heavily,1.2001021606683473,13.0,8.0
cancer or,1.2001021606683473,13.0,8.0
seasonal allergies,1.2001021606683473,13.0,8.0
build muscle,1.2001021606683473,13.0,8.0
people need,1.2001021606683473,13.0,8.0
and waste,1.2001021606683473,13.0,8.0
for memory,1.2001021606683473,13.0,8.0
all your,1.2001021606683473,13.0,8.0
time it's,1.2001021606683473,13.0,8.0
spend more,1.2001021606683473,13.0,8.0
what works,1.2001021606683473,13.0,8.0
rings,1.2001021606683473,13.0,8.0
oral hygiene,1.2001021606683473,13.0,8.0
to install,1.2001021606683473,13.0,8.0
juice can,1.2001021606683473,13.0,8.0
that need,1.2001021606683473,13.0,8.0
like it,1.2001021606683473,13.0,8.0
many independent,1.2001021606683473,13.0,8.0
discuss any,1.2001021606683473,13.0,8.0
non microwave,1.2001021606683473,13.0,8.0
medical help,1.2001021606683473,13.0,8.0
mean it,1.1991053826349751,14.0,9.0
sparks,1.1991053826349751,14.0,9.0
fragrance,1.1991053826349751,14.0,9.0
for weeks,1.1991053826349751,14.0,9.0
itching,1.1991053826349751,14.0,9.0
the clinical,1.1991053826349751,14.0,9.0
sometimes be,1.1991053826349751,14.0,9.0
will return,1.1991053826349751,14.0,9.0
true that,1.1991053826349751,14.0,9.0
erode,1.1991053826349751,14.0,9.0
shrink,1.198701935269165,26.0,22.0
the negative,1.198701935269165,26.0,22.0
that sounds,1.1983896048368456,50.0,51.0
effective for,1.1968877902759623,84.0,95.0
replace it,1.1963596026048677,37.0,35.0
a red,1.1914907805051582,57.0,60.0
the door,1.1907119977166318,64.0,69.0
the stain,1.1887861539955187,41.0,40.0
needs to,1.1876153681250163,25.0,21.0
occasional use,1.1876153681250163,25.0,21.0
not enough,1.1875014102076005,53.0,55.0
sounds like,1.18548304874116,45.0,45.0
expectation,1.1851807548091424,31.0,28.0
die,1.1851807548091424,31.0,28.0
effect,1.1836178936649882,803.0,1131.0
clothes,1.183456496976387,36.0,34.0
are usually,1.1810484981823115,142.0,174.0
can learn,1.1766081641402297,24.0,20.0
an audit,1.1766081641402297,24.0,20.0
a repair,1.1766081641402297,24.0,20.0
stomach acid,1.1766081641402297,24.0,20.0
off,1.1757521966743063,307.0,407.0
phone's,1.1756204637532048,40.0,39.0
speak,1.1726849102511316,30.0,27.0
his,1.1717937236263323,114.0,136.0
neck,1.1710845764861677,59.0,63.0
manual for,1.1710845764861677,59.0,63.0
active recall,1.1657089549597548,23.0,19.0
suspect,1.1657089549597548,23.0,19.0
ph is,1.1657089549597548,23.0,19.0
ignoring,1.1657089549597548,23.0,19.0
term use,1.1657089549597548,23.0,19.0
local rules,1.1657089549597548,23.0,19.0
twice,1.165370180334668,55.0,58.0
effects are,1.165016954025515,62.0,67.0
verify,1.164012301551159,280.0,369.0
but for,1.1638336895240953,102.0,120.0
highly,1.163377829436292,75.0,84.0
pollen,1.1623080123491811,39.0,38.0
improves,1.1602811304833216,140.0,172.0
repair is,1.1601098335737383,29.0,26.0
equally,1.1601098335737383,29.0,26.0
happens,1.1588375600872582,43.0,43.0
sun,1.1582530225218952,110.0,131.0
how you,1.1572601193186356,34.0,32.0
soil is,1.1572601193186356,34.0,32.0
an emergency,1.1572601193186356,34.0,32.0
excessive,1.1565308979450828,137.0,168.0
and vitamin,1.1549527264671104,22.0,18.0
changes with,1.1549527264671104,22.0,18.0
greatly,1.1549527264671104,22.0,18.0
cast iron,1.1549527264671104,22.0,18.0
changes,1.1531416743228111,390.0,528.0
backup,1.149888638189274,123.0,149.0
flag,1.149165100709911,77.0,87.0
sticker,1.1488438850575873,38.0,37.0
ensure,1.147749446934906,89.0,103.0
breaks and,1.14745923637984,28.0,25.0
genetic,1.14745923637984,28.0,25.0
trap heat,1.14745923637984,28.0,25.0
vary and,1.1452824410275941,42.0,42.0
you find,1.1452824410275941,42.0,42.0
no it's,1.1452022367815318,46.0,47.0
safe the,1.1452022367815318,46.0,47.0
giving,1.1447485376783326,57.0,61.0
people it,1.1443824813583192,21.0,17.0
have mild,1.1443824813583192,21.0,17.0
works well,1.1443824813583192,21.0,17.0
root rot,1.1443824813583192,21.0,17.0
costs more,1.1443824813583192,21.0,17.0
in water,1.143960516079282,33.0,31.0
containers,1.1433010163889825,67.0,74.0
can improve,1.1417094367585048,164.0,206.0
support,1.1402045105811276,541.0,749.0
are redundant,1.1347379796163108,27.0,24.0
backfire,1.1347379796163108,27.0,24.0
the dose,1.1347379796163108,27.0,24.0
wise to,1.1340514351027138,20.0,16.0
no good,1.1340514351027138,20.0,16.0
but using,1.1340514351027138,20.0,16.0
cinnamon,1.1340514351027138,20.0,16.0
matters,1.1336021955150675,313.0,418.0
claiming,1.131565003677928,41.0,41.0
infants,1.131565003677928,41.0,41.0
no reliable,1.1305223731575498,32.0,30.0
two hours,1.1305223731575498,32.0,30.0
test your,1.1305223731575498,32.0,30.0
minerals,1.1251095163803662,52.0,55.0
to treat,1.1240259540668518,19.0,15.0
antihistamines,1.1240259540668518,19.0,15.0
fungus,1.1240259540668518,19.0,15.0
your experience,1.1240259540668518,19.0,15.0
important to,1.1240259540668518,19.0,15.0
better and,1.1240259540668518,19.0,15.0
potato,1.1240259540668518,19.0,15.0
2 000,1.1219523472280053,26.0,23.0
pores,1.1219523472280053,26.0,23.0
doesn't add,1.1214395637949515,36.0,35.0
stay,1.1191511418332822,101.0,120.0
salt can,1.1169424958372574,31.0,29.0
seven,1.1169424958372574,31.0,29.0
resolve,1.1169424958372574,31.0,29.0
redundant,1.1169424958372574,31.0,29.0
odour,1.1169424958372574,31.0,29.0
little,1.1149578252770365,220.0,286.0
doesn't improve,1.114389543251697,18.0,14.0
immediately and,1.114389543251697,18.0,14.0
gloves,1.114389543251697,18.0,14.0
consider whether,1.114389543251697,18.0,14.0
handwashing,1.114389543251697,18.0,14.0
a couple,1.114389543251697,18.0,14.0
and nutrients,1.114389543251697,18.0,14.0
20 is,1.114389543251697,18.0,14.0
a clinician,1.114389543251697,18.0,14.0
that as,1.114389543251697,18.0,14.0
oil type,1.114389543251697,18.0,14.0
leaving,1.1111180941300436,74.0,84.0
because you,1.109110392616103,25.0,22.0
air quality,1.109110392616103,25.0,22.0
in three,1.109110392616103,25.0,22.0
eventually,1.109110392616103,25.0,22.0
tap water,1.1064801864657954,47.0,49.0
almost,1.1064801864657954,47.0,49.0
is more,1.1052951706353806,381.0,518.0
deter some,1.1052483455589932,17.0,13.0
build up,1.1052483455589932,17.0,13.0
a loose,1.1052483455589932,17.0,13.0
to dogs,1.1052483455589932,17.0,13.0
and skin,1.1052483455589932,17.0,13.0
fat and,1.1052483455589932,17.0,13.0
hurt your,1.1052483455589932,17.0,13.0
protect your,1.1052483455589932,17.0,13.0
to placebo,1.1052483455589932,17.0,13.0
reduce pain,1.1052483455589932,17.0,13.0
keywords,1.1036468246776416,43.0,44.0
the concept,1.1036188923210823,39.0,39.0
are far,1.1032177301091566,30.0,28.0
twice a,1.1032177301091566,30.0,28.0
large amounts,1.1032177301091566,30.0,28.0
protein and,1.1032177301091566,30.0,28.0
diagnose,1.1032177301091566,30.0,28.0
without,1.0996016542042053,770.0,1090.0
the practice,1.0967388622231053,16.0,12.0
mistakes,1.0967388622231053,16.0,12.0
overheat,1.0967388622231053,16.0,12.0
may even,1.0967388622231053,16.0,12.0
chocolate is,1.0967388622231053,16.0,12.0
them is,1.0967388622231053,16.0,12.0
smoother,1.0967388622231053,16.0,12.0
some nutrients,1.0967388622231053,16.0,12.0
inflammatory properties,1.0967388622231053,16.0,12.0
to discuss,1.0967388622231053,16.0,12.0
not real,1.0967388622231053,16.0,12.0
refers,1.096222380539466,24.0,21.0
refers to,1.096222380539466,24.0,21.0
can create,1.0924102232859678,46.0,48.0
effect but,1.089446482140585,42.0,43.0
so you,1.089446482140585,42.0,43.0
on an,1.0893771034880904,38.0,38.0
get an,1.0893450065357202,29.0,27.0
method but,1.0890390122165536,15.0,11.0
regulated and,1.0890390122165536,15.0,11.0
it provides,1.0890390122165536,15.0,11.0
least a,1.0890390122165536,15.0,11.0
in socks,1.0890390122165536,15.0,11.0
skin irritation,1.0890390122165536,15.0,11.0
uncontrolled,1.0890390122165536,15.0,11.0
drastic,1.0890390122165536,15.0,11.0
dryer sheets,1.0890390122165536,15.0,11.0
loan servicer,1.0890390122165536,15.0,11.0
a thermometer,1.0890390122165536,15.0,11.0
fluctuate,1.0890390122165536,15.0,11.0
i,1.0870586574039274,1174.0,1693.0
swelling,1.0862231229094859,69.0,78.0
the only,1.0840971740180618,138.0,172.0
goal,1.0834355413921641,49.0,52.0
coverage but,1.08330135535886,23.0,20.0
formulas,1.08330135535886,23.0,20.0
almost certainly,1.08330135535886,23.0,20.0
think,1.08330135535886,23.0,20.0
help the,1.08330135535886,23.0,20.0
not proof,1.08330135535886,23.0,20.0
can spread,1.08330135535886,23.0,20.0
harm but,1.0823843417867234,14.0,10.0
out toxins,1.0823843417867234,14.0,10.0
coach,1.0823843417867234,14.0,10.0
placement is,1.0823843417867234,14.0,10.0
with medications,1.0823843417867234,14.0,10.0
be high,1.0823843417867234,14.0,10.0
diet can,1.0823843417867234,14.0,10.0
before replacing,1.0823843417867234,14.0,10.0
improvement but,1.0823843417867234,14.0,10.0
all plastics,1.0823843417867234,14.0,10.0
your route,1.0823843417867234,14.0,10.0
fever or,1.0823843417867234,14.0,10.0
sleep if,1.0823843417867234,14.0,10.0
ph or,1.0823843417867234,14.0,10.0
prevent injuries,1.0823843417867234,14.0,10.0
won't double,1.0823843417867234,14.0,10.0
diarrhoea,1.0823843417867234,14.0,10.0
more ram,1.0823843417867234,14.0,10.0
goes,1.0790558583394672,33.0,32.0
he,1.0787452671118978,92.0,109.0
will be,1.0781626518902596,45.0,47.0
butter on,1.0770924144559302,13.0,9.0
doctor to,1.0770924144559302,13.0,9.0
data may,1.0770924144559302,13.0,9.0
dangerous and,1.0770924144559302,13.0,9.0
lower in,1.0770924144559302,13.0,9.0
a choking,1.0770924144559302,13.0,9.0
promotions,1.0770924144559302,13.0,9.0
sensitivities,1.0770924144559302,13.0,9.0
idling wastes,1.0770924144559302,13.0,9.0
you're unsure,1.0770924144559302,13.0,9.0
ways to,1.0770924144559302,13.0,9.0
early is,1.0770924144559302,13.0,9.0
gather,1.0770924144559302,13.0,9.0
weight management,1.0770924144559302,13.0,9.0
sugar but,1.0770924144559302,13.0,9.0
budget and,1.0770924144559302,13.0,9.0
the marketing,1.0770924144559302,13.0,9.0
a while,1.0770924144559302,13.0,9.0
cause some,1.0770924144559302,13.0,9.0
usually doesn't,1.0770924144559302,13.0,9.0
or supplements,1.0770924144559302,13.0,9.0
lead,1.0755268218004357,328.0,443.0
much more,1.0750606479823213,41.0,42.0
diarrhea,1.0749466947174093,37.0,37.0
mental health,1.0749466947174093,37.0,37.0
memory and,1.0736006420324167,12.0,8.0
are severe,1.0736006420324167,12.0,8.0
products can,1.0736006420324167,12.0,8.0
it's true,1.0736006420324167,12.0,8.0
many adults,1.0736006420324167,12.0,8.0
it's good,1.0736006420324167,12.0,8.0
for significant,1.0736006420324167,12.0,8.0
can erode,1.0736006420324167,12.0,8.0
rigorous studies,1.0736006420324167,12.0,8.0
not solve,1.0736006420324167,12.0,8.0
take months,1.0736006420324167,12.0,8.0
it i,1.0736006420324167,12.0,8.0
implications,1.0736006420324167,12.0,8.0
skip it,1.0736006420324167,12.0,8.0
to decide,1.0736006420324167,12.0,8.0
also make,1.0736006420324167,12.0,8.0
no medical,1.0736006420324167,12.0,8.0
more if,1.0736006420324167,12.0,8.0
cannot replace,1.0736006420324167,12.0,8.0
to return,1.0736006420324167,12.0,8.0
should also,1.0736006420324167,12.0,8.0
15 is,1.0736006420324167,12.0,8.0
removing,1.072928789178241,68.0,77.0
spots,1.0707350219857348,55.0,60.0
simply,1.0707350219857348,55.0,60.0
poisoning,1.0703638783076186,22.0,19.0
moisturize,1.0703638783076186,22.0,19.0
dietitian,1.0703638783076186,22.0,19.0
losing,1.0645616939713909,32.0,31.0
having,1.0637307372261942,44.0,46.0
don't use,1.0611441938636696,27.0,25.0
antivirus,1.0611441938636696,27.0,25.0
are also,1.0604819246076496,40.0,41.0
antioxidants,1.0603199649760795,36.0,36.0
haven't,1.0603199649760795,36.0,36.0
only on,1.0574309935233381,21.0,18.0
unnecessary for,1.0574309935233381,21.0,18.0
uses less,1.0574309935233381,21.0,18.0
consequences,1.0574309935233381,21.0,18.0
couple,1.0574309935233381,21.0,18.0
the charge,1.0574309935233381,21.0,18.0
cutting,1.0566549814521646,54.0,59.0
check your,1.0565810198575638,474.0,657.0
to confirm,1.0547929003603589,47.0,50.0
salt,1.0542181945737343,232.0,306.0
to use,1.054015383191972,90.0,107.0
entirely,1.0524759848050018,57.0,63.0
useful,1.052365177761568,248.0,329.0
food safe,1.049872547900821,31.0,30.0
cooling combining,1.049872547900821,31.0,30.0
dandruff is,1.049872547900821,31.0,30.0
breath,1.049872547900821,31.0,30.0
a lawyer,1.049872547900821,31.0,30.0
influence,1.0477995455250504,50.0,54.0
over the,1.0470626199302677,95.0,114.0
and replace,1.0468110011771852,26.0,24.0
fats,1.0468110011771852,26.0,24.0
before running,1.0468110011771852,26.0,24.0
mineral,1.0466837331443486,78.0,91.0
face,1.0457431717986456,75.0,87.0
specialist,1.0457024133523352,39.0,40.0
nutritional,1.045488674511914,35.0,35.0
not because,1.045488674511914,35.0,35.0
signs of,1.045488674511914,35.0,35.0
pounds,1.045488674511914,35.0,35.0
warm,1.0453786374147858,231.0,305.0
very low,1.0452594603834988,72.0,83.0
has more,1.0445295076363816,20.0,17.0
is clear,1.0445295076363816,20.0,17.0
meet the,1.0445295076363816,20.0,17.0
until you,1.0445295076363816,20.0,17.0
and focus,1.0445295076363816,20.0,17.0
your needs,1.0445295076363816,20.0,17.0
clinician,1.0445295076363816,20.0,17.0
yet,1.0445295076363816,20.0,17.0
issues the,1.0445295076363816,20.0,17.0
hormonal,1.0445295076363816,20.0,17.0
focus on,1.0442837114030488,174.0,224.0
ph,1.0394306814276715,214.0,281.0
has not,1.0383466828659171,56.0,62.0
fresh,1.037948614288869,97.0,117.0
toothpaste is,1.03498063882464,30.0,29.0
taxes,1.03498063882464,30.0,29.0
can take,1.03498063882464,30.0,29.0
the terms,1.034284757268372,42.0,44.0
shot,1.0323198721699491,25.0,23.0
the pad,1.0323198721699491,25.0,23.0
is convenient,1.0316937051836466,19.0,16.0
are extremely,1.0316937051836466,19.0,16.0
the air,1.0316937051836466,19.0,16.0
a patch,1.0316937051836466,19.0,16.0
rose,1.0316937051836466,19.0,16.0
consumption is,1.0316937051836466,19.0,16.0
more time,1.0316937051836466,19.0,16.0
odors,1.0307136659901162,38.0,39.0
marketing,1.0301499067992235,342.0,466.0
double,1.0299009134489965,115.0,142.0
they are,1.0286103772799746,344.0,469.0
toxicity,1.0279852170882162,52.0,57.0
well supported,1.0254019191152568,45.0,48.0
shop,1.0207502112066371,101.0,123.0
dehydration,1.0203689909856555,76.0,89.0
duty,1.0198776871633484,29.0,28.0
less water,1.0198776871633484,29.0,28.0
keep a,1.0192549210896438,41.0,43.0
using them,1.0189676792089772,18.0,15.0
remove it,1.0189676792089772,18.0,15.0
against them,1.0189676792089772,18.0,15.0
you eat,1.0189676792089772,18.0,15.0
current guidelines,1.0189676792089772,18.0,15.0
spot reduction,1.0189676792089772,18.0,15.0
that works,1.0189676792089772,18.0,15.0
healthy people,1.0185598777681688,48.0,52.0
and have,1.0183805761180817,64.0,73.0
infections,1.0180516111540612,67.0,77.0
a tiny,1.0176694767392829,24.0,22.0
whether your,1.0176694767392829,24.0,22.0
been linked,1.0176694767392829,24.0,22.0
it to,1.016809065345363,106.0,130.0
soften,1.0155066300736415,37.0,38.0
is overkill,1.0155066300736415,37.0,38.0
idea is,1.0151764258645521,33.0,33.0
touch,1.0151764258645521,33.0,33.0
dairy,1.0151764258645521,33.0,33.0
often be,1.0151764258645521,33.0,33.0
false,1.0102777992411498,173.0,224.0
if the,1.0071374393616137,775.0,1106.0
entire,1.0069313620604006,57.0,64.0
and there's,1.0064085452300169,17.0,14.0
preserves nutrients,1.0064085452300169,17.0,14.0
no reason,1.0064085452300169,17.0,14.0
and need,1.0064085452300169,17.0,14.0
further damage,1.0064085452300169,17.0,14.0
reputable brand,1.0064085452300169,17.0,14.0
lower it,1.0064085452300169,17.0,14.0
are low,1.0064085452300169,17.0,14.0
works better,1.004554874724328,28.0,27.0
a major,1.004381078742183,63.0,72.0
can go,1.0036519525694247,47.0,51.0
and checking,1.0028593291705297,23.0,21.0
for best,1.0028593291705297,23.0,21.0
not automatic,1.0000715871284052,36.0,37.0
pain but,0.9996757685984182,32.0,32.0
treat the,0.9996757685984182,32.0,32.0
combining them,0.9996757685984182,32.0,32.0
no benefit,0.9985959306025584,50.0,55.0
what,0.9967728434093783,392.0,541.0
recommend checking,0.9952034246877531,43.0,46.0
influenced by,0.9952034246877531,43.0,46.0
chances,0.9940909481491856,16.0,13.0
cold and,0.9940909481491856,16.0,13.0
cured,0.9940909481491856,16.0,13.0
sprain,0.9940909481491856,16.0,13.0
an outdated,0.9940909481491856,16.0,13.0
throughout the,0.9940909481491856,16.0,13.0
they reduce,0.9940909481491856,16.0,13.0
inspect it,0.9940909481491856,16.0,13.0
how it,0.9940909481491856,16.0,13.0
safe at,0.9940909481491856,16.0,13.0
safe when,0.9940909481491856,16.0,13.0
neutralise,0.9940909481491856,16.0,13.0
effective if,0.9940909481491856,16.0,13.0
miles check,0.9940909481491856,16.0,13.0
figure may,0.9940909481491856,16.0,13.0
abrasive,0.9935599052652241,74.0,87.0
and use,0.9927039232474898,104.0,128.0
test is,0.9924426950721447,56.0,63.0
with a,0.9909237797442322,519.0,728.0
reaction,0.9902280767361068,62.0,71.0
you if,0.9890028013684379,27.0,26.0
fee is,0.9890028013684379,27.0,26.0
not have,0.9885421815603137,46.0,50.0
games,0.9885421815603137,46.0,50.0
rust,0.9885421815603137,46.0,50.0
interfere,0.9885421815603137,46.0,50.0
always necessary,0.9885380084761074,39.0,41.0
is too,0.9879376233086892,114.0,142.0
a bad,0.9878900905980706,22.0,20.0
calorie balance,0.9878900905980706,22.0,20.0
guarantee of,0.9878900905980706,22.0,20.0
exceed the,0.9878900905980706,22.0,20.0
the card,0.9878900905980706,22.0,20.0
heavily soiled,0.9878900905980706,22.0,20.0
too strong,0.9843980825303662,35.0,36.0
deficient,0.9839310025482895,31.0,31.0
duct tape,0.9839310025482895,31.0,31.0
by cooling,0.9839310025482895,31.0,31.0
switching,0.9839310025482895,31.0,31.0
as effective,0.9839310025482895,31.0,31.0
a minute,0.9821135026767143,15.0,12.0
interested,0.9821135026767143,15.0,12.0
required by,0.9821135026767143,15.0,12.0
disagree,0.9821135026767143,15.0,12.0
you'll need,0.9821135026767143,15.0,12.0
stool,0.9821135026767143,15.0,12.0
is harmful,0.9821135026767143,15.0,12.0
have symptoms,0.9821135026767143,15.0,12.0
pay a,0.9821135026767143,15.0,12.0
need less,0.9821135026767143,15.0,12.0
best results,0.9821135026767143,15.0,12.0
the message,0.9821135026767143,15.0,12.0
should verify,0.9821135026767143,15.0,12.0
at most,0.9821135026767143,15.0,12.0
towers,0.9821135026767143,15.0,12.0
safe if,0.9797807313640632,42.0,45.0
is minimal,0.9797807313640632,42.0,45.0
if used,0.9732226499037524,45.0,49.0
green tea,0.9732114388502681,26.0,25.0
cause irritation,0.9732114388502681,26.0,25.0
the manual's,0.9732114388502681,26.0,25.0
tested for,0.9732114388502681,26.0,25.0
fine print,0.9728316361104962,38.0,40.0
light glasses,0.9728316361104962,38.0,40.0
repeatedly,0.9727639749120536,21.0,19.0
the pads,0.9727639749120536,21.0,19.0
basics,0.9727639749120536,21.0,19.0
track your,0.9727639749120536,21.0,19.0
and verify,0.9727639749120536,21.0,19.0
flea,0.9727639749120536,21.0,19.0
is cheaper,0.9727639749120536,21.0,19.0
change but,0.970608196286082,14.0,11.0
them if,0.970608196286082,14.0,11.0
still has,0.970608196286082,14.0,11.0
rebound,0.970608196286082,14.0,11.0
supported for,0.970608196286082,14.0,11.0
cause eye,0.970608196286082,14.0,11.0
medical condition,0.970608196286082,14.0,11.0
battery can,0.970608196286082,14.0,11.0
encryption is,0.970608196286082,14.0,11.0
tea is,0.970608196286082,14.0,11.0
likely not,0.970608196286082,14.0,11.0
the rest,0.970608196286082,14.0,11.0
performance on,0.970608196286082,14.0,11.0
extremely low,0.970608196286082,14.0,11.0
dogs and,0.970608196286082,14.0,11.0
causes a,0.970608196286082,14.0,11.0
you likely,0.970608196286082,14.0,11.0
your activity,0.970608196286082,14.0,11.0
frozen vegetables,0.970608196286082,14.0,11.0
with daily,0.970608196286082,14.0,11.0
microwave,0.9701130183839982,279.0,378.0
remove surface,0.9684748456660138,34.0,35.0
sealant,0.9684748456660138,34.0,35.0
supervision,0.968434265164182,48.0,53.0
committing,0.9679302154542084,30.0,30.0
viral,0.9679302154542084,30.0,30.0
draining,0.9679302154542084,30.0,30.0
work if,0.9679302154542084,30.0,30.0
when used,0.9679302154542084,30.0,30.0
target,0.9642923939463575,69.0,81.0
cough,0.9629345577431974,54.0,61.0
or other,0.9627981113690456,66.0,77.0
no strong,0.9626895992488921,122.0,154.0
for every,0.9617719239666661,57.0,65.0
have not,0.9608623169529391,104.0,129.0
can push,0.9597544587966887,13.0,10.0
official channels,0.9597544587966887,13.0,10.0
or safe,0.9597544587966887,13.0,10.0
the digestive,0.9597544587966887,13.0,10.0
research does,0.9597544587966887,13.0,10.0
the eardrum,0.9597544587966887,13.0,10.0
conscious,0.9597544587966887,13.0,10.0
timeline is,0.9597544587966887,13.0,10.0
the plan,0.9597544587966887,13.0,10.0
is truly,0.9597544587966887,13.0,10.0
to limit,0.9597544587966887,13.0,10.0
shorten the,0.9597544587966887,13.0,10.0
not ask,0.9597544587966887,13.0,10.0
before assuming,0.9597544587966887,13.0,10.0
a positive,0.9597544587966887,13.0,10.0
compact,0.9597544587966887,13.0,10.0
reduce traction,0.9597544587966887,13.0,10.0
that often,0.9597544587966887,13.0,10.0
a metal,0.9597544587966887,13.0,10.0
is guaranteed,0.9597544587966887,13.0,10.0
but avoid,0.9597544587966887,13.0,10.0
from sleep,0.9597544587966887,13.0,10.0
the eye,0.9597544587966887,13.0,10.0
month,0.9577559822937963,134.0,171.0
kit,0.9576849333860082,44.0,48.0
common misconception,0.9574852979937423,20.0,18.0
month is,0.9574852979937423,20.0,18.0
of it,0.9574852979937423,20.0,18.0
heavy metals,0.9574852979937423,20.0,18.0
suddenly,0.9574852979937423,20.0,18.0
when it,0.9574852979937423,20.0,18.0
quality but,0.9574852979937423,20.0,18.0
wastes fuel,0.9571700822594845,25.0,24.0
dna,0.9571700822594845,25.0,24.0
should not,0.9523636487232416,71.0,84.0
aspirin,0.9522896986875313,33.0,34.0
effect is,0.9519950073429226,232.0,311.0
usually the,0.9516604935390618,29.0,29.0
situation,0.9502356437240419,68.0,80.0
lawyer,0.9498721168638992,50.0,56.0
individual needs,0.9498008207291876,12.0,9.0
some benefits,0.9498008207291876,12.0,9.0
number isn't,0.9498008207291876,12.0,9.0
matters most,0.9498008207291876,12.0,9.0
in honey,0.9498008207291876,12.0,9.0
go 5,0.9498008207291876,12.0,9.0
of fat,0.9498008207291876,12.0,9.0
other methods,0.9498008207291876,12.0,9.0
not equivalent,0.9498008207291876,12.0,9.0
payment method,0.9498008207291876,12.0,9.0
quick fix,0.9498008207291876,12.0,9.0
to discard,0.9498008207291876,12.0,9.0
misinformation,0.9498008207291876,12.0,9.0
strength or,0.9498008207291876,12.0,9.0
for fat,0.9498008207291876,12.0,9.0
because some,0.9498008207291876,12.0,9.0
they only,0.9498008207291876,12.0,9.0
no special,0.9498008207291876,12.0,9.0
a healthier,0.9498008207291876,12.0,9.0
literally,0.9498008207291876,12.0,9.0
door open,0.9498008207291876,12.0,9.0
feel more,0.9498008207291876,12.0,9.0
they prevent,0.9498008207291876,12.0,9.0
unpredictable,0.9498008207291876,12.0,9.0
medical evidence,0.9498008207291876,12.0,9.0
needed but,0.9498008207291876,12.0,9.0
metabolism but,0.9498008207291876,12.0,9.0
engine,0.9487207352747329,218.0,291.0
possible but,0.9482421907581937,40.0,43.0
cats,0.947374556746747,62.0,72.0
away,0.9465445046707585,133.0,170.0
vinegar,0.9453755445516292,229.0,307.0
normal,0.9425014230392526,393.0,546.0
reduce your,0.9420612280364847,19.0,17.0
total calories,0.9420612280364847,19.0,17.0
easy to,0.9420612280364847,19.0,17.0
silica gel,0.9420612280364847,19.0,17.0
outdated advice,0.9420612280364847,19.0,17.0
discharges can,0.9420612280364847,19.0,17.0
colds are,0.9420612280364847,19.0,17.0
three days,0.9420612280364847,19.0,17.0
increase infection,0.9420612280364847,19.0,17.0
is non,0.9420612280364847,19.0,17.0
and good,0.9408672998972047,24.0,23.0
people use,0.9408672998972047,24.0,23.0
for health,0.9408672998972047,24.0,23.0
stone,0.9408672998972047,24.0,23.0
ask a,0.9408672998972047,24.0,23.0
and heart,0.9408672998972047,24.0,23.0
test on,0.9408672998972047,24.0,23.0
have more,0.9408672998972047,24.0,23.0
for evidence,0.9406693447693728,36.0,38.0
barrier,0.9374408942412003,46.0,51.0
morning,0.9374408942412003,46.0,51.0
thousands,0.9358294518200334,32.0,33.0
turning,0.9358294518200334,32.0,33.0
perfectly,0.9358294518200334,32.0,33.0
means,0.9354084762187648,168.0,220.0
you're not,0.9351077995058449,28.0,28.0
it's the,0.9351077995058449,28.0,28.0
thick,0.9344505153546512,49.0,55.0
is also,0.934143391377058,64.0,75.0
is mostly,0.9338164722897582,78.0,94.0
random,0.9321058546552256,39.0,42.0
further,0.9319853304300675,58.0,67.0
permanent fix,0.9265028219436061,18.0,16.0
phone is,0.9265028219436061,18.0,16.0
gave,0.9265028219436061,18.0,16.0
a failing,0.9265028219436061,18.0,16.0
sun protection,0.9265028219436061,18.0,16.0
repellent,0.9265028219436061,18.0,16.0
the ad,0.9265028219436061,18.0,16.0
without evidence,0.9265028219436061,18.0,16.0
outside the,0.9265028219436061,18.0,16.0
too small,0.9265028219436061,18.0,16.0
posting,0.9265028219436061,18.0,16.0
for back,0.9265028219436061,18.0,16.0
your risk,0.9265028219436061,18.0,16.0
the battery,0.9261833425558673,195.0,259.0
the benefits,0.925918422457803,42.0,46.0
local tenancy,0.9242908830571227,23.0,22.0
reasonable but,0.9242908830571227,23.0,22.0
cast,0.9242908830571227,23.0,22.0
for less,0.9242908830571227,23.0,22.0
items,0.9216412028049775,116.0,147.0
your car,0.9216117389704758,45.0,50.0
useful but,0.9216117389704758,45.0,50.0
become,0.9201171995449011,77.0,93.0
effectiveness,0.9201171995449011,77.0,93.0
add benefit,0.9190797827334672,31.0,32.0
matches,0.9190797827334672,31.0,32.0
for most,0.9188352664059257,470.0,661.0
to remove,0.9188165994164457,48.0,54.0
urgency,0.9182568307340255,27.0,27.0
alert,0.9182568307340255,27.0,27.0
them in,0.9182568307340255,27.0,27.0
vacuum,0.9182568307340255,27.0,27.0
next,0.9172520691336377,51.0,58.0
course,0.9172520691336377,51.0,58.0
and don't,0.9167005614302439,54.0,62.0
peroxide,0.9167005614302439,54.0,62.0
absorbed,0.9157098912175232,38.0,41.0
install,0.9157098912175232,38.0,41.0
lamps,0.9108264751156276,17.0,15.0
disease risk,0.9108264751156276,17.0,15.0
he was,0.9108264751156276,17.0,15.0
prevention is,0.9108264751156276,17.0,15.0
shielding,0.9108264751156276,17.0,15.0
should get,0.9108264751156276,17.0,15.0
for severe,0.9108264751156276,17.0,15.0
slightly increase,0.9108264751156276,17.0,15.0
yours,0.9108264751156276,17.0,15.0
worsen the,0.9108264751156276,17.0,15.0
bank,0.9096862781132526,115.0,146.0
vomiting,0.9096697941053006,41.0,45.0
fever,0.9076176359996341,92.0,114.0
facial,0.9074277981728648,22.0,21.0
cost more,0.9074277981728648,22.0,21.0
symptoms but,0.9055488975252481,44.0,49.0
no effect,0.9016184818047047,50.0,57.0
grapefruit,0.9010908536000943,26.0,26.0
master,0.8990420524202595,37.0,40.0
guideline not,0.8990420524202595,37.0,40.0
possible,0.8982174510717782,255.0,347.0
other,0.8976871823101157,624.0,891.0
contacting,0.8950559791529329,16.0,14.0
not ideal,0.8950559791529329,16.0,14.0
on evidence,0.8950559791529329,16.0,14.0
parasites,0.8950559791529329,16.0,14.0
a stain,0.8950559791529329,16.0,14.0
suit,0.8950559791529329,16.0,14.0
the decision,0.8950559791529329,16.0,14.0
it improves,0.8950559791529329,16.0,14.0
bait,0.8950559791529329,16.0,14.0
too frequent,0.8950559791529329,16.0,14.0
medications and,0.8950559791529329,16.0,14.0
an enzyme,0.8950559791529329,16.0,14.0
taking breaks,0.8950559791529329,16.0,14.0
reduce it,0.8950559791529329,16.0,14.0
heat loss,0.8931631919763001,40.0,44.0
advance,0.8903645507788612,33.0,35.0
storage is,0.8902641453448464,21.0,20.0
onion,0.8902641453448464,21.0,20.0
and over,0.8902641453448464,21.0,20.0
can handle,0.8902641453448464,21.0,20.0
doubling,0.8892425920023841,43.0,48.0
and consider,0.8891668313467371,88.0,109.0
conversation,0.8868785599812564,46.0,52.0
waste,0.8864890681512686,118.0,151.0
is caused,0.8846483654107463,29.0,30.0
vent,0.8846483654107463,29.0,30.0
strain is,0.8846483654107463,29.0,30.0
not exactly,0.8835915088163336,25.0,25.0
predictions,0.8835915088163336,25.0,25.0
gift,0.8835915088163336,25.0,25.0
affect the,0.8835915088163336,25.0,25.0
budget,0.882748904068947,77.0,94.0
say,0.8825502361670611,251.0,342.0
can indicate,0.8820891333958235,36.0,39.0
distress,0.8792254913767912,15.0,13.0
your manual's,0.8792254913767912,15.0,13.0
reminder,0.8792254913767912,15.0,13.0
it before,0.8792254913767912,15.0,13.0
by mainstream,0.8792254913767912,15.0,13.0
foam can,0.8792254913767912,15.0,13.0
on modern,0.8792254913767912,15.0,13.0
shine,0.8792254913767912,15.0,13.0
watching,0.8792254913767912,15.0,13.0
though not,0.8792254913767912,15.0,13.0
just avoid,0.8792254913767912,15.0,13.0
background apps,0.8792254913767912,15.0,13.0
or salicylic,0.8792254913767912,15.0,13.0
can offer,0.8792254913767912,15.0,13.0
baby's,0.8792254913767912,15.0,13.0
polish,0.8792254913767912,15.0,13.0
body fat,0.8792254913767912,15.0,13.0
is designed,0.8729891509064843,32.0,34.0
may temporarily,0.8729891509064843,32.0,34.0
is influenced,0.8727851296954742,20.0,19.0
diets are,0.8727851296954742,20.0,19.0
vinegar may,0.8727851296954742,20.0,19.0
websites can,0.8727851296954742,20.0,19.0
owe,0.8727851296954742,20.0,19.0
for safety,0.8705564862474996,45.0,51.0
fruit,0.8698635815146603,51.0,59.0
safer for,0.8669309349056787,28.0,29.0
research the,0.8669309349056787,28.0,29.0
rule out,0.8669309349056787,28.0,29.0
before committing,0.8669309349056787,28.0,29.0
precaution,0.8657385813402598,24.0,24.0
many homes,0.8657385813402598,24.0,24.0
cavities,0.8657385813402598,24.0,24.0
binding,0.8648368674127819,35.0,38.0
is negligible,0.8648368674127819,35.0,38.0
toxin removal,0.863383902992517,14.0,12.0
diet with,0.863383902992517,14.0,12.0
for heart,0.863383902992517,14.0,12.0
independent inspection,0.863383902992517,14.0,12.0
still recommended,0.863383902992517,14.0,12.0
swallowed,0.863383902992517,14.0,12.0
to add,0.863383902992517,14.0,12.0
to report,0.863383902992517,14.0,12.0
whitens,0.863383902992517,14.0,12.0
an infection,0.863383902992517,14.0,12.0
diets have,0.863383902992517,14.0,12.0
through diet,0.863383902992517,14.0,12.0
cold can,0.863383902992517,14.0,12.0
letting it,0.863383902992517,14.0,12.0
plain water,0.863383902992517,14.0,12.0
ideal for,0.863383902992517,14.0,12.0
a central,0.863383902992517,14.0,12.0
tracking but,0.863383902992517,14.0,12.0
any oil,0.863383902992517,14.0,12.0
feelings,0.863383902992517,14.0,12.0
on energy,0.863383902992517,14.0,12.0
something,0.8596159319125735,59.0,70.0
amounts of,0.8593280872049359,38.0,42.0
not well,0.8570709221738068,56.0,66.0
receive,0.855857091466804,41.0,46.0
need more,0.855857091466804,41.0,46.0
fan,0.855857091466804,41.0,46.0
them doesn't,0.8552825464119965,31.0,33.0
antifungal,0.8552825464119965,31.0,33.0
a strict,0.8551539327123874,67.0,81.0
the acid,0.8549750558610859,19.0,18.0
risk if,0.8549750558610859,19.0,18.0
not complete,0.8549750558610859,19.0,18.0
tool but,0.8549750558610859,19.0,18.0
can keep,0.8549750558610859,19.0,18.0
many cars,0.8549750558610859,19.0,18.0
get it,0.8549750558610859,19.0,18.0
peroxide or,0.8549750558610859,19.0,18.0
stories,0.8549750558610859,19.0,18.0
are real,0.8549750558610859,19.0,18.0
not directly,0.8549750558610859,19.0,18.0
chemical,0.8543186592139769,108.0,138.0
time to,0.8539861051861931,44.0,50.0
with some,0.8539861051861931,44.0,50.0
lock,0.8533907735190811,47.0,54.0
dry,0.8510305002366161,254.0,348.0
a supportive,0.8476014082418886,13.0,11.0
sunscreen can,0.8476014082418886,13.0,11.0
driven by,0.8476014082418886,13.0,11.0
honey and,0.8476014082418886,13.0,11.0
well but,0.8476014082418886,13.0,11.0
tactics,0.8476014082418886,13.0,11.0
focus and,0.8476014082418886,13.0,11.0
allergies or,0.8476014082418886,13.0,11.0
strong unique,0.8476014082418886,13.0,11.0
can shorten,0.8476014082418886,13.0,11.0
a poor,0.8476014082418886,13.0,11.0
and kidney,0.8476014082418886,13.0,11.0
medical organizations,0.8476014082418886,13.0,11.0
and provides,0.8476014082418886,13.0,11.0
cheap and,0.8476014082418886,13.0,11.0
some grain,0.8476014082418886,13.0,11.0
or twice,0.8476014082418886,13.0,11.0
a bottle,0.8476014082418886,13.0,11.0
say they,0.8476014082418886,13.0,11.0
destroy the,0.8476014082418886,13.0,11.0
are red,0.8476014082418886,13.0,11.0
thirty,0.8476014082418886,13.0,11.0
regrowth,0.8475097266388422,23.0,23.0
permanent damage,0.8475097266388422,23.0,23.0
calls,0.8472698058849203,34.0,37.0
requires,0.8423359327380259,356.0,498.0
egg,0.8419733026629881,37.0,41.0
lifestyle,0.8419733026629881,37.0,41.0
000 is,0.8419733026629881,37.0,41.0
quickly,0.84101774141953,131.0,171.0
your own,0.8408637004073132,159.0,211.0
chocolate,0.8402592955771268,74.0,91.0
did not,0.8391179763383154,52.0,61.0
abrasive and,0.8387547594793049,40.0,45.0
for more,0.8387547594793049,40.0,45.0
waxing,0.8372258662501257,30.0,32.0
preserves,0.8372258662501257,30.0,32.0
inflammatory,0.8371569065328046,43.0,49.0
ozone,0.8371569065328046,43.0,49.0
from one,0.8368173621043955,18.0,17.0
to eat,0.8368173621043955,18.0,17.0
rosemary oil,0.8368173621043955,18.0,17.0
constipation,0.8368173621043955,18.0,17.0
gradual,0.8339355049448871,89.0,112.0
couple of,0.8319796406752805,12.0,10.0
intake the,0.8319796406752805,12.0,10.0
draw out,0.8319796406752805,12.0,10.0
rehabilitation,0.8319796406752805,12.0,10.0
therapy for,0.8319796406752805,12.0,10.0
a burn,0.8319796406752805,12.0,10.0
ionizing and,0.8319796406752805,12.0,10.0
the situation,0.8319796406752805,12.0,10.0
cheapest,0.8319796406752805,12.0,10.0
tract,0.8319796406752805,12.0,10.0
to increase,0.8319796406752805,12.0,10.0
health conditions,0.8319796406752805,12.0,10.0
once or,0.8319796406752805,12.0,10.0
the delay,0.8319796406752805,12.0,10.0
guarantee for,0.8319796406752805,12.0,10.0
sometimes use,0.8319796406752805,12.0,10.0
is perfect,0.8319796406752805,12.0,10.0
high the,0.8319796406752805,12.0,10.0
comfort is,0.8319796406752805,12.0,10.0
very limited,0.8319796406752805,12.0,10.0
muscle loss,0.8319796406752805,12.0,10.0
air purifier,0.8319796406752805,12.0,10.0
the metal,0.8319796406752805,12.0,10.0
and delay,0.8319796406752805,12.0,10.0
odors but,0.8319796406752805,12.0,10.0
guaranteed high,0.8319796406752805,12.0,10.0
recommended and,0.8319796406752805,12.0,10.0
whatever,0.8319796406752805,12.0,10.0
a reason,0.8303898642858221,26.0,27.0
practice but,0.8293711807637479,33.0,36.0
bacteria but,0.8293711807637479,33.0,36.0
useless,0.8293711807637479,33.0,36.0
sharing,0.8293711807637479,33.0,36.0
the market,0.8293711807637479,33.0,36.0
traps,0.8288801427414884,22.0,22.0
fix for,0.8288801427414884,22.0,22.0
tradition,0.8288801427414884,22.0,22.0
a tax,0.8288801427414884,22.0,22.0
and it's,0.8288801427414884,22.0,22.0
charged,0.8288801427414884,22.0,22.0
shown,0.8286823570020398,144.0,190.0
own,0.8268303846864168,288.0,399.0
stick,0.8229149641916054,51.0,60.0
unsolicited,0.8213625402689996,39.0,44.0
confirmed,0.8213625402689996,39.0,44.0
mainly,0.8203891926633431,88.0,111.0
create a,0.8200445819988481,45.0,52.0
muscles,0.8200445819988481,45.0,52.0
by person,0.8182947205506598,17.0,16.0
replacing a,0.8182947205506598,17.0,16.0
allergic reactions,0.8182947205506598,17.0,16.0
braces,0.8182947205506598,17.0,16.0
that cause,0.8182947205506598,17.0,16.0
restart,0.8182947205506598,17.0,16.0
cause uneven,0.8182947205506598,17.0,16.0
audience,0.8182947205506598,17.0,16.0
ever,0.8182947205506598,17.0,16.0
vet can,0.8182947205506598,17.0,16.0
day,0.8171331828713698,359.0,504.0
swelling but,0.8166677917966968,11.0,9.0
reliable the,0.8166677917966968,11.0,9.0
diuretics,0.8166677917966968,11.0,9.0
contact and,0.8166677917966968,11.0,9.0
well studied,0.8166677917966968,11.0,9.0
on real,0.8166677917966968,11.0,9.0
convenient and,0.8166677917966968,11.0,9.0
whole grains,0.8166677917966968,11.0,9.0
processed foods,0.8166677917966968,11.0,9.0
your dentist,0.8166677917966968,11.0,9.0
should only,0.8166677917966968,11.0,9.0
option if,0.8166677917966968,11.0,9.0
it meets,0.8166677917966968,11.0,9.0
home is,0.8166677917966968,11.0,9.0
inert,0.8166677917966968,11.0,9.0
for energy,0.8166677917966968,11.0,9.0
standard treatments,0.8166677917966968,11.0,9.0
fat is,0.8166677917966968,11.0,9.0
takes time,0.8166677917966968,11.0,9.0
terms you,0.8166677917966968,11.0,9.0
is real,0.8151335941121375,67.0,82.0
past,0.8139658871401536,95.0,121.0
advise,0.8129785392577588,241.0,331.0
spf,0.8127042654876189,56.0,67.0
infection risk,0.8115185776104431,25.0,26.0
a health,0.8115185776104431,25.0,26.0
sunlight,0.8115185776104431,25.0,26.0
small effect,0.8115185776104431,25.0,26.0
up and,0.8115185776104431,25.0,26.0
migraine,0.8115185776104431,25.0,26.0
not reflect,0.8098221743516899,21.0,21.0
lock in,0.8098221743516899,21.0,21.0
alone isn't,0.8098221743516899,21.0,21.0
active ingredient,0.8098221743516899,21.0,21.0
silicone,0.8098221743516899,21.0,21.0
that's more,0.8093198040687879,53.0,63.0
light can,0.8063156353354785,35.0,39.0
use is,0.8043205156794685,47.0,55.0
flavor,0.8036666247126633,38.0,43.0
is best,0.8029835856907389,44.0,51.0
important for,0.802676365136973,41.0,47.0
mostly,0.8023671234447695,160.0,214.0
whitening,0.8007309706831806,79.0,99.0
color,0.8006659696939823,94.0,120.0
setting,0.8000374651240069,66.0,81.0
water but,0.7999775214785295,28.0,30.0
minoxidil,0.7999775214785295,28.0,30.0
what matters,0.7999775214785295,28.0,30.0
love,0.7999775214785295,28.0,30.0
powerful,0.7993892465704973,16.0,15.0
in 30,0.7993892465704973,16.0,15.0
can become,0.7993892465704973,16.0,15.0
is toxic,0.7993892465704973,16.0,15.0
timing is,0.7993892465704973,16.0,15.0
seeking,0.7993892465704973,16.0,15.0
milk is,0.7993892465704973,16.0,15.0
lacking medicated,0.7993892465704973,16.0,15.0
fits your,0.7993892465704973,16.0,15.0
filter can,0.7993892465704973,16.0,15.0
temporary and,0.7993892465704973,16.0,15.0
exposure can,0.7993892465704973,16.0,15.0
red flag,0.7947225004133597,63.0,77.0
can use,0.7931598695810232,81.0,102.0
discomfort,0.7929727573111944,52.0,62.0
hepa,0.7929727573111944,52.0,62.0
historically,0.7922106102568387,24.0,25.0
stripping,0.7922106102568387,24.0,25.0
in normal,0.7922106102568387,24.0,25.0
flowers,0.7903048309789489,20.0,20.0
rosemary,0.7903048309789489,20.0,20.0
benefit and,0.7903048309789489,20.0,20.0
health the,0.7903048309789489,20.0,20.0
blades,0.7903048309789489,20.0,20.0
growth is,0.7903048309789489,20.0,20.0
definitely,0.7903048309789489,20.0,20.0
drying,0.7896445404082433,60.0,73.0
mild,0.7888565117450803,179.0,242.0
leaves,0.7888120702615029,98.0,126.0
is highly,0.7879796268941265,34.0,38.0
water or,0.7873243206299614,46.0,54.0
to verify,0.7873243206299614,46.0,54.0
prevention,0.7868583655847434,138.0,183.0
bags,0.7856521375815033,37.0,42.0
choice if,0.7856493139459266,43.0,50.0
reverse,0.7832296273490362,100.0,129.0
differ,0.7815787813961919,70.0,87.0
free,0.7811914143049801,348.0,490.0
meditation,0.7807380611646925,27.0,29.0
optimistic,0.7807380611646925,27.0,29.0
tomatoes,0.7807380611646925,27.0,29.0
scheme,0.7807380611646925,27.0,29.0
if that,0.7807380611646925,27.0,29.0
to start,0.7807380611646925,27.0,29.0
drinking water,0.7807380611646925,27.0,29.0
microwave safe,0.7806855515000528,158.0,212.0
are separate,0.780082888099066,15.0,14.0
reduce puffiness,0.780082888099066,15.0,14.0
and two,0.780082888099066,15.0,14.0
last much,0.780082888099066,15.0,14.0
a password,0.780082888099066,15.0,14.0
having a,0.780082888099066,15.0,14.0
still require,0.780082888099066,15.0,14.0
that 5g,0.780082888099066,15.0,14.0
reviewing,0.780082888099066,15.0,14.0
time can,0.780082888099066,15.0,14.0
have enough,0.780082888099066,15.0,14.0
your usage,0.780082888099066,15.0,14.0
the product,0.7791764732805766,62.0,76.0
purifier,0.7734949463198101,30.0,33.0
a food,0.7734949463198101,30.0,33.0
needed,0.7725240581477848,436.0,621.0
can build,0.7724348758453414,23.0,24.0
carrying,0.7724348758453414,23.0,24.0
to do,0.7724348758453414,23.0,24.0
before the,0.7724348758453414,23.0,24.0
cartilage,0.7724348758453414,23.0,24.0
effective as,0.7702931951027626,19.0,19.0
digest,0.7702931951027626,19.0,19.0
a hot,0.7702931951027626,19.0,19.0
phones manage,0.7702931951027626,19.0,19.0
despite,0.7702931951027626,19.0,19.0
calorie burn,0.7702931951027626,19.0,19.0
silica,0.7702931951027626,19.0,19.0
names,0.7702931951027626,19.0,19.0
30 is,0.7702931951027626,19.0,19.0
low and,0.7702931951027626,19.0,19.0
prescription,0.7700640925010255,45.0,53.0
fits,0.7692810459791366,33.0,37.0
hold,0.7687052598581108,56.0,68.0
benefits,0.7678778293344625,281.0,392.0
last longer,0.7670151767412318,39.0,45.0
fear,0.7670151767412318,39.0,45.0
weeks,0.7659787719372537,238.0,329.0
well,0.7646487159872407,484.0,693.0
is lower,0.761052301533436,26.0,28.0
allergens,0.761052301533436,26.0,28.0
can happen,0.761052301533436,26.0,28.0
huge,0.761052301533436,26.0,28.0
not eliminate,0.761052301533436,26.0,28.0
want the,0.7603581134129799,14.0,13.0
high returns,0.7603581134129799,14.0,13.0
test before,0.7603581134129799,14.0,13.0
few times,0.7603581134129799,14.0,13.0
not match,0.7603581134129799,14.0,13.0
ease,0.7603581134129799,14.0,13.0
a huge,0.7603581134129799,14.0,13.0
mention the,0.7603581134129799,14.0,13.0
the reaction,0.7603581134129799,14.0,13.0
still track,0.7603581134129799,14.0,13.0
conditions it,0.7603581134129799,14.0,13.0
stuck,0.7603581134129799,14.0,13.0
the sound,0.7603581134129799,14.0,13.0
your overall,0.7603581134129799,14.0,13.0
see what,0.7603581134129799,14.0,13.0
also come,0.7603581134129799,14.0,13.0
possibility,0.7603581134129799,14.0,13.0
sensitive to,0.7603581134129799,14.0,13.0
is much,0.7600548374287677,66.0,82.0
buy,0.7585224014439831,86.0,110.0
scratches,0.7557409251600882,47.0,56.0
to test,0.7540698976184441,29.0,32.0
permissions,0.7540698976184441,29.0,32.0
water may,0.7540698976184441,29.0,32.0
the local,0.7540698976184441,29.0,32.0
grease,0.7525287730814324,44.0,52.0
if any,0.7521564864708868,22.0,23.0
extra virgin,0.7521564864708868,22.0,23.0
wound,0.7521564864708868,22.0,23.0
essential oils,0.7521564864708868,22.0,23.0
turn off,0.7521564864708868,22.0,23.0
clear,0.7514541059324286,245.0,340.0
vulnerable,0.7501995150767513,32.0,36.0
at normal,0.7501995150767513,32.0,36.0
reactions,0.7501123361430962,41.0,48.0
gut,0.7501123361430962,41.0,48.0
better in,0.7497476880458921,18.0,18.0
pads are,0.7497476880458921,18.0,18.0
than one,0.7497476880458921,18.0,18.0
acid reflux,0.7497476880458921,18.0,18.0
neutralize,0.7497476880458921,18.0,18.0
whole,0.7487424388695834,137.0,183.0
generally not,0.748706616830795,38.0,44.0
hormones,0.7486019164873192,35.0,40.0
outdated for,0.7486019164873192,35.0,40.0
necessarily,0.7473783913479862,197.0,270.0
easy,0.7472400827283734,52.0,63.0
overstated,0.7426407031813858,75.0,95.0
handle,0.7426407031813858,75.0,95.0
that doesn't,0.7425296431762515,49.0,59.0
valuable,0.7408893989573541,25.0,27.0
a possible,0.7408893989573541,25.0,27.0
a uv,0.7401991001235928,13.0,12.0
future results,0.7401991001235928,13.0,12.0
funds are,0.7401991001235928,13.0,12.0
salt and,0.7401991001235928,13.0,12.0
has warned,0.7401991001235928,13.0,12.0
your time,0.7401991001235928,13.0,12.0
enough that,0.7401991001235928,13.0,12.0
reflective,0.7401991001235928,13.0,12.0
causes brain,0.7401991001235928,13.0,12.0
can trigger,0.7401991001235928,13.0,12.0
passes through,0.7401991001235928,13.0,12.0
scrub,0.7401991001235928,13.0,12.0
toothpaste may,0.7401991001235928,13.0,12.0
be normal,0.7401991001235928,13.0,12.0
nutrient loss,0.7401991001235928,13.0,12.0
agreeing,0.7401991001235928,13.0,12.0
often under,0.7401991001235928,13.0,12.0
some apps,0.7401991001235928,13.0,12.0
without an,0.7401991001235928,13.0,12.0
established the,0.7401991001235928,13.0,12.0
for prevention,0.7401991001235928,13.0,12.0
is simple,0.7401991001235928,13.0,12.0
draws,0.7401991001235928,13.0,12.0
longer but,0.7401991001235928,13.0,12.0
hard to,0.7383100626629798,46.0,55.0
results vary,0.7379059229548038,62.0,77.0
strict,0.7369226915204296,113.0,149.0
limited evidence,0.7357636662346573,54.0,66.0
tap,0.7357636662346573,54.0,66.0
patches,0.7342031330360805,28.0,31.0
trim,0.7342031330360805,28.0,31.0
gluten free,0.7342031330360805,28.0,31.0
can often,0.7313997180243204,59.0,73.0
stainless,0.7313360788939656,21.0,22.0
it's one,0.7313360788939656,21.0,22.0
earn,0.7313360788939656,21.0,22.0
they work,0.7313360788939656,21.0,22.0
are tested,0.7307127858809026,31.0,35.0
only way,0.7307127858809026,31.0,35.0
little evidence,0.7295299927874369,34.0,39.0
develop,0.7295299927874369,34.0,39.0
a true,0.7286231493672409,17.0,17.0
don't guarantee,0.7286231493672409,17.0,17.0
about your,0.7286231493672409,17.0,17.0
not double,0.7286231493672409,17.0,17.0
but normal,0.7286231493672409,17.0,17.0
forcing,0.7286231493672409,17.0,17.0
a great,0.7286231493672409,17.0,17.0
often caused,0.7286231493672409,17.0,17.0
trauma,0.7286231493672409,17.0,17.0
the loan,0.7286231493672409,17.0,17.0
and will,0.7286231493672409,17.0,17.0
friends,0.7286231493672409,17.0,17.0
consider adding,0.7286231493672409,17.0,17.0
not worth,0.7286231493672409,17.0,17.0
normal cooking,0.7286231493672409,17.0,17.0
evidence suggests,0.7286231493672409,17.0,17.0
bad,0.7242774526991466,86.0,111.0
damaged,0.7242774526991466,86.0,111.0
or from,0.7202149265386385,24.0,26.0
ups are,0.7202149265386385,24.0,26.0
sleep stages,0.7202149265386385,24.0,26.0
alter,0.7202149265386385,24.0,26.0
high pressure,0.7202149265386385,24.0,26.0
heat can,0.7202149265386385,24.0,26.0
plugs,0.7202149265386385,24.0,26.0
a trial,0.7195937814180983,12.0,11.0
basics but,0.7195937814180983,12.0,11.0
leave the,0.7195937814180983,12.0,11.0
cancer prevention,0.7195937814180983,12.0,11.0
replacement doesn't,0.7195937814180983,12.0,11.0
to apply,0.7195937814180983,12.0,11.0
severe or,0.7195937814180983,12.0,11.0
lifespan varies,0.7195937814180983,12.0,11.0
a payment,0.7195937814180983,12.0,11.0
and mostly,0.7195937814180983,12.0,11.0
last 15,0.7195937814180983,12.0,11.0
complete rest,0.7195937814180983,12.0,11.0
harm plants,0.7195937814180983,12.0,11.0
and apply,0.7195937814180983,12.0,11.0
use that's,0.7195937814180983,12.0,11.0
the change,0.7195937814180983,12.0,11.0
still help,0.7195937814180983,12.0,11.0
for hours,0.7195937814180983,12.0,11.0
scrubbing,0.7195937814180983,12.0,11.0
don't ask,0.7195937814180983,12.0,11.0
shield,0.7195937814180983,12.0,11.0
not treat,0.7195937814180983,12.0,11.0
cheaper but,0.7195937814180983,12.0,11.0
viruses and,0.7195937814180983,12.0,11.0
tailoring,0.7195937814180983,12.0,11.0
transition,0.7195937814180983,12.0,11.0
a case,0.7195937814180983,12.0,11.0
hydrated and,0.7195937814180983,12.0,11.0
six weeks,0.7195937814180983,12.0,11.0
immediately after,0.7195937814180983,12.0,11.0
standard treatment,0.7195937814180983,12.0,11.0
toxin,0.7138655808063772,27.0,30.0
and increase,0.7133276018992486,39.0,46.0
valid,0.7129957272801406,63.0,79.0
out,0.7128791897956652,403.0,576.0
hidden,0.7127175864151378,73.0,93.0
bread,0.71230961772249,68.0,86.0
to have,0.7110534270686907,36.0,42.0
practice is,0.7107964994749016,30.0,34.0
needs vary,0.7107964994749016,30.0,34.0
take a,0.7099289811292694,20.0,21.0
and increases,0.7099289811292694,20.0,21.0
cheaper and,0.7099289811292694,20.0,21.0
more nuanced,0.7099289811292694,20.0,21.0
all the,0.7099289811292694,20.0,21.0
puppy,0.7099289811292694,20.0,21.0
clearing cache,0.7099289811292694,20.0,21.0
raw,0.7090190169939024,120.0,160.0
withholding,0.7068676683879564,16.0,16.0
label for,0.7068676683879564,16.0,16.0
and salt,0.7068676683879564,16.0,16.0
an immediate,0.7068676683879564,16.0,16.0
slowly and,0.7068676683879564,16.0,16.0
15 20,0.7068676683879564,16.0,16.0
only factor,0.7068676683879564,16.0,16.0
of what,0.7068676683879564,16.0,16.0
underlying cause,0.7068676683879564,16.0,16.0
theory is,0.7068676683879564,16.0,16.0
are different,0.7068676683879564,16.0,16.0
usually need,0.7068676683879564,16.0,16.0
check official,0.7068676683879564,16.0,16.0
settled,0.7068676683879564,16.0,16.0
soap,0.7067386284069335,106.0,140.0
a high,0.7044328298070941,87.0,113.0
acidic and,0.7026094909758283,44.0,53.0
cancer risk,0.7019122730695164,52.0,64.0
missing,0.7019122730695164,52.0,64.0
are often,0.699422643314798,252.0,353.0
glasses,0.6991925811483937,77.0,99.0
choking,0.6989902804150537,23.0,25.0
houseplants,0.6989902804150537,23.0,25.0
glue,0.6989902804150537,23.0,25.0
fatal,0.6989902804150537,23.0,25.0
best for,0.6989902804150537,23.0,25.0
spreads,0.6985373946252006,11.0,10.0
evidence yes,0.6985373946252006,11.0,10.0
your warranty,0.6985373946252006,11.0,10.0
recommend against,0.6985373946252006,11.0,10.0
people still,0.6985373946252006,11.0,10.0
vaccines are,0.6985373946252006,11.0,10.0
reused,0.6985373946252006,11.0,10.0
itself may,0.6985373946252006,11.0,10.0
passphrase,0.6985373946252006,11.0,10.0
gentle movement,0.6985373946252006,11.0,10.0
issues like,0.6985373946252006,11.0,10.0
in summer,0.6985373946252006,11.0,10.0
persist see,0.6985373946252006,11.0,10.0
often 5,0.6985373946252006,11.0,10.0
them can,0.6985373946252006,11.0,10.0
fun,0.6985373946252006,11.0,10.0
was likely,0.6985373946252006,11.0,10.0
more and,0.6985373946252006,11.0,10.0
repositioning,0.6985373946252006,11.0,10.0
many vehicles,0.6985373946252006,11.0,10.0
research doesn't,0.6985373946252006,11.0,10.0
fatigue and,0.6985373946252006,11.0,10.0
avoid the,0.6985373946252006,11.0,10.0
go longer,0.6985373946252006,11.0,10.0
designed with,0.6985373946252006,11.0,10.0
walking,0.6981502351215167,41.0,49.0
alone,0.6957480037501268,306.0,433.0
150,0.6956868752088435,49.0,60.0
pitch,0.6930250064814482,26.0,29.0
asking for,0.6930250064814482,26.0,29.0
it still,0.6930250064814482,26.0,29.0
soap is,0.6930250064814482,26.0,29.0
frequencies,0.6930250064814482,26.0,29.0
hit,0.6930250064814482,26.0,29.0
medicated,0.6907087336499277,74.0,95.0
clicking,0.6904239066795786,29.0,33.0
soiled,0.6904239066795786,29.0,33.0
tips,0.6904239066795786,29.0,33.0
lasts,0.6901900612144726,32.0,37.0
listen,0.6901900612144726,32.0,37.0
shampoos are,0.6897900273961918,46.0,56.0
some dogs,0.6878841712283452,19.0,20.0
unlimited,0.6878841712283452,19.0,20.0
virgin olive,0.6878841712283452,19.0,20.0
threat,0.6878841712283452,19.0,20.0
continuing,0.6878841712283452,19.0,20.0
lawn,0.6878841712283452,19.0,20.0
diary,0.6878841712283452,19.0,20.0
for many,0.6848376921380778,156.0,213.0
tape,0.6846248338406787,51.0,63.0
alcohol is,0.6844210810494619,15.0,15.0
the next,0.6844210810494619,15.0,15.0
teens,0.6844210810494619,15.0,15.0
servicer,0.6844210810494619,15.0,15.0
has its,0.6844210810494619,15.0,15.0
be off,0.6844210810494619,15.0,15.0
the value,0.6844210810494619,15.0,15.0
speaking practice,0.6844210810494619,15.0,15.0
to review,0.6844210810494619,15.0,15.0
old or,0.6844210810494619,15.0,15.0
help prevent,0.6844210810494619,15.0,15.0
acidify,0.6844210810494619,15.0,15.0
stay hydrated,0.6844210810494619,15.0,15.0
tax rules,0.6844210810494619,15.0,15.0
photos are,0.6844210810494619,15.0,15.0
but regular,0.6844210810494619,15.0,15.0
but they're,0.6793881946804636,40.0,48.0
consistent with,0.6771719563255609,22.0,24.0
food is,0.6771719563255609,22.0,24.0
rotors,0.6771719563255609,22.0,24.0
as part,0.6771719563255609,22.0,24.0
brand and,0.6771719563255609,22.0,24.0
a risk,0.6751729095766168,37.0,44.0
removed,0.6751729095766168,37.0,44.0
applications,0.6743589583995598,53.0,66.0
strategy,0.6743589583995598,53.0,66.0
and avoid,0.673577204735524,68.0,87.0
pests,0.6727168112595706,58.0,73.0
carry,0.6725716942218166,63.0,80.0
machines,0.6718964422592013,34.0,40.0
correlation,0.6716514208468578,45.0,55.0
are considered,0.6716455279095755,25.0,28.0
couples,0.6716455279095755,25.0,28.0
a guideline,0.6716455279095755,25.0,28.0
dryer,0.6695655403617486,28.0,32.0
a product,0.6651429620362014,18.0,19.0
deliver,0.6651429620362014,18.0,19.0
have it,0.6651429620362014,18.0,19.0
somewhat,0.6651429620362014,18.0,19.0
blunt,0.6651429620362014,18.0,19.0
16gb is,0.6651429620362014,18.0,19.0
overcharging,0.6651429620362014,18.0,19.0
can disrupt,0.6651429620362014,18.0,19.0
risk,0.6617428707601601,1022.0,1512.0
by viruses,0.6612130069134016,14.0,14.0
down and,0.6612130069134016,14.0,14.0
it causes,0.6612130069134016,14.0,14.0
by food,0.6612130069134016,14.0,14.0
not increase,0.6612130069134016,14.0,14.0
bacteria can,0.6612130069134016,14.0,14.0
grants,0.6612130069134016,14.0,14.0
puppies,0.6612130069134016,14.0,14.0
discomfort but,0.6612130069134016,14.0,14.0
all work,0.6612130069134016,14.0,14.0
it's only,0.6612130069134016,14.0,14.0
try the,0.6612130069134016,14.0,14.0
dishes,0.6612130069134016,14.0,14.0
of some,0.6612130069134016,14.0,14.0
you buy,0.6612130069134016,14.0,14.0
dehydration and,0.6612130069134016,14.0,14.0
your goals,0.6612130069134016,14.0,14.0
main benefit,0.6612130069134016,14.0,14.0
is correct,0.6612130069134016,14.0,14.0
pulling,0.6602832664126576,39.0,47.0
days is,0.6602832664126576,39.0,47.0
urine,0.6600133262813962,47.0,58.0
rot,0.6569818476846927,52.0,65.0
reliable,0.656717438893817,476.0,689.0
consider the,0.6555383866390233,36.0,43.0
local tenant,0.6547106606928983,21.0,23.0
for 20,0.6547106606928983,21.0,23.0
there's little,0.6547106606928983,21.0,23.0
hole,0.6547106606928983,21.0,23.0
before a,0.6547106606928983,21.0,23.0
rejected,0.6547106606928983,21.0,23.0
like that,0.6547106606928983,21.0,23.0
from other,0.6547106606928983,21.0,23.0
better for,0.6521342387037926,95.0,126.0
confirmation,0.6517022321738549,33.0,39.0
keeping the,0.6517022321738549,33.0,39.0
not require,0.6517022321738549,33.0,39.0
flossing,0.6496870329944999,24.0,27.0
high dose,0.6496870329944999,24.0,27.0
a non,0.6496870329944999,24.0,27.0
risk tolerance,0.6496870329944999,24.0,27.0
or not,0.6496870329944999,24.0,27.0
you need,0.6495297463436793,215.0,301.0
fluency in,0.6490963324653783,30.0,35.0
help in,0.6490963324653783,30.0,35.0
need for,0.6490963324653783,30.0,35.0
maybe,0.6490963324653783,30.0,35.0
add a,0.6481888294597096,27.0,31.0
thorough,0.6481888294597096,27.0,31.0
and let,0.6481888294597096,27.0,31.0
outcome,0.6475651345730346,59.0,75.0
red,0.6428455189245822,191.0,266.0
to prevent,0.6424372937860413,92.0,122.0
manual has,0.6416373195212274,17.0,18.0
refrigeration,0.6416373195212274,17.0,18.0
cooled,0.6416373195212274,17.0,18.0
golden,0.6416373195212274,17.0,18.0
coin,0.6416373195212274,17.0,18.0
doubles,0.6416373195212274,17.0,18.0
suspicious,0.6416373195212274,17.0,18.0
you meet,0.6416373195212274,17.0,18.0
succulents,0.6416373195212274,17.0,18.0
slices,0.6371602416907728,13.0,13.0
microwave is,0.6371602416907728,13.0,13.0
too many,0.6371602416907728,13.0,13.0
asks,0.6371602416907728,13.0,13.0
milestone,0.6371602416907728,13.0,13.0
only be,0.6371602416907728,13.0,13.0
towel,0.6371602416907728,13.0,13.0
moist,0.6371602416907728,13.0,13.0
don't recommend,0.6371602416907728,13.0,13.0
to recover,0.6371602416907728,13.0,13.0
help that's,0.6371602416907728,13.0,13.0
several days,0.6371602416907728,13.0,13.0
scam or,0.6371602416907728,13.0,13.0
not structural,0.6371602416907728,13.0,13.0
is unsupported,0.6371602416907728,13.0,13.0
cool the,0.6371602416907728,13.0,13.0
anxiety and,0.6371602416907728,13.0,13.0
food but,0.6371602416907728,13.0,13.0
radiation which,0.6371602416907728,13.0,13.0
get you,0.6371602416907728,13.0,13.0
necessarily the,0.6371602416907728,13.0,13.0
completely safe,0.6371602416907728,13.0,13.0
vets,0.6371602416907728,13.0,13.0
and fat,0.6371602416907728,13.0,13.0
be illegal,0.6371602416907728,13.0,13.0
reducing screen,0.6371602416907728,13.0,13.0
appropriate,0.6369610810748713,121.0,164.0
demand,0.6341504568095432,96.0,128.0
too high,0.6315502084228926,20.0,22.0
appetite,0.6315502084228926,20.0,22.0
rice is,0.6315502084228926,20.0,22.0
light but,0.6315502084228926,20.0,22.0
strain and,0.6315502084228926,20.0,22.0
choose a,0.6310662457065047,32.0,38.0
safer and,0.6310662457065047,32.0,38.0
physical,0.6283011812543136,151.0,208.0
movements,0.6278234518327288,29.0,34.0
sounds,0.6271932750759465,84.0,111.0
most cars,0.6271044758620699,23.0,26.0
by reducing,0.6262576418464013,26.0,30.0
rabies,0.6262576418464013,26.0,30.0
description,0.6262576418464013,26.0,30.0
turn,0.6214639882136435,50.0,63.0
and should,0.6209768473296267,37.0,45.0
mouth,0.6209768473296267,37.0,45.0
a warning,0.6172876835067218,16.0,17.0
doctors,0.6172876835067218,16.0,17.0
tax authority,0.6172876835067218,16.0,17.0
massage,0.6172876835067218,16.0,17.0
80 is,0.6172876835067218,16.0,17.0
part is,0.6172876835067218,16.0,17.0
vary many,0.6172876835067218,16.0,17.0
bowel,0.6172876835067218,16.0,17.0
interest and,0.6172876835067218,16.0,17.0
strong but,0.6172876835067218,16.0,17.0
function,0.6172801347924719,74.0,97.0
reason,0.6162137792039313,106.0,143.0
baby,0.6135886680098531,57.0,73.0
off the,0.6128458301593527,47.0,59.0
promise,0.6128458301593527,47.0,59.0
your spending,0.6121632261288267,12.0,12.0
narrative,0.6121632261288267,12.0,12.0
demand and,0.6121632261288267,12.0,12.0
not simply,0.6121632261288267,12.0,12.0
soreness is,0.6121632261288267,12.0,12.0
person and,0.6121632261288267,12.0,12.0
misattributed,0.6121632261288267,12.0,12.0
months and,0.6121632261288267,12.0,12.0
reduce performance,0.6121632261288267,12.0,12.0
need one,0.6121632261288267,12.0,12.0
is tiny,0.6121632261288267,12.0,12.0
have had,0.6121632261288267,12.0,12.0
to let,0.6121632261288267,12.0,12.0
boiled,0.6121632261288267,12.0,12.0
acidify soil,0.6121632261288267,12.0,12.0
or replace,0.6121632261288267,12.0,12.0
mean a,0.6121632261288267,12.0,12.0
out but,0.6121632261288267,12.0,12.0
the course,0.6121632261288267,12.0,12.0
finances,0.6121632261288267,12.0,12.0
water if,0.6121632261288267,12.0,12.0
the meat,0.6121632261288267,12.0,12.0
watering and,0.6121632261288267,12.0,12.0
military grade,0.6121632261288267,12.0,12.0
one small,0.6121632261288267,12.0,12.0
an official,0.6099623186480234,31.0,37.0
fade,0.6099623186480234,31.0,37.0
is already,0.6099623186480234,31.0,37.0
fasting,0.6091613127847204,64.0,83.0
financial,0.6089801131332117,145.0,200.0
limit is,0.6076261426790586,19.0,21.0
injectors,0.6076261426790586,19.0,21.0
needed to,0.6076261426790586,19.0,21.0
light or,0.6076261426790586,19.0,21.0
out the,0.6076261426790586,19.0,21.0
watering is,0.6076261426790586,19.0,21.0
medicines,0.6076261426790586,19.0,21.0
problem,0.607238297562569,134.0,184.0
waves,0.606024582928634,28.0,33.0
missed,0.606024582928634,28.0,33.0
brush,0.606024582928634,28.0,33.0
the timing,0.606024582928634,28.0,33.0
overnight charging,0.6040622208216969,54.0,69.0
the price,0.6038470196307955,22.0,25.0
virgin,0.6038470196307955,22.0,25.0
50 is,0.6038470196307955,22.0,25.0
passes,0.6038470196307955,22.0,25.0
often need,0.6038470196307955,22.0,25.0
good evidence,0.6038470196307955,22.0,25.0
factor but,0.6038470196307955,22.0,25.0
him,0.603731739715248,25.0,29.0
full discharges,0.603731739715248,25.0,29.0
link is,0.603731739715248,25.0,29.0
strengthening,0.603731739715248,25.0,29.0
a light,0.603731739715248,25.0,29.0
policy wording,0.603731739715248,25.0,29.0
reset,0.6028330347072104,66.0,86.0
give,0.6012175665832703,233.0,330.0
container,0.600738069597769,36.0,44.0
fraud,0.5991363100150777,61.0,79.0
keeping,0.5988502666920106,118.0,161.0
high,0.5984971805331004,999.0,1484.0
a real,0.5968698026760465,68.0,89.0
that will,0.5959751659636862,41.0,51.0
a low,0.5941914520293929,46.0,58.0
can trap,0.5941622131712143,33.0,40.0
mechanics,0.5941622131712143,33.0,40.0
dog's,0.5941622131712143,33.0,40.0
approved,0.5931862183706474,84.0,112.0
is at,0.5920001010074939,15.0,16.0
oily,0.5920001010074939,15.0,16.0
it contains,0.5920001010074939,15.0,16.0
ten minutes,0.5920001010074939,15.0,16.0
quality report,0.5920001010074939,15.0,16.0
be appropriate,0.5920001010074939,15.0,16.0
have much,0.5920001010074939,15.0,16.0
smells,0.5920001010074939,15.0,16.0
sunscreens,0.5920001010074939,15.0,16.0
assess your,0.5920001010074939,15.0,16.0
a moderate,0.5920001010074939,15.0,16.0
is completely,0.5920001010074939,15.0,16.0
to drink,0.5920001010074939,15.0,16.0
food or,0.5920001010074939,15.0,16.0
grant,0.5920001010074939,15.0,16.0
milk can,0.5920001010074939,15.0,16.0
other symptoms,0.5920001010074939,15.0,16.0
that's usually,0.5920001010074939,15.0,16.0
drops,0.5890429565385874,86.0,115.0
affected by,0.5883618067795144,30.0,36.0
leave residue,0.5883618067795144,30.0,36.0
it's usually,0.5878565003356756,38.0,47.0
the whole,0.5863011481780005,53.0,68.0
can shock,0.5861011568065985,11.0,11.0
company is,0.5861011568065985,11.0,11.0
overnight is,0.5861011568065985,11.0,11.0
overcast,0.5861011568065985,11.0,11.0
stolen,0.5861011568065985,11.0,11.0
more in,0.5861011568065985,11.0,11.0
teen,0.5861011568065985,11.0,11.0
you're deficient,0.5861011568065985,11.0,11.0
tracker,0.5861011568065985,11.0,11.0
sustain,0.5861011568065985,11.0,11.0
flowering,0.5861011568065985,11.0,11.0
but first,0.5861011568065985,11.0,11.0
oil there's,0.5861011568065985,11.0,11.0
possible for,0.5861011568065985,11.0,11.0
may cost,0.5861011568065985,11.0,11.0
to give,0.5861011568065985,11.0,11.0
the visible,0.5861011568065985,11.0,11.0
timer,0.5861011568065985,11.0,11.0
are actually,0.5861011568065985,11.0,11.0
to go,0.5861011568065985,11.0,11.0
your name,0.5861011568065985,11.0,11.0
focusing on,0.5861011568065985,11.0,11.0
the finish,0.5861011568065985,11.0,11.0
to leave,0.5861011568065985,11.0,11.0
varied diet,0.5861011568065985,11.0,11.0
have little,0.5861011568065985,11.0,11.0
they cause,0.5861011568065985,11.0,11.0
moved,0.5861011568065985,11.0,11.0
verify it,0.5861011568065985,11.0,11.0
result,0.5859243913686285,72.0,95.0
for short,0.5836641066918631,27.0,32.0
effect the,0.5836641066918631,27.0,32.0
not reliably,0.5836641066918631,27.0,32.0
offer is,0.5828639877256686,18.0,20.0
for better,0.5828639877256686,18.0,20.0
day and,0.5828639877256686,18.0,20.0
both work,0.5828639877256686,18.0,20.0
have other,0.5828639877256686,18.0,20.0
fine with,0.5828639877256686,18.0,20.0
spine,0.5828639877256686,18.0,20.0
banana,0.5828639877256686,18.0,20.0
hot,0.5827959890964484,162.0,226.0
evidence for,0.58157400328196,233.0,331.0
100 and,0.5805661266493451,24.0,28.0
oil pulling,0.5805661266493451,24.0,28.0
eye damage,0.5805661266493451,24.0,28.0
a normal,0.5805661266493451,24.0,28.0
is key,0.5800815420840636,35.0,43.0
batteries don't,0.5798569838544296,21.0,24.0
washes,0.5798569838544296,21.0,24.0
curing,0.5798569838544296,21.0,24.0
bedtime,0.5798569838544296,21.0,24.0
quality matters,0.5798569838544296,21.0,24.0
be cheaper,0.5798569838544296,21.0,24.0
snake,0.5798569838544296,21.0,24.0
whole house,0.5798569838544296,21.0,24.0
plastics are,0.5798569838544296,21.0,24.0
system,0.5755032361765,312.0,449.0
is excessive,0.5752300117544068,45.0,57.0
gas,0.5742662689737905,85.0,114.0
looks,0.5728011232376887,32.0,39.0
funds,0.5704416796014442,87.0,117.0
just the,0.5674523067035181,37.0,46.0
bacterial,0.5661300057997772,47.0,60.0
drive is,0.5656623916491054,14.0,15.0
swallowing,0.5656623916491054,14.0,15.0
universally true,0.5656623916491054,14.0,15.0
and lighting,0.5656623916491054,14.0,15.0
exercise is,0.5656623916491054,14.0,15.0
and monitor,0.5656623916491054,14.0,15.0
ring,0.5656623916491054,14.0,15.0
previously,0.5656623916491054,14.0,15.0
say it's,0.5656623916491054,14.0,15.0
use may,0.5656623916491054,14.0,15.0
biased,0.5656623916491054,14.0,15.0
central placement,0.5656623916491054,14.0,15.0
need full,0.5656623916491054,14.0,15.0
turning off,0.5656623916491054,14.0,15.0
often works,0.5656623916491054,14.0,15.0
with that,0.5656623916491054,14.0,15.0
some bacteria,0.5656623916491054,14.0,15.0
struggle,0.5656623916491054,14.0,15.0
with regular,0.5656623916491054,14.0,15.0
read the,0.5619122984736207,102.0,139.0
refund,0.5608882792998754,54.0,70.0
bleach can,0.5607025149543886,26.0,31.0
can do,0.5589846008741605,34.0,42.0
click,0.5589846008741605,34.0,42.0
rapid,0.5589846008741605,34.0,42.0
claim not,0.5588250400150018,10.0,10.0
all plants,0.5588250400150018,10.0,10.0
backfire if,0.5588250400150018,10.0,10.0
important the,0.5588250400150018,10.0,10.0
most houseplants,0.5588250400150018,10.0,10.0
term but,0.5588250400150018,10.0,10.0
heats,0.5588250400150018,10.0,10.0
headlines,0.5588250400150018,10.0,10.0
mineral buildup,0.5588250400150018,10.0,10.0
to cut,0.5588250400150018,10.0,10.0
good as,0.5588250400150018,10.0,10.0
verify on,0.5588250400150018,10.0,10.0
major red,0.5588250400150018,10.0,10.0
or be,0.5588250400150018,10.0,10.0
the connection,0.5588250400150018,10.0,10.0
is determined,0.5588250400150018,10.0,10.0
it or,0.5588250400150018,10.0,10.0
sample photos,0.5588250400150018,10.0,10.0
factors are,0.5588250400150018,10.0,10.0
fat but,0.5588250400150018,10.0,10.0
risks are,0.5588250400150018,10.0,10.0
appearance but,0.5588250400150018,10.0,10.0
but local,0.5588250400150018,10.0,10.0
medical conditions,0.5588250400150018,10.0,10.0
acid but,0.5588250400150018,10.0,10.0
slow a,0.5588250400150018,10.0,10.0
60 is,0.5588250400150018,10.0,10.0
safe upper,0.5588250400150018,10.0,10.0
fine though,0.5588250400150018,10.0,10.0
transfer to,0.557177010888795,17.0,19.0
stimulation,0.557177010888795,17.0,19.0
cooking method,0.557177010888795,17.0,19.0
the 300,0.557177010888795,17.0,19.0
dizziness,0.557177010888795,17.0,19.0
damage but,0.557177010888795,17.0,19.0
and warranty,0.557177010888795,17.0,19.0
nutrients but,0.557177010888795,17.0,19.0
keeping a,0.557177010888795,17.0,19.0
if stored,0.557177010888795,17.0,19.0
address the,0.557177010888795,17.0,19.0
total calorie,0.557177010888795,17.0,19.0
eligible,0.557177010888795,17.0,19.0
bee,0.5567102595255821,23.0,27.0
it it's,0.5567102595255821,23.0,27.0
have high,0.5567102595255821,23.0,27.0
for any,0.5559486061108748,44.0,56.0
by clinical,0.5550685407247815,20.0,23.0
earth,0.5550685407247815,20.0,23.0
every few,0.5550685407247815,20.0,23.0
salts,0.5550685407247815,20.0,23.0
doesn't prove,0.5550685407247815,20.0,23.0
reduce the,0.5540079737339046,56.0,73.0
sound,0.551983676213321,79.0,106.0
qualify,0.5509444389016354,31.0,38.0
locks,0.5491770424952617,72.0,96.0
anti,0.5487864066701903,90.0,122.0
because,0.5486927013974833,627.0,925.0
pesticides,0.5470930709819306,46.0,59.0
some cases,0.5470930709819306,46.0,59.0
decline,0.5470930709819306,46.0,59.0
cases but,0.5466333847380939,36.0,45.0
baths,0.5435420483361645,28.0,34.0
an inspection,0.5435420483361645,28.0,34.0
charcoal toothpaste,0.5435420483361645,28.0,34.0
can temporarily,0.5428266147180658,53.0,69.0
and check,0.5425787140724567,118.0,163.0
from your,0.5425267788158632,94.0,128.0
exceed,0.5416003925396496,60.0,79.0
unrelated,0.5381389205541723,13.0,14.0
early can,0.5381389205541723,13.0,14.0
abrasiveness,0.5381389205541723,13.0,14.0
battery lifespan,0.5381389205541723,13.0,14.0
there's limited,0.5381389205541723,13.0,14.0
guideline is,0.5381389205541723,13.0,14.0
too little,0.5381389205541723,13.0,14.0
your dog's,0.5381389205541723,13.0,14.0
definite,0.5381389205541723,13.0,14.0
it covers,0.5381389205541723,13.0,14.0
medical grade,0.5381389205541723,13.0,14.0
for cancer,0.5381389205541723,13.0,14.0
fees or,0.5381389205541723,13.0,14.0
yearly,0.5381389205541723,13.0,14.0
roll,0.5381389205541723,13.0,14.0
trend,0.5381389205541723,13.0,14.0
a survey,0.5381389205541723,13.0,14.0
your role,0.5381389205541723,13.0,14.0
eliminate the,0.5381389205541723,13.0,14.0
play a,0.5381389205541723,13.0,14.0
number from,0.5381389205541723,13.0,14.0
c but,0.5381389205541723,13.0,14.0
to call,0.5381389205541723,13.0,14.0
verify that,0.5381389205541723,13.0,14.0
other issues,0.5381389205541723,13.0,14.0
but two,0.5381389205541723,13.0,14.0
thicker,0.537422639575666,33.0,41.0
the fine,0.537422639575666,33.0,41.0
you see,0.537422639575666,33.0,41.0
sleep but,0.537422639575666,33.0,41.0
those are,0.537422639575666,33.0,41.0
heartburn,0.5370958200784612,25.0,30.0
do a,0.5370958200784612,25.0,30.0
with synthetic,0.5370958200784612,25.0,30.0
is limited,0.5367612559659386,124.0,172.0
a temporary,0.536333487477624,43.0,55.0
grass,0.5355266399814319,38.0,48.0
occasional,0.5341403050965962,100.0,137.0
not standard,0.5321070903379669,22.0,26.0
to read,0.5321070903379669,22.0,26.0
periodically,0.5321070903379669,22.0,26.0
utilisation,0.5321070903379669,22.0,26.0
phrases,0.5321070903379669,22.0,26.0
and still,0.5321070903379669,22.0,26.0
the area,0.5314449667671256,50.0,65.0
it in,0.5307323387951703,64.0,85.0
and clean,0.5304633179306248,16.0,18.0
rich,0.5304633179306248,16.0,18.0
marketing term,0.5304633179306248,16.0,18.0
for heavy,0.5304633179306248,16.0,18.0
drip,0.5304633179306248,16.0,18.0
have strong,0.5304633179306248,16.0,18.0
milk chocolate,0.5304633179306248,16.0,18.0
painting,0.5304633179306248,16.0,18.0
also depends,0.5304633179306248,16.0,18.0
motivation,0.5304633179306248,16.0,18.0
helpful for,0.5304633179306248,16.0,18.0
occasionally,0.5299593585494523,57.0,75.0
details,0.5295449861897965,117.0,162.0
differently,0.5285617540836274,30.0,37.0
a certified,0.5285617540836274,30.0,37.0
fertilizer,0.5285617540836274,30.0,37.0
monthly,0.5284135896752855,134.0,187.0
fewer,0.5277398162287036,45.0,58.0
equal,0.5254869551500876,40.0,51.0
hazard,0.5253778737902908,35.0,44.0
research is,0.5253778737902908,35.0,44.0
phone,0.5252404562816263,306.0,443.0
virus,0.5245029238178995,52.0,68.0
especially with,0.5245029238178995,52.0,68.0
spread,0.5241732247862642,59.0,78.0
returns,0.5227565825811533,142.0,199.0
because it,0.5223828613541336,110.0,152.0
sleep is,0.5202499051836204,27.0,33.0
the brain,0.5202499051836204,27.0,33.0
plan,0.5187186522642754,265.0,382.0
difference is,0.518067095185285,54.0,71.0
a clean,0.5153688811677,32.0,40.0
stronger evidence,0.5153688811677,32.0,40.0
alzheimer's,0.5153688811677,32.0,40.0
seems,0.5145819723894588,37.0,47.0
tickets,0.5145819723894588,37.0,47.0
for that,0.5137811726302359,81.0,110.0
focusing,0.5127948485079742,24.0,29.0
safe plastics,0.5127948485079742,24.0,29.0
fibre,0.5127948485079742,24.0,29.0
safer than,0.5127948485079742,24.0,29.0
ingredients like,0.5127948485079742,24.0,29.0
alternatives,0.5127948485079742,24.0,29.0
vessels,0.509263318439837,12.0,13.0
correct for,0.509263318439837,12.0,13.0
may change,0.509263318439837,12.0,13.0
match your,0.509263318439837,12.0,13.0
serum,0.509263318439837,12.0,13.0
the instructions,0.509263318439837,12.0,13.0
to repair,0.509263318439837,12.0,13.0
some areas,0.509263318439837,12.0,13.0
cry,0.509263318439837,12.0,13.0
can wait,0.509263318439837,12.0,13.0
harms,0.509263318439837,12.0,13.0
air fryers,0.509263318439837,12.0,13.0
convincing,0.509263318439837,12.0,13.0
between waterings,0.509263318439837,12.0,13.0
to break,0.509263318439837,12.0,13.0
incentive,0.509263318439837,12.0,13.0
c is,0.509263318439837,12.0,13.0
translate,0.509263318439837,12.0,13.0
bowl,0.509263318439837,12.0,13.0
which does,0.509263318439837,12.0,13.0
a deficiency,0.509263318439837,12.0,13.0
gluten is,0.509263318439837,12.0,13.0
your system,0.509263318439837,12.0,13.0
share,0.5089563299232408,65.0,87.0
fluency,0.5083713810441325,96.0,132.0
nutrient,0.5083713810441325,96.0,132.0
modern lithium,0.5080569767420426,44.0,57.0
for modern,0.5080569767420426,44.0,57.0
to zero,0.5066918920742168,21.0,25.0
health but,0.5066918920742168,21.0,25.0
hiccups,0.5066918920742168,21.0,25.0
tv,0.5066918920742168,21.0,25.0
peels,0.5066918920742168,21.0,25.0
can deter,0.5066918920742168,21.0,25.0
creates,0.504852674190494,39.0,50.0
that they,0.504852674190494,39.0,50.0
not established,0.504852674190494,39.0,50.0
impossible,0.5036621025647149,34.0,43.0
prediction,0.5036621025647149,34.0,43.0
void,0.5036621025647149,34.0,43.0
gel,0.5036621025647149,34.0,43.0
a refund,0.5027821713977524,18.0,21.0
follow a,0.5027821713977524,18.0,21.0
past performance,0.5027821713977524,18.0,21.0
blankets,0.5027821713977524,18.0,21.0
the dog's,0.5027821713977524,18.0,21.0
a longer,0.5027821713977524,18.0,21.0
can grow,0.5027821713977524,18.0,21.0
your situation,0.5027821713977524,18.0,21.0
to support,0.5027821713977524,18.0,21.0
can moisturize,0.5026020281599348,15.0,17.0
replacement may,0.5026020281599348,15.0,17.0
tray,0.5026020281599348,15.0,17.0
carrying a,0.5026020281599348,15.0,17.0
child's,0.5026020281599348,15.0,17.0
plan for,0.5026020281599348,15.0,17.0
is incorrect,0.5026020281599348,15.0,17.0
the material,0.5026020281599348,15.0,17.0
convenient but,0.5026020281599348,15.0,17.0
over weeks,0.5026020281599348,15.0,17.0
as possible,0.5026020281599348,15.0,17.0
avocado oil,0.5026020281599348,15.0,17.0
broad spectrum,0.5026020281599348,15.0,17.0
for daily,0.5026020281599348,15.0,17.0
worsening,0.5026020281599348,15.0,17.0
forwarded,0.5026020281599348,15.0,17.0
training methods,0.5026020281599348,15.0,17.0
you know,0.5026020281599348,15.0,17.0
can backfire,0.5026020281599348,15.0,17.0
cheap,0.501596255852016,78.0,106.0
pull,0.5004492097042794,46.0,60.0
causing,0.49646492695404043,62.0,83.0
moving,0.4951750233282345,82.0,112.0
a 20,0.4932059486278363,36.0,46.0
cancer the,0.4932059486278363,36.0,46.0
be based,0.4927941155631779,31.0,39.0
cat,0.4927941155631779,31.0,39.0
can affect,0.492636401559322,73.0,99.0
eating,0.49244454393324183,129.0,181.0
root,0.4919178530521875,64.0,86.0
is unnecessary,0.4919178530521875,64.0,86.0
an old,0.4880304248390402,43.0,56.0
most places,0.48774438986647084,23.0,28.0
to look,0.48774438986647084,23.0,28.0
thermometer,0.48774438986647084,23.0,28.0
weakness,0.48774438986647084,23.0,28.0
and they,0.48381345451068763,38.0,49.0
method,0.4837090384156162,235.0,339.0
on a,0.4823888070228848,289.0,420.0
unusual,0.48208155913454204,28.0,35.0
at all,0.48146038424678433,33.0,42.0
it cannot,0.48146038424678433,33.0,42.0
deter,0.48146038424678433,33.0,42.0
the link,0.4807165947830268,45.0,59.0
lightly,0.4803908077392062,20.0,24.0
and damage,0.4803908077392062,20.0,24.0
dealer,0.4803908077392062,20.0,24.0
shoulder,0.4803908077392062,20.0,24.0
but other,0.4803908077392062,20.0,24.0
pop,0.4803908077392062,20.0,24.0
affects,0.47988667687502057,70.0,95.0
but 30,0.4788280903182881,11.0,12.0
harmful to,0.4788280903182881,11.0,12.0
least 20,0.4788280903182881,11.0,12.0
support your,0.4788280903182881,11.0,12.0
engine wear,0.4788280903182881,11.0,12.0
and cost,0.4788280903182881,11.0,12.0
to claim,0.4788280903182881,11.0,12.0
a barrier,0.4788280903182881,11.0,12.0
dose vitamin,0.4788280903182881,11.0,12.0
unless you're,0.4788280903182881,11.0,12.0
pump and,0.4788280903182881,11.0,12.0
by health,0.4788280903182881,11.0,12.0
same way,0.4788280903182881,11.0,12.0
usually modest,0.4788280903182881,11.0,12.0
run the,0.4788280903182881,11.0,12.0
them with,0.4788280903182881,11.0,12.0
change and,0.4788280903182881,11.0,12.0
food the,0.4788280903182881,11.0,12.0
it's important,0.4788280903182881,11.0,12.0
some companies,0.4788280903182881,11.0,12.0
value depends,0.4788280903182881,11.0,12.0
one you,0.4788280903182881,11.0,12.0
regular breaks,0.4788280903182881,11.0,12.0
often indicates,0.4788280903182881,11.0,12.0
though it's,0.4788280903182881,11.0,12.0
an app,0.4788280903182881,11.0,12.0
risks but,0.4788280903182881,11.0,12.0
do fine,0.4788280903182881,11.0,12.0
hype,0.4788280903182881,11.0,12.0
effect may,0.4788280903182881,11.0,12.0
machine's,0.4788280903182881,11.0,12.0
adding,0.47813292308273425,111.0,155.0
texture,0.47559259087247446,54.0,72.0
hours but,0.4750948853032369,17.0,20.0
cache can,0.4750948853032369,17.0,20.0
medically,0.4750948853032369,17.0,20.0
days but,0.4750948853032369,17.0,20.0
signed,0.4750948853032369,17.0,20.0
people feel,0.4750948853032369,17.0,20.0
injector,0.4750948853032369,17.0,20.0
cleanses,0.4750948853032369,17.0,20.0
adds,0.47467249741947565,63.0,85.0
even for,0.4734481554901256,14.0,16.0
needing,0.4734481554901256,14.0,16.0
and take,0.4734481554901256,14.0,16.0
a humidifier,0.4734481554901256,14.0,16.0
provide some,0.4734481554901256,14.0,16.0
change in,0.4734481554901256,14.0,16.0
can differ,0.4734481554901256,14.0,16.0
percent is,0.4734481554901256,14.0,16.0
asleep,0.4734481554901256,14.0,16.0
closure,0.4734481554901256,14.0,16.0
used correctly,0.4734481554901256,14.0,16.0
with cold,0.4734481554901256,14.0,16.0
trading,0.4734481554901256,14.0,16.0
you and,0.4734481554901256,14.0,16.0
a diversified,0.4734481554901256,14.0,16.0
and fit,0.4734481554901256,14.0,16.0
plan is,0.4734481554901256,14.0,16.0
you generally,0.4734481554901256,14.0,16.0
stretch,0.4716883695970745,25.0,31.0
to protect,0.4716883695970745,25.0,31.0
often used,0.4716883695970745,25.0,31.0
intact,0.4716883695970745,25.0,31.0
the written,0.4716883695970745,25.0,31.0
mainstream,0.4716883695970745,25.0,31.0
appearance,0.4713758736032909,35.0,45.0
seed,0.4713758736032909,35.0,45.0
combine,0.46966639655439657,30.0,38.0
theft,0.46966639655439657,30.0,38.0
critical,0.46786227980099065,49.0,65.0
real but,0.46786227980099065,49.0,65.0
recommended by,0.46764509397676096,42.0,55.0
remedies,0.46764509397676096,42.0,55.0
linked to,0.4657499208146094,58.0,78.0
even with,0.462191514088213,51.0,68.0
your policy,0.462191514088213,51.0,68.0
day or,0.4618821648504573,22.0,27.0
dull,0.4618821648504573,22.0,27.0
for regular,0.4618821648504573,22.0,27.0
discarding,0.4618821648504573,22.0,27.0
running water,0.4618821648504573,22.0,27.0
if he,0.4618821648504573,22.0,27.0
changes and,0.4618821648504573,22.0,27.0
is one,0.4598741459442373,71.0,97.0
viruses,0.4598741459442373,71.0,97.0
variety,0.4587447820377885,32.0,41.0
replacement for,0.4579067788328694,27.0,34.0
everyday,0.4579067788328694,27.0,34.0
breaks,0.45651181399601326,86.0,119.0
now,0.45651181399601326,86.0,119.0
naturally,0.4542506466264904,46.0,61.0
dirty,0.4542506466264904,46.0,61.0
push,0.4542269346201338,39.0,51.0
email is,0.4531190406939731,19.0,23.0
a hidden,0.4531190406939731,19.0,23.0
dirt,0.4490671858112524,34.0,44.0
hearing,0.4490671858112524,34.0,44.0
000 to,0.4468848943056488,41.0,54.0
radio,0.4468848943056488,41.0,54.0
ingredient,0.4468848943056488,41.0,54.0
gains are,0.44656935467130593,10.0,11.0
prevention the,0.44656935467130593,10.0,11.0
filtered,0.44656935467130593,10.0,11.0
ensure your,0.44656935467130593,10.0,11.0
unevenly,0.44656935467130593,10.0,11.0
most historians,0.44656935467130593,10.0,11.0
sleep can,0.44656935467130593,10.0,11.0
that causes,0.44656935467130593,10.0,11.0
swelling or,0.44656935467130593,10.0,11.0
not perfect,0.44656935467130593,10.0,11.0
taste and,0.44656935467130593,10.0,11.0
heat or,0.44656935467130593,10.0,11.0
void your,0.44656935467130593,10.0,11.0
software can,0.44656935467130593,10.0,11.0
many shops,0.44656935467130593,10.0,11.0
confident,0.44656935467130593,10.0,11.0
decent,0.44656935467130593,10.0,11.0
many things,0.44656935467130593,10.0,11.0
false the,0.44656935467130593,10.0,11.0
is inconsistent,0.44656935467130593,10.0,11.0
soil dry,0.44656935467130593,10.0,11.0
replacement you,0.44656935467130593,10.0,11.0
placement can,0.44656935467130593,10.0,11.0
the wording,0.44656935467130593,10.0,11.0
and replacement,0.44656935467130593,10.0,11.0
overkill for,0.44656935467130593,10.0,11.0
outdated modern,0.44656935467130593,10.0,11.0
need regular,0.44656935467130593,10.0,11.0
overuse can,0.44656935467130593,10.0,11.0
overused,0.44656935467130593,10.0,11.0
missing a,0.44656935467130593,10.0,11.0
burned,0.44656935467130593,10.0,11.0
brushing and,0.44656935467130593,10.0,11.0
receipt,0.4463190509553752,24.0,30.0
locks are,0.4463190509553752,24.0,30.0
the final,0.4463190509553752,24.0,30.0
intervals vary,0.4462244296339243,16.0,19.0
graduates,0.4462244296339243,16.0,19.0
life varies,0.4462244296339243,16.0,19.0
evidence but,0.4462244296339243,16.0,19.0
changes can,0.4462244296339243,16.0,19.0
boil,0.4462244296339243,16.0,19.0
honest,0.4462244296339243,16.0,19.0
is popular,0.4462244296339243,16.0,19.0
is under,0.4462244296339243,16.0,19.0
use an,0.4459506904154334,29.0,37.0
have an,0.4459506904154334,29.0,37.0
don't make,0.4459506904154334,29.0,37.0
belt,0.4459506904154334,29.0,37.0
images,0.4459506904154334,29.0,37.0
emergency,0.4429225107478588,100.0,140.0
or is,0.4428256320063636,13.0,15.0
percentage is,0.4428256320063636,13.0,15.0
no system,0.4428256320063636,13.0,15.0
colours,0.4428256320063636,13.0,15.0
qualifications,0.4428256320063636,13.0,15.0
to skin,0.4428256320063636,13.0,15.0
dressing,0.4428256320063636,13.0,15.0
cooler,0.4428256320063636,13.0,15.0
especially after,0.4428256320063636,13.0,15.0
ear infections,0.4428256320063636,13.0,15.0
nutrients better,0.4428256320063636,13.0,15.0
cause harm,0.4428256320063636,13.0,15.0
understood,0.4428256320063636,13.0,15.0
decompose,0.4428256320063636,13.0,15.0
else,0.4428256320063636,13.0,15.0
plastics can,0.4428256320063636,13.0,15.0
be entitled,0.4428256320063636,13.0,15.0
air is,0.4428256320063636,13.0,15.0
hide your,0.4428256320063636,13.0,15.0
is minor,0.4428256320063636,13.0,15.0
the child,0.4428256320063636,13.0,15.0
drafts,0.4428256320063636,13.0,15.0
a bigger,0.4428256320063636,13.0,15.0
close,0.4398548526364697,104.0,146.0
battery life,0.43804181241069556,52.0,70.0
but individual,0.43548483985752917,31.0,40.0
colors,0.43548483985752917,31.0,40.0
and condition,0.4351375638420345,21.0,26.0
interval is,0.43415068899639286,45.0,60.0
on one,0.4330504448279132,26.0,33.0
grains,0.43270173102208304,38.0,50.0
not an,0.4275108242560904,126.0,179.0
if there,0.4262532482123494,33.0,43.0
not usually,0.4257326186029907,40.0,53.0
and add,0.4247785749555965,18.0,22.0
usually small,0.4247785749555965,18.0,22.0
cook,0.4247785749555965,18.0,22.0
and practice,0.4247785749555965,18.0,22.0
diversification,0.4247785749555965,18.0,22.0
or consult,0.4247785749555965,18.0,22.0
promising,0.4247785749555965,18.0,22.0
can come,0.4247785749555965,18.0,22.0
disabling,0.4247785749555965,18.0,22.0
the company,0.4235187119159932,49.0,66.0
fall,0.42163253514316923,60.0,82.0
shape,0.4216084666766118,28.0,36.0
fees and,0.4216084666766118,28.0,36.0
go,0.4209393292005961,146.0,209.0
mixture,0.42014730789917104,23.0,29.0
overstates,0.42014730789917104,23.0,29.0
cables,0.42014730789917104,23.0,29.0
it often,0.41942813759973985,42.0,56.0
first aid,0.41942813759973985,42.0,56.0
few days,0.41942813759973985,42.0,56.0
dynamic warm,0.4188465506852656,51.0,69.0
headline,0.4160286532161116,15.0,18.0
a correlation,0.4160286532161116,15.0,18.0
specific claim,0.4160286532161116,15.0,18.0
to sleep,0.4160286532161116,15.0,18.0
storing,0.4160286532161116,15.0,18.0
tasks but,0.4160286532161116,15.0,18.0
rubbing alcohol,0.4160286532161116,15.0,18.0
for his,0.4160286532161116,15.0,18.0
for longer,0.4160286532161116,15.0,18.0
cans,0.4160286532161116,15.0,18.0
and processing,0.4160286532161116,15.0,18.0
controversial,0.4160286532161116,15.0,18.0
buildup but,0.4160286532161116,15.0,18.0
but studies,0.4160286532161116,15.0,18.0
thinking,0.4160286532161116,15.0,18.0
difficult to,0.4160286532161116,15.0,18.0
password manager,0.4160286532161116,15.0,18.0
password is,0.4160286532161116,15.0,18.0
emotions,0.4160286532161116,15.0,18.0
your phone,0.414543204521451,53.0,72.0
illness,0.414543204521451,53.0,72.0
lines,0.4137036027510707,44.0,59.0
forecast,0.4137036027510707,44.0,59.0
habits,0.4121176159734885,66.0,91.0
yellowing,0.4116472718671926,30.0,39.0
control but,0.4105176027406828,12.0,14.0
bedroom,0.4105176027406828,12.0,14.0
can weaken,0.4105176027406828,12.0,14.0
ingested,0.4105176027406828,12.0,14.0
waterings,0.4105176027406828,12.0,14.0
help remove,0.4105176027406828,12.0,14.0
for under,0.4105176027406828,12.0,14.0
self checks,0.4105176027406828,12.0,14.0
while you,0.4105176027406828,12.0,14.0
health authorities,0.4105176027406828,12.0,14.0
once the,0.4105176027406828,12.0,14.0
may show,0.4105176027406828,12.0,14.0
so overnight,0.4105176027406828,12.0,14.0
unbreakable,0.4105176027406828,12.0,14.0
many brands,0.4105176027406828,12.0,14.0
food can,0.4105176027406828,12.0,14.0
low for,0.4105176027406828,12.0,14.0
paying in,0.4105176027406828,12.0,14.0
before any,0.4105176027406828,12.0,14.0
fryers,0.4105176027406828,12.0,14.0
risks like,0.4105176027406828,12.0,14.0
planned,0.4105176027406828,12.0,14.0
or has,0.4105176027406828,12.0,14.0
matters for,0.4105176027406828,12.0,14.0
bootcamp,0.4105176027406828,12.0,14.0
brakes,0.4105176027406828,12.0,14.0
but there,0.4103355225791647,104.0,147.0
beyond,0.4102016448681886,139.0,199.0
fridge,0.40848842221305715,46.0,62.0
a reasonable,0.40766823392067497,151.0,217.0
or just,0.40746262165913955,25.0,32.0
in 3,0.40746262165913955,25.0,32.0
sweating,0.40743009269228536,20.0,25.0
for it,0.40743009269228536,20.0,25.0
warm water,0.40743009269228536,20.0,25.0
scratch,0.40689810428204026,57.0,78.0
acid,0.4068820402568581,239.0,349.0
disease,0.4046284500226948,183.0,265.0
room temperature,0.40033888937863676,61.0,84.0
vegetables,0.40033888937863676,61.0,84.0
asthma,0.3982502775471935,41.0,55.0
normal use,0.3982502775471935,41.0,55.0
for sleep,0.39659721935822884,27.0,35.0
schedule is,0.39659721935822884,27.0,35.0
health risk,0.3952552718179857,17.0,21.0
warming,0.3952552718179857,17.0,21.0
they need,0.3952552718179857,17.0,21.0
and risk,0.3952552718179857,17.0,21.0
vinegar and,0.3952552718179857,17.0,21.0
the platform,0.3952552718179857,17.0,21.0
there may,0.3952552718179857,17.0,21.0
enter,0.3951798429027411,34.0,45.0
proof of,0.3951798429027411,34.0,45.0
properly,0.3951271425348819,105.0,149.0
remedy,0.39440638346026735,82.0,115.0
reading,0.3932941030255037,109.0,155.0
avocado,0.3931064858999662,22.0,28.0
and evidence,0.3931064858999662,22.0,28.0
not lower,0.3931064858999662,22.0,28.0
hard rule,0.3931064858999662,22.0,28.0
the short,0.3931064858999662,22.0,28.0
answers,0.3931064858999662,22.0,28.0
to ask,0.3931064858999662,22.0,28.0
it also,0.38831263816218026,36.0,48.0
is unrealistic,0.388259033617359,56.0,77.0
and keep,0.3880327203221174,45.0,61.0
bleach,0.3873331933178608,127.0,182.0
lighter,0.38719560308387124,29.0,38.0
inspection is,0.38719560308387124,29.0,38.0
symptoms are,0.3843370876028762,14.0,17.0
engineer's,0.3843370876028762,14.0,17.0
hunger,0.3843370876028762,14.0,17.0
least one,0.3843370876028762,14.0,17.0
cars with,0.3843370876028762,14.0,17.0
standard first,0.3843370876028762,14.0,17.0
not shown,0.3843370876028762,14.0,17.0
you only,0.3843370876028762,14.0,17.0
behavioral therapy,0.3843370876028762,14.0,17.0
weeds,0.3843370876028762,14.0,17.0
invalid,0.3843370876028762,14.0,17.0
body and,0.3843370876028762,14.0,17.0
the recommended,0.3841175124775103,145.0,209.0
case,0.3838870308034594,147.0,212.0
interview,0.38360586631541344,47.0,64.0
is modest,0.38360586631541344,47.0,64.0
you to,0.38274855736302377,100.0,142.0
editing,0.38217678071610084,38.0,51.0
did,0.38177125154882763,77.0,108.0
assuming,0.3810875818452488,24.0,31.0
venue,0.3810875818452488,24.0,31.0
certificate,0.3810875818452488,24.0,31.0
more important,0.38008717660236324,79.0,111.0
recognized,0.37899122877277325,31.0,41.0
in humans,0.37899122877277325,31.0,41.0
small study,0.3786674407257121,19.0,24.0
drains,0.3786674407257121,19.0,24.0
a credit,0.3786674407257121,19.0,24.0
to a,0.37686170954732423,281.0,414.0
miles is,0.37666982532128296,40.0,54.0
modest,0.3763972322164329,226.0,331.0
would have,0.37625260469583105,11.0,13.0
a genuine,0.37625260469583105,11.0,13.0
your existing,0.37625260469583105,11.0,13.0
dynamic movements,0.37625260469583105,11.0,13.0
slightly improve,0.37625260469583105,11.0,13.0
your work,0.37625260469583105,11.0,13.0
your total,0.37625260469583105,11.0,13.0
may modestly,0.37625260469583105,11.0,13.0
or ceramic,0.37625260469583105,11.0,13.0
be absorbed,0.37625260469583105,11.0,13.0
a varied,0.37625260469583105,11.0,13.0
a trusted,0.37625260469583105,11.0,13.0
affect engine,0.37625260469583105,11.0,13.0
market value,0.37625260469583105,11.0,13.0
daily practice,0.37625260469583105,11.0,13.0
conditioners,0.37625260469583105,11.0,13.0
a paper,0.37625260469583105,11.0,13.0
room is,0.37625260469583105,11.0,13.0
and harm,0.37625260469583105,11.0,13.0
the cancellation,0.37625260469583105,11.0,13.0
have less,0.37625260469583105,11.0,13.0
filter and,0.37625260469583105,11.0,13.0
dust and,0.37625260469583105,11.0,13.0
manufacturer's schedule,0.37625260469583105,11.0,13.0
be evaluated,0.37625260469583105,11.0,13.0
protection the,0.37625260469583105,11.0,13.0
it increases,0.37625260469583105,11.0,13.0
it takes,0.37625260469583105,11.0,13.0
vulnerable to,0.37625260469583105,11.0,13.0
issues a,0.37625260469583105,11.0,13.0
list and,0.37625260469583105,11.0,13.0
the tree,0.37625260469583105,11.0,13.0
scenario,0.37625260469583105,11.0,13.0
or personal,0.37625260469583105,11.0,13.0
can shift,0.37625260469583105,11.0,13.0
qualifies,0.37625260469583105,11.0,13.0
frame it,0.37625260469583105,11.0,13.0
than hitting,0.37625260469583105,11.0,13.0
thoroughly and,0.37625260469583105,11.0,13.0
shown in,0.37625260469583105,11.0,13.0
inside,0.3725632144708676,68.0,95.0
and sleep,0.3724749112344979,53.0,73.0
bill,0.371779915331629,33.0,44.0
determined,0.371779915331629,33.0,44.0
appeal,0.371707963797484,42.0,57.0
severe,0.3712172611583102,168.0,244.0
significantly,0.37118588001617453,166.0,241.0
tip,0.37086990410753734,26.0,34.0
brain damage,0.37086990410753734,26.0,34.0
one page,0.37086990410753734,26.0,34.0
misunderstanding,0.37086990410753734,26.0,34.0
especially,0.36951610709552124,460.0,686.0
decisions,0.3672219080879789,44.0,60.0
another,0.3669733940686852,74.0,104.0
pot,0.3654023462206233,35.0,47.0
harsh,0.3654023462206233,35.0,47.0
can contain,0.3651211035665416,21.0,27.0
have stronger,0.3651211035665416,21.0,27.0
delicate,0.3651211035665416,21.0,27.0
work and,0.3651211035665416,21.0,27.0
report it,0.3644151275743818,16.0,20.0
methods like,0.3644151275743818,16.0,20.0
for several,0.3644151275743818,16.0,20.0
choices,0.3644151275743818,16.0,20.0
rarely needed,0.3644151275743818,16.0,20.0
treatment the,0.3644151275743818,16.0,20.0
many other,0.3644151275743818,16.0,20.0
tape is,0.3644151275743818,16.0,20.0
40 is,0.3644151275743818,16.0,20.0
doesn't require,0.3644151275743818,16.0,20.0
needs a,0.3644151275743818,16.0,20.0
about 30,0.3644151275743818,16.0,20.0
cloud backup,0.3644151275743818,16.0,20.0
a link,0.3620897516245336,28.0,37.0
six,0.3611612143828359,82.0,116.0
foods,0.35990469077368786,137.0,198.0
though it,0.35973220768818903,37.0,50.0
illegal,0.35945505065688016,48.0,66.0
symptom,0.35945505065688016,48.0,66.0
copy,0.35945505065688016,48.0,66.0
reflect,0.35916316437260454,63.0,88.0
free diets,0.35608427549313093,50.0,69.0
through the,0.3558804290583822,92.0,131.0
but there's,0.3550353323923432,94.0,134.0
minimal,0.3550353323923432,94.0,134.0
the system,0.3546679388201166,39.0,53.0
duct,0.3546679388201166,39.0,53.0
convenient,0.3546679388201166,39.0,53.0
current evidence,0.3544771626001484,30.0,40.0
see your,0.3544771626001484,30.0,40.0
soaking,0.35386287949389117,23.0,30.0
bleach is,0.35386287949389117,23.0,30.0
negligible,0.35300622398940845,52.0,72.0
your password,0.3509428616685679,13.0,16.0
scare,0.3509428616685679,13.0,16.0
cleaner or,0.3509428616685679,13.0,16.0
guaranteed the,0.3509428616685679,13.0,16.0
without testing,0.3509428616685679,13.0,16.0
younger,0.3509428616685679,13.0,16.0
eliminate all,0.3509428616685679,13.0,16.0
rule and,0.3509428616685679,13.0,16.0
mainly for,0.3509428616685679,13.0,16.0
acid can,0.3509428616685679,13.0,16.0
be sufficient,0.3509428616685679,13.0,16.0
residue and,0.3509428616685679,13.0,16.0
mature,0.3509428616685679,13.0,16.0
washing is,0.3509428616685679,13.0,16.0
it needs,0.3509428616685679,13.0,16.0
may shorten,0.3509428616685679,13.0,16.0
effect in,0.3509428616685679,13.0,16.0
a contract,0.3509428616685679,13.0,16.0
and remove,0.3509428616685679,13.0,16.0
check and,0.3509428616685679,13.0,16.0
accepting,0.3509428616685679,13.0,16.0
be affected,0.3509428616685679,13.0,16.0
you follow,0.3509428616685679,13.0,16.0
a portion,0.3509428616685679,13.0,16.0
stock,0.3501268633732623,41.0,56.0
concentrated,0.3487430560154624,18.0,23.0
back up,0.3487430560154624,18.0,23.0
different from,0.3487430560154624,18.0,23.0
alertness,0.3487430560154624,18.0,23.0
nonstick,0.3487430560154624,18.0,23.0
under a,0.3487430560154624,18.0,23.0
raw diets,0.3487430560154624,18.0,23.0
much cheaper,0.3487430560154624,18.0,23.0
a recognized,0.3487430560154624,18.0,23.0
written contract,0.3487430560154624,18.0,23.0
limited and,0.3478271157445411,32.0,43.0
only the,0.3443742730297427,25.0,33.0
contract and,0.3443742730297427,25.0,33.0
soda and,0.3443742730297427,25.0,33.0
systems are,0.3443742730297427,25.0,33.0
exact number,0.3443742730297427,25.0,33.0
three months,0.3443742730297427,25.0,33.0
weekly,0.3440918446105141,83.0,118.0
they'll,0.3396843480813246,10.0,12.0
it affects,0.3396843480813246,10.0,12.0
high fees,0.3396843480813246,10.0,12.0
some surface,0.3396843480813246,10.0,12.0
using too,0.3396843480813246,10.0,12.0
strict rule,0.3396843480813246,10.0,12.0
a slightly,0.3396843480813246,10.0,12.0
irritating,0.3396843480813246,10.0,12.0
carries,0.3396843480813246,10.0,12.0
and mixed,0.3396843480813246,10.0,12.0
training can,0.3396843480813246,10.0,12.0
and cold,0.3396843480813246,10.0,12.0
some plastics,0.3396843480813246,10.0,12.0
reflect your,0.3396843480813246,10.0,12.0
people and,0.3396843480813246,10.0,12.0
a false,0.3396843480813246,10.0,12.0
10 of,0.3396843480813246,10.0,12.0
price is,0.3396843480813246,10.0,12.0
cards can,0.3396843480813246,10.0,12.0
may remain,0.3396843480813246,10.0,12.0
build a,0.3396843480813246,10.0,12.0
elements,0.3396843480813246,10.0,12.0
mediterranean,0.3396843480813246,10.0,12.0
help identify,0.3396843480813246,10.0,12.0
filter or,0.3396843480813246,10.0,12.0
that meets,0.3396843480813246,10.0,12.0
symptoms for,0.3396843480813246,10.0,12.0
for an,0.33923838032913606,64.0,90.0
be effective,0.3368132568005903,36.0,49.0
the day,0.3368132568005903,36.0,49.0
usually a,0.3368132568005903,36.0,49.0
resin,0.33628554092849894,27.0,36.0
improve coverage,0.3361052305407952,20.0,26.0
ageing,0.3361052305407952,20.0,26.0
throughout,0.3361052305407952,20.0,26.0
30 minute,0.3361052305407952,20.0,26.0
mixed and,0.333243869886714,51.0,71.0
communication and,0.33209938581089377,15.0,19.0
bound,0.33209938581089377,15.0,19.0
a cheap,0.33209938581089377,15.0,19.0
supported the,0.33209938581089377,15.0,19.0
bottled,0.33209938581089377,15.0,19.0
symptom relief,0.33209938581089377,15.0,19.0
with certain,0.33209938581089377,15.0,19.0
stainless steel,0.33209938581089377,15.0,19.0
also work,0.33209938581089377,15.0,19.0
a meaningful,0.33209938581089377,15.0,19.0
for a,0.33174313095976765,726.0,1095.0
metals,0.32932519799031307,29.0,39.0
often not,0.32932519799031307,29.0,39.0
or have,0.32932519799031307,29.0,39.0
review your,0.3257182327660325,22.0,29.0
generally better,0.3257182327660325,22.0,29.0
manufacturer's recommendation,0.3257182327660325,22.0,29.0
the policy,0.32447376023578667,42.0,58.0
effectively,0.3211907295691211,44.0,61.0
a small,0.31988473068896683,294.0,437.0
dish soap,0.31801990940535785,33.0,45.0
finish,0.31801990940535785,33.0,45.0
hydrogen,0.31801990940535785,33.0,45.0
hepa filters,0.3175330703140808,17.0,22.0
judgment,0.3175330703140808,17.0,22.0
uniquely,0.3175330703140808,17.0,22.0
costs and,0.3175330703140808,17.0,22.0
radio waves,0.3175330703140808,17.0,22.0
and market,0.3175330703140808,17.0,22.0
cooking methods,0.3175330703140808,17.0,22.0
driving gently,0.3175330703140808,17.0,22.0
starters,0.3175330703140808,17.0,22.0
fungal,0.3175330703140808,17.0,22.0
the house,0.3170520842691895,24.0,32.0
are key,0.3170520842691895,24.0,32.0
tablets,0.3170520842691895,24.0,32.0
is plenty,0.315591523266996,12.0,15.0
quotes and,0.315591523266996,12.0,15.0
can charge,0.315591523266996,12.0,15.0
embassy website,0.315591523266996,12.0,15.0
the story,0.315591523266996,12.0,15.0
way the,0.315591523266996,12.0,15.0
should never,0.315591523266996,12.0,15.0
reduce swelling,0.315591523266996,12.0,15.0
symptoms and,0.315591523266996,12.0,15.0
immunotherapy,0.315591523266996,12.0,15.0
sludge,0.315591523266996,12.0,15.0
it's possible,0.315591523266996,12.0,15.0
a three,0.315591523266996,12.0,15.0
tea can,0.315591523266996,12.0,15.0
addition,0.315591523266996,12.0,15.0
works in,0.315591523266996,12.0,15.0
it because,0.315591523266996,12.0,15.0
be enforceable,0.315591523266996,12.0,15.0
targeting,0.315591523266996,12.0,15.0
survive,0.31339527938525397,35.0,48.0
can vary,0.31339527938525397,35.0,48.0
not fully,0.31339527938525397,35.0,48.0
battery is,0.3093175662833239,37.0,51.0
the issue,0.3093175662833239,37.0,51.0
moisture and,0.30904487187521,54.0,76.0
brief,0.3072685425505791,56.0,79.0
justify,0.30596047837942225,19.0,25.0
humidifier,0.30596047837942225,19.0,25.0
by your,0.30596047837942225,19.0,25.0
pure,0.30596047837942225,19.0,25.0
shade,0.30596047837942225,19.0,25.0
freezing,0.30566032403045523,58.0,82.0
daily,0.30561682953020736,302.0,450.0
rules you,0.30036119894951696,9.0,11.0
starting with,0.30036119894951696,9.0,11.0
negotiation but,0.30036119894951696,9.0,11.0
metabolism or,0.30036119894951696,9.0,11.0
pay attention,0.30036119894951696,9.0,11.0
reload,0.30036119894951696,9.0,11.0
20 40,0.30036119894951696,9.0,11.0
diagnosis is,0.30036119894951696,9.0,11.0
is mildly,0.30036119894951696,9.0,11.0
between sugar,0.30036119894951696,9.0,11.0
can call,0.30036119894951696,9.0,11.0
switching to,0.30036119894951696,9.0,11.0
the location,0.30036119894951696,9.0,11.0
signal but,0.30036119894951696,9.0,11.0
care and,0.30036119894951696,9.0,11.0
the frequency,0.30036119894951696,9.0,11.0
to charge,0.30036119894951696,9.0,11.0
use only,0.30036119894951696,9.0,11.0
studied and,0.30036119894951696,9.0,11.0
a stable,0.30036119894951696,9.0,11.0
can stay,0.30036119894951696,9.0,11.0
to hold,0.30036119894951696,9.0,11.0
and training,0.30036119894951696,9.0,11.0
first few,0.30036119894951696,9.0,11.0
or require,0.30036119894951696,9.0,11.0
dust or,0.30036119894951696,9.0,11.0
specific product,0.30036119894951696,9.0,11.0
product and,0.30036119894951696,9.0,11.0
beyond what,0.30036119894951696,9.0,11.0
softening,0.30036119894951696,9.0,11.0
children or,0.30036119894951696,9.0,11.0
places but,0.30036119894951696,9.0,11.0
translate to,0.30036119894951696,9.0,11.0
many experts,0.30036119894951696,9.0,11.0
empirical support,0.30036119894951696,9.0,11.0
manual most,0.30036119894951696,9.0,11.0
doesn't stop,0.30036119894951696,9.0,11.0
common but,0.29964997999091314,43.0,60.0
months is,0.2996472597151759,68.0,97.0
place,0.2987728933303075,70.0,100.0
shock,0.2981300298141534,30.0,41.0
water the,0.2981300298141534,30.0,41.0
mixed evidence,0.29811805960941584,14.0,18.0
them and,0.29811805960941584,14.0,18.0
increase your,0.29811805960941584,14.0,18.0
the phone's,0.29811805960941584,14.0,18.0
50 100,0.29811805960941584,14.0,18.0
often means,0.29811805960941584,14.0,18.0
evidence linking,0.29811805960941584,14.0,18.0
ventilation and,0.29811805960941584,14.0,18.0
shorter cooking,0.29811805960941584,14.0,18.0
not consistent,0.29811805960941584,14.0,18.0
for light,0.29811805960941584,14.0,18.0
oils are,0.29811805960941584,14.0,18.0
be considered,0.29811805960941584,14.0,18.0
and bacteria,0.29811805960941584,14.0,18.0
guidance is,0.29811805960941584,14.0,18.0
with any,0.29811805960941584,14.0,18.0
reuse,0.29811805960941584,14.0,18.0
custom,0.29811805960941584,14.0,18.0
increase is,0.29811805960941584,14.0,18.0
pothole,0.29811805960941584,14.0,18.0
add organic,0.29811805960941584,14.0,18.0
amount and,0.2965741662865489,21.0,28.0
identical,0.2965741662865489,21.0,28.0
the job,0.2965741662865489,21.0,28.0
saved,0.2965741662865489,21.0,28.0
the screen,0.2965741662865489,21.0,28.0
increase the,0.2965741662865489,21.0,28.0
its,0.2958714779343557,218.0,323.0
minor,0.29391701868583014,114.0,166.0
prices,0.2937737722257884,112.0,163.0
a strong,0.29355420865550447,108.0,157.0
visit,0.2934889755665924,32.0,44.0
pain and,0.2934889755665924,32.0,44.0
but doesn't,0.2909733082761876,51.0,72.0
effects but,0.28945165034027415,34.0,47.0
can kill,0.28945165034027415,34.0,47.0
but does,0.28945165034027415,34.0,47.0
apps can,0.28945165034027415,34.0,47.0
strain,0.2894044844690823,159.0,234.0
beyond normal,0.2888381572141629,23.0,31.0
are caused,0.2888381572141629,23.0,31.0
nuanced,0.2888381572141629,23.0,31.0
normally,0.2888381572141629,23.0,31.0
python,0.2888381572141629,23.0,31.0
marks,0.2888381572141629,23.0,31.0
recommended,0.2878141855017987,596.0,900.0
searing,0.2859240540263808,36.0,50.0
consumer sleep,0.2848923543823886,16.0,21.0
the result,0.2848923543823886,16.0,21.0
premiums,0.2848923543823886,16.0,21.0
the seller,0.2848923543823886,16.0,21.0
drain and,0.2848923543823886,16.0,21.0
germs,0.2848923543823886,16.0,21.0
recommended because,0.2848923543823886,16.0,21.0
extract,0.2848923543823886,16.0,21.0
every oil,0.2848923543823886,16.0,21.0
banned,0.2848923543823886,16.0,21.0
sleep trackers,0.2848923543823886,16.0,21.0
your score,0.2834387615866702,63.0,90.0
linked,0.2834387615866702,63.0,90.0
not automatically,0.2834387615866702,63.0,90.0
local law,0.28283093327479336,38.0,53.0
ignore,0.2823813263437593,25.0,34.0
indoors,0.2823813263437593,25.0,34.0
they can,0.2815761987413317,205.0,304.0
fit,0.28068781773211926,71.0,102.0
tissue,0.2801112737527643,40.0,56.0
or two,0.2801112737527643,40.0,56.0
from an,0.2801112737527643,40.0,56.0
many foods,0.2779652414331974,11.0,14.0
fda approved,0.2779652414331974,11.0,14.0
manufacturer's interval,0.2779652414331974,11.0,14.0
for whitening,0.2779652414331974,11.0,14.0
ingredients can,0.2779652414331974,11.0,14.0
been debunked,0.2779652414331974,11.0,14.0
protein is,0.2779652414331974,11.0,14.0
strong passwords,0.2779652414331974,11.0,14.0
savings vary,0.2779652414331974,11.0,14.0
outcomes depend,0.2779652414331974,11.0,14.0
problems the,0.2779652414331974,11.0,14.0
mean you,0.2779652414331974,11.0,14.0
care label,0.2779652414331974,11.0,14.0
a cooling,0.2779652414331974,11.0,14.0
and stay,0.2779652414331974,11.0,14.0
fuel injector,0.2779652414331974,11.0,14.0
local water,0.2779652414331974,11.0,14.0
you email,0.2779652414331974,11.0,14.0
not click,0.2779652414331974,11.0,14.0
a slight,0.2779652414331974,11.0,14.0
debunked by,0.2779652414331974,11.0,14.0
wear or,0.2779652414331974,11.0,14.0
do you,0.2779652414331974,11.0,14.0
the ph,0.2779652414331974,11.0,14.0
plain,0.27771504517753115,42.0,59.0
failing,0.27693777234152683,27.0,37.0
planting,0.27693777234152683,27.0,37.0
eyes,0.2756008082179374,44.0,62.0
inside the,0.2745734891479141,18.0,24.0
clean and,0.2745734891479141,18.0,24.0
exposure is,0.2745734891479141,18.0,24.0
the numbers,0.2745734891479141,18.0,24.0
purifiers,0.2745734891479141,18.0,24.0
times a,0.2745734891479141,18.0,24.0
a problem,0.2745734891479141,18.0,24.0
drawing,0.2745734891479141,18.0,24.0
treatment is,0.2745734891479141,18.0,24.0
two pages,0.2723115376879578,29.0,40.0
your water,0.2723115376879578,29.0,40.0
personal,0.2707950536699819,173.0,256.0
charging is,0.2706298803288478,50.0,71.0
non ionizing,0.26835475094299577,31.0,43.0
replace the,0.26835475094299577,31.0,43.0
disinfectant,0.26835475094299577,31.0,43.0
number on,0.2663403494731616,20.0,27.0
still work,0.2663403494731616,20.0,27.0
is lacking,0.2663403494731616,20.0,27.0
uncertain,0.2663403494731616,20.0,27.0
adding a,0.2663403494731616,20.0,27.0
hand,0.26319622329557874,70.0,101.0
balance,0.26224942660969197,180.0,267.0
the gauge,0.2622412053779357,13.0,17.0
a thank,0.2622412053779357,13.0,17.0
judge,0.2622412053779357,13.0,17.0
battery and,0.2622412053779357,13.0,17.0
calorie restriction,0.2622412053779357,13.0,17.0
temperature water,0.2622412053779357,13.0,17.0
energy but,0.2622412053779357,13.0,17.0
the limit,0.2622412053779357,13.0,17.0
habits and,0.2622412053779357,13.0,17.0
a dry,0.2622412053779357,13.0,17.0
surface and,0.2622412053779357,13.0,17.0
real risk,0.2622412053779357,13.0,17.0
easily,0.26201873864873243,35.0,49.0
20 minutes,0.26201873864873243,35.0,49.0
up is,0.2596592360498177,22.0,30.0
consensus is,0.2596592360498177,22.0,30.0
can raise,0.2596592360498177,22.0,30.0
first step,0.259479346254083,37.0,52.0
and do,0.259479346254083,37.0,52.0
claimed,0.259479346254083,37.0,52.0
corrosion,0.25536856507307315,41.0,58.0
scratched,0.2541668109833238,24.0,33.0
score is,0.2541668109833238,24.0,33.0
trees,0.2541668109833238,24.0,33.0
platform,0.2537120563057475,43.0,61.0
identity,0.2506493938557051,15.0,20.0
recommend keeping,0.2506493938557051,15.0,20.0
is abrasive,0.2506493938557051,15.0,20.0
unique passwords,0.2506493938557051,15.0,20.0
vary some,0.2506493938557051,15.0,20.0
a routine,0.2506493938557051,15.0,20.0
awareness,0.2506493938557051,15.0,20.0
breaches,0.2506493938557051,15.0,20.0
boiling because,0.2506493938557051,15.0,20.0
amount depends,0.2506493938557051,15.0,20.0
using an,0.2506493938557051,15.0,20.0
buyer protection,0.2506493938557051,15.0,20.0
16gb,0.2496063731503561,26.0,36.0
ergonomic,0.2496063731503561,26.0,36.0
connect,0.2496063731503561,26.0,36.0
cramps,0.2496063731503561,26.0,36.0
spark,0.2496063731503561,26.0,36.0
only a,0.2490483036697058,51.0,73.0
very high,0.2490483036697058,51.0,73.0
a different,0.24826638193535777,53.0,76.0
an oversimplification,0.24579096954496332,28.0,39.0
excellent,0.24258095057294773,30.0,42.0
a solid,0.24258095057294773,30.0,42.0
loss and,0.24258095057294773,30.0,42.0
in an,0.24258095057294773,30.0,42.0
be as,0.24181276467189589,17.0,23.0
specific number,0.24181276467189589,17.0,23.0
the paint,0.24181276467189589,17.0,23.0
cups,0.24181276467189589,17.0,23.0
intense,0.24181276467189589,17.0,23.0
volunteering,0.24181276467189589,17.0,23.0
because many,0.23765991223912708,10.0,13.0
an expert,0.23765991223912708,10.0,13.0
properties in,0.23765991223912708,10.0,13.0
mention that,0.23765991223912708,10.0,13.0
drainage and,0.23765991223912708,10.0,13.0
that one,0.23765991223912708,10.0,13.0
void the,0.23765991223912708,10.0,13.0
much as,0.23765991223912708,10.0,13.0
blockage,0.23765991223912708,10.0,13.0
organs,0.23765991223912708,10.0,13.0
usually caused,0.23765991223912708,10.0,13.0
and ice,0.23765991223912708,10.0,13.0
world use,0.23765991223912708,10.0,13.0
strong as,0.23765991223912708,10.0,13.0
your bank's,0.23765991223912708,10.0,13.0
charges are,0.23765991223912708,10.0,13.0
many reasons,0.23765991223912708,10.0,13.0
prices can,0.23765991223912708,10.0,13.0
only prevents,0.23765991223912708,10.0,13.0
the forum,0.23765991223912708,10.0,13.0
virtual,0.23765991223912708,10.0,13.0
reduce plaque,0.23765991223912708,10.0,13.0
by genetics,0.23765991223912708,10.0,13.0
with little,0.23765991223912708,10.0,13.0
strongly supported,0.23765991223912708,10.0,13.0
on total,0.23765991223912708,10.0,13.0
policy or,0.23765991223912708,10.0,13.0
omit,0.23765991223912708,10.0,13.0
near a,0.23765991223912708,10.0,13.0
into your,0.23765991223912708,10.0,13.0
time with,0.23765991223912708,10.0,13.0
enable two,0.23765991223912708,10.0,13.0
and caffeine,0.23765991223912708,10.0,13.0
when heated,0.23765991223912708,10.0,13.0
good source,0.23765991223912708,10.0,13.0
mood but,0.23765991223912708,10.0,13.0
independent research,0.23765991223912708,10.0,13.0
melting,0.23765991223912708,10.0,13.0
extends,0.23765991223912708,10.0,13.0
official immigration,0.23765991223912708,10.0,13.0
blood vessels,0.23765991223912708,10.0,13.0
to justify,0.23765991223912708,10.0,13.0
and fees,0.23765991223912708,10.0,13.0
uses non,0.23765991223912708,10.0,13.0
issues and,0.23765991223912708,10.0,13.0
rise,0.23757448147494203,34.0,48.0
wiring,0.23757448147494203,34.0,48.0
verbal,0.2356297376746455,36.0,51.0
a thin,0.23491354609148288,19.0,26.0
assess the,0.23491354609148288,19.0,26.0
say the,0.23491354609148288,19.0,26.0
even in,0.23491354609148288,19.0,26.0
more on,0.23491354609148288,19.0,26.0
slower,0.2339830851216478,38.0,54.0
changed,0.2339830851216478,38.0,54.0
regulates,0.23259201054376458,40.0,57.0
before bed,0.23142165500304313,42.0,60.0
gradually,0.230443153023348,44.0,63.0
directional,0.22943261354228772,21.0,29.0
intake is,0.22943261354228772,21.0,29.0
cleaning the,0.22943261354228772,21.0,29.0
modestly,0.22943261354228772,21.0,29.0
if they're,0.22943261354228772,21.0,29.0
traditional,0.2284359207009832,50.0,72.0
portion,0.22801827360908036,52.0,75.0
fabric,0.22770347137457222,54.0,78.0
because of,0.2273401426703059,58.0,84.0
a time,0.22502316034204753,23.0,32.0
adjustments,0.22502316034204753,23.0,32.0
improve performance,0.22502316034204753,23.0,32.0
room,0.22460747393581906,192.0,287.0
partner,0.22418695144585055,12.0,16.0
not uniquely,0.22418695144585055,12.0,16.0
people a,0.22418695144585055,12.0,16.0
rule some,0.22418695144585055,12.0,16.0
skin is,0.22418695144585055,12.0,16.0
regulate,0.22418695144585055,12.0,16.0
humid,0.22418695144585055,12.0,16.0
handled,0.22418695144585055,12.0,16.0
explosion,0.22418695144585055,12.0,16.0
short for,0.22418695144585055,12.0,16.0
and cognitive,0.22418695144585055,12.0,16.0
air purifiers,0.22418695144585055,12.0,16.0
idling for,0.22418695144585055,12.0,16.0
with modern,0.22418695144585055,12.0,16.0
and long,0.22418695144585055,12.0,16.0
the deduction,0.22418695144585055,12.0,16.0
jelly,0.22418695144585055,12.0,16.0
flood damage,0.22418695144585055,12.0,16.0
overall calorie,0.22418695144585055,12.0,16.0
out a,0.22418695144585055,12.0,16.0
much smaller,0.22418695144585055,12.0,16.0
adhesion,0.22418695144585055,12.0,16.0
rot is,0.22418695144585055,12.0,16.0
petroleum jelly,0.22418695144585055,12.0,16.0
antibiotic,0.22144394372397436,25.0,35.0
engagement,0.22144394372397436,25.0,35.0
soda can,0.22144394372397436,25.0,35.0
can interfere,0.22144394372397436,25.0,35.0
tracking,0.22092954441704,103.0,152.0
evidence and,0.21852155628382763,27.0,38.0
protector,0.21852155628382763,27.0,38.0
treated,0.21852155628382763,27.0,38.0
seasonal,0.21852155628382763,27.0,38.0
product,0.2156314110375107,195.0,292.0
stimulate,0.21459954007189497,14.0,19.0
to its,0.21459954007189497,14.0,19.0
wear but,0.21459954007189497,14.0,19.0
pose,0.21459954007189497,14.0,19.0
damage dna,0.21459954007189497,14.0,19.0
simpler,0.21459954007189497,14.0,19.0
the forecast,0.21459954007189497,14.0,19.0
shelter,0.21459954007189497,14.0,19.0
time horizon,0.21459954007189497,14.0,19.0
to 7,0.21459954007189497,14.0,19.0
than some,0.21459954007189497,14.0,19.0
era,0.21459954007189497,14.0,19.0
payment terms,0.21459954007189497,14.0,19.0
can survive,0.21459954007189497,14.0,19.0
usually require,0.21459954007189497,14.0,19.0
calcium and,0.21459954007189497,14.0,19.0
context matters,0.21459954007189497,14.0,19.0
overstates the,0.21459954007189497,14.0,19.0
multitasking,0.21459954007189497,14.0,19.0
moving the,0.21459954007189497,14.0,19.0
or using,0.2141662390792556,31.0,44.0
bpa,0.2141662390792556,31.0,44.0
volatile,0.2141662390792556,31.0,44.0
with,0.21384623887277224,3590.0,5524.0
on local,0.21256193210274396,33.0,47.0
test the,0.21256193210274396,33.0,47.0
people the,0.2112565418727934,35.0,50.0
protects,0.21020357660413574,37.0,53.0
time is,0.21020357660413574,37.0,53.0
affect your,0.20936557749640367,39.0,56.0
bigger,0.20936557749640367,39.0,56.0
synthetic oil,0.2082177508674971,43.0,62.0
cause of,0.2082177508674971,43.0,62.0
job,0.20783940214758057,158.0,236.0
theory,0.2078180857717378,57.0,83.0
you completely,0.20752461950802192,16.0,22.0
in controlled,0.20752461950802192,16.0,22.0
cool running,0.20752461950802192,16.0,22.0
equivalent to,0.20752461950802192,16.0,22.0
labelled microwave,0.20752461950802192,16.0,22.0
coats,0.20752461950802192,16.0,22.0
benefit but,0.20752461950802192,16.0,22.0
not cover,0.20752461950802192,16.0,22.0
is almost,0.20752461950802192,16.0,22.0
boundary,0.20752461950802192,16.0,22.0
generally recommended,0.20752461950802192,16.0,22.0
reapplication,0.20752461950802192,16.0,22.0
rain,0.20751035636987458,53.0,77.0
labelled,0.20749810518811085,49.0,71.0
extend,0.20746282744789193,51.0,74.0
plastic,0.2051895851256878,100.0,148.0
not necessarily,0.20474907870510953,152.0,227.0
than the,0.20230833125538197,123.0,183.0
acid and,0.20217506175608807,18.0,25.0
asset,0.20217506175608807,18.0,25.0
filter is,0.20217506175608807,18.0,25.0
not definitive,0.20217506175608807,18.0,25.0
necessarily a,0.20217506175608807,18.0,25.0
to build,0.20217506175608807,18.0,25.0
blot,0.20217506175608807,18.0,25.0
wipe,0.20217506175608807,18.0,25.0
a popular,0.20217506175608807,18.0,25.0
sales,0.1991137407188313,86.0,127.0
a full,0.19826997374230612,84.0,124.0
burst,0.19806445236768358,20.0,28.0
rubbing,0.19806445236768358,20.0,28.0
a service,0.19806445236768358,20.0,28.0
pruning,0.19806445236768358,20.0,28.0
picture,0.19806445236768358,20.0,28.0
lid,0.19806445236768358,20.0,28.0
hormone,0.19806445236768358,20.0,28.0
factors,0.19589842475890198,233.0,351.0
cold,0.1950182249997679,518.0,788.0
so they,0.19487471520817184,22.0,31.0
few months,0.19487471520817184,22.0,31.0
low risk,0.19487471520817184,22.0,31.0
fuel and,0.19487471520817184,22.0,31.0
in any,0.19487471520817184,22.0,31.0
apply to,0.19487471520817184,22.0,31.0
and activity,0.1941510046737696,9.0,12.0
sleep cycles,0.1941510046737696,9.0,12.0
a diet,0.1941510046737696,9.0,12.0
more dangerous,0.1941510046737696,9.0,12.0
moisturizing,0.1941510046737696,9.0,12.0
glasses for,0.1941510046737696,9.0,12.0
documenting,0.1941510046737696,9.0,12.0
a monthly,0.1941510046737696,9.0,12.0
reviews are,0.1941510046737696,9.0,12.0
burglars but,0.1941510046737696,9.0,12.0
but claims,0.1941510046737696,9.0,12.0
instability,0.1941510046737696,9.0,12.0
to specific,0.1941510046737696,9.0,12.0
estimate sleep,0.1941510046737696,9.0,12.0
an active,0.1941510046737696,9.0,12.0
air but,0.1941510046737696,9.0,12.0
with reduced,0.1941510046737696,9.0,12.0
official embassy,0.1941510046737696,9.0,12.0
keyword stuffing,0.1941510046737696,9.0,12.0
and re,0.1941510046737696,9.0,12.0
creative,0.1941510046737696,9.0,12.0
the mixture,0.1941510046737696,9.0,12.0
can start,0.1941510046737696,9.0,12.0
for brushing,0.1941510046737696,9.0,12.0
explained by,0.1941510046737696,9.0,12.0
plan a,0.1941510046737696,9.0,12.0
warned against,0.1941510046737696,9.0,12.0
cooking temperatures,0.1941510046737696,9.0,12.0
not dramatic,0.1941510046737696,9.0,12.0
to contain,0.1941510046737696,9.0,12.0
eating a,0.1941510046737696,9.0,12.0
a unique,0.1941510046737696,9.0,12.0
or severe,0.1941510046737696,9.0,12.0
oils but,0.1941510046737696,9.0,12.0
regular washing,0.1941510046737696,9.0,12.0
tight,0.1923884524810081,24.0,34.0
weaken,0.1923884524810081,24.0,34.0
the room,0.1923884524810081,24.0,34.0
allergic,0.1923884524810081,24.0,34.0
few minutes,0.1923884524810081,24.0,34.0
blood pressure,0.18984329803426878,62.0,91.0
durable,0.18895220061323556,28.0,40.0
is normal,0.18895220061323556,28.0,40.0
damage and,0.18895220061323556,28.0,40.0
in high,0.18895220061323556,28.0,40.0
claim may,0.18895220061323556,28.0,40.0
tool,0.18862506943833215,122.0,182.0
strategies,0.1878060591747389,30.0,43.0
or you,0.1878060591747389,30.0,43.0
in small,0.18694928482567838,32.0,46.0
goals,0.18633218145836683,34.0,49.0
you a,0.18633218145836683,34.0,49.0
saving,0.18633218145836683,34.0,49.0
acids,0.18633218145836683,34.0,49.0
fiber,0.185926015689245,46.0,67.0
cleaned,0.18591555434061002,36.0,52.0
time the,0.18566806889671153,38.0,55.0
stops,0.185583732264514,42.0,61.0
stretching before,0.18556437242163673,40.0,58.0
rest is,0.183604732961084,11.0,15.0
time depends,0.183604732961084,11.0,15.0
no established,0.183604732961084,11.0,15.0
glass or,0.183604732961084,11.0,15.0
be faster,0.183604732961084,11.0,15.0
doesn't necessarily,0.183604732961084,11.0,15.0
submit,0.183604732961084,11.0,15.0
any cooking,0.183604732961084,11.0,15.0
be beneficial,0.183604732961084,11.0,15.0
readers,0.183604732961084,11.0,15.0
safe approach,0.183604732961084,11.0,15.0
as your,0.183604732961084,11.0,15.0
10x,0.183604732961084,11.0,15.0
differences are,0.183604732961084,11.0,15.0
the 99,0.183604732961084,11.0,15.0
mild and,0.183604732961084,11.0,15.0
friendly,0.183604732961084,11.0,15.0
touching,0.183604732961084,11.0,15.0
and create,0.183604732961084,11.0,15.0
the court,0.183604732961084,11.0,15.0
50 percent,0.183604732961084,11.0,15.0
share the,0.183604732961084,11.0,15.0
nose,0.183604732961084,11.0,15.0
doesn't have,0.183604732961084,11.0,15.0
meet,0.18180156489862814,83.0,123.0
vitamin d,0.1795254310208538,106.0,158.0
nights,0.1764959827216533,13.0,18.0
usually means,0.1764959827216533,13.0,18.0
a fact,0.1764959827216533,13.0,18.0
temporary fix,0.1764959827216533,13.0,18.0
your data,0.1764959827216533,13.0,18.0
require it,0.1764959827216533,13.0,18.0
actually stress,0.1764959827216533,13.0,18.0
often small,0.1764959827216533,13.0,18.0
to 4,0.1764959827216533,13.0,18.0
some products,0.1764959827216533,13.0,18.0
faster but,0.17152795345118055,15.0,21.0
the fuel,0.17152795345118055,15.0,21.0
limit for,0.17152795345118055,15.0,21.0
compromised,0.17152795345118055,15.0,21.0
a dynamic,0.17152795345118055,15.0,21.0
weatherstripping,0.17152795345118055,15.0,21.0
is dry,0.17152795345118055,15.0,21.0
blocked,0.17152795345118055,15.0,21.0
issues or,0.17152795345118055,15.0,21.0
beneficial but,0.17152795345118055,15.0,21.0
that has,0.17152795345118055,15.0,21.0
shell,0.17152795345118055,15.0,21.0
password and,0.17152795345118055,15.0,21.0
skills,0.16884176403600062,88.0,131.0
most effective,0.16798753602189212,17.0,24.0
as much,0.16798753602189212,17.0,24.0
of an,0.16798753602189212,17.0,24.0
physically,0.16798753602189212,17.0,24.0
calorie intake,0.16798753602189212,17.0,24.0
authenticity,0.16798753602189212,17.0,24.0
the bigger,0.16798753602189212,17.0,24.0
ram,0.16795413217356478,55.0,81.0
buy a,0.16544772150518866,19.0,27.0
cv,0.16544772150518866,19.0,27.0
gargling,0.16544772150518866,19.0,27.0
and vinegar,0.16544772150518866,19.0,27.0
disease or,0.16544772150518866,19.0,27.0
to you,0.16544772150518866,19.0,27.0
at that,0.16544772150518866,19.0,27.0
not from,0.1645969536810418,47.0,69.0
sales tactic,0.16363619799177495,21.0,30.0
work in,0.16363619799177495,21.0,30.0
the old,0.1631579290721472,43.0,63.0
fixes,0.1623706717678816,23.0,33.0
carrier,0.1623706717678816,23.0,33.0
showers,0.1623706717678816,23.0,33.0
mindfulness,0.1623706717678816,23.0,33.0
chart,0.1623706717678816,23.0,33.0
and contact,0.1623706717678816,23.0,33.0
young,0.16195868285631929,39.0,57.0
and follow,0.161524310765113,25.0,36.0
cracked,0.161524310765113,25.0,36.0
steaming,0.161524310765113,25.0,36.0
and usually,0.16147676300898112,37.0,54.0
steam,0.16109309099776564,35.0,51.0
toxic to,0.1610060552161743,27.0,39.0
seller,0.1610060552161743,27.0,39.0
roots and,0.1610060552161743,27.0,39.0
crying,0.1610060552161743,27.0,39.0
warm ups,0.16082685377010514,33.0,48.0
soda is,0.16074880156396518,29.0,42.0
cleaning is,0.16074880156396518,29.0,42.0
sweat,0.16070200104448326,31.0,45.0
rice,0.1596448027293921,118.0,177.0
fast,0.15540655785357857,91.0,136.0
heavy,0.15276729120054752,127.0,191.0
muscle,0.15226912271052162,161.0,243.0
warm up,0.1501231130060009,58.0,86.0
outside,0.1501231130060009,58.0,86.0
once,0.14842475042634282,102.0,153.0
regulated,0.142607238239698,46.0,68.0
but controlled,0.14005125767924917,10.0,14.0
past the,0.14005125767924917,10.0,14.0
laser,0.14005125767924917,10.0,14.0
surfaces and,0.14005125767924917,10.0,14.0
advice the,0.14005125767924917,10.0,14.0
lubrication,0.14005125767924917,10.0,14.0
active ingredients,0.14005125767924917,10.0,14.0
manual if,0.14005125767924917,10.0,14.0
know if,0.14005125767924917,10.0,14.0
can clean,0.14005125767924917,10.0,14.0
or old,0.14005125767924917,10.0,14.0
larger than,0.14005125767924917,10.0,14.0
causes including,0.14005125767924917,10.0,14.0
cookies and,0.14005125767924917,10.0,14.0
requires more,0.14005125767924917,10.0,14.0
jobs are,0.14005125767924917,10.0,14.0
means it,0.14005125767924917,10.0,14.0
to some,0.14005125767924917,10.0,14.0
warp,0.14005125767924917,10.0,14.0
plant growth,0.14005125767924917,10.0,14.0
children the,0.14005125767924917,10.0,14.0
not useless,0.14005125767924917,10.0,14.0
risks of,0.14005125767924917,10.0,14.0
time you,0.14005125767924917,10.0,14.0
the long,0.14005125767924917,10.0,14.0
more research,0.14005125767924917,10.0,14.0
months not,0.14005125767924917,10.0,14.0
modern smartphones,0.14005125767924917,10.0,14.0
a combination,0.14005125767924917,10.0,14.0
it cures,0.13676726590327934,36.0,53.0
sense,0.13676726590327934,36.0,53.0
applying,0.13649025743368626,65.0,97.0
a shorter,0.1360374663102241,12.0,17.0
fumes,0.1360374663102241,12.0,17.0
a no,0.1360374663102241,12.0,17.0
mechanisms,0.1360374663102241,12.0,17.0
up a,0.1360374663102241,12.0,17.0
after 30,0.1360374663102241,12.0,17.0
and interest,0.1360374663102241,12.0,17.0
battery or,0.1360374663102241,12.0,17.0
on skin,0.1360374663102241,12.0,17.0
from another,0.1360374663102241,12.0,17.0
your resume,0.1360374663102241,12.0,17.0
your plan,0.1360374663102241,12.0,17.0
but research,0.1360374663102241,12.0,17.0
texture and,0.1360374663102241,12.0,17.0
yellow leaves,0.1360374663102241,12.0,17.0
the post,0.1360374663102241,12.0,17.0
expose,0.1360374663102241,12.0,17.0
emergency fund,0.1360374663102241,12.0,17.0
grout,0.1360374663102241,12.0,17.0
the chance,0.1360374663102241,12.0,17.0
stream,0.1360374663102241,12.0,17.0
a drain,0.1360374663102241,12.0,17.0
a business,0.1360374663102241,12.0,17.0
far from,0.1360374663102241,12.0,17.0
discussion,0.1360374663102241,12.0,17.0
down the,0.1360374663102241,12.0,17.0
megapixels,0.13470828863218226,32.0,47.0
holding,0.13470828863218226,32.0,47.0
lower your,0.13378249187411018,30.0,44.0
on sleep,0.13378249187411018,30.0,44.0
leaf,0.13378249187411018,30.0,44.0
to prove,0.13360740999341378,14.0,20.0
but high,0.13360740999341378,14.0,20.0
gone,0.13360740999341378,14.0,20.0
pieces,0.13360740999341378,14.0,20.0
non refundable,0.13360740999341378,14.0,20.0
dose is,0.13360740999341378,14.0,20.0
a 5,0.13360740999341378,14.0,20.0
deep frying,0.13360740999341378,14.0,20.0
rhythm,0.13360740999341378,14.0,20.0
autoimmune,0.13360740999341378,14.0,20.0
detector,0.13360740999341378,14.0,20.0
can release,0.13360740999341378,14.0,20.0
but 50,0.13360740999341378,14.0,20.0
projects,0.1329502469370659,28.0,41.0
many are,0.13223687390287953,26.0,38.0
more expensive,0.13223687390287953,26.0,38.0
a commercial,0.13219086872278407,16.0,23.0
burglars,0.13219086872278407,16.0,23.0
waterproof,0.13219086872278407,16.0,23.0
the 90,0.13219086872278407,16.0,23.0
colds in,0.13219086872278407,16.0,23.0
bank's,0.13219086872278407,16.0,23.0
not normal,0.13219086872278407,16.0,23.0
cold showers,0.13219086872278407,16.0,23.0
debate,0.13219086872278407,16.0,23.0
they still,0.13219086872278407,16.0,23.0
trusted,0.13219086872278407,16.0,23.0
shallow,0.13219086872278407,16.0,23.0
some small,0.13178529196310856,59.0,88.0
cubes,0.13167597773239823,24.0,35.0
report the,0.13167597773239823,24.0,35.0
support it,0.13145963800701976,18.0,26.0
everywhere,0.13145963800701976,18.0,26.0
a window,0.13131303709942038,22.0,32.0
unverified,0.13131303709942038,22.0,32.0
eggshells,0.1312110349160354,20.0,29.0
years of,0.1312110349160354,20.0,29.0
under medical,0.1312110349160354,20.0,29.0
for children,0.1312110349160354,20.0,29.0
300,0.12811523757787555,76.0,114.0
to reduce,0.12811523757787555,76.0,114.0
see if,0.1269363771825851,53.0,79.0
increase,0.1191192084641355,322.0,492.0
removal,0.11366338625512347,111.0,168.0
active,0.11331377022076496,169.0,257.0
sleeping,0.11328586766859844,37.0,55.0
wording,0.11191788785693596,58.0,87.0
loads,0.1115133459490376,35.0,52.0
ionizing,0.10973081785234763,33.0,49.0
cotton,0.10973081785234763,33.0,49.0
beneficial,0.1089220270158199,90.0,136.0
routine,0.10826629337036,105.0,159.0
discharges,0.1079892447470058,54.0,81.0
be needed,0.10794147271406412,31.0,46.0
is needed,0.1070209383333369,88.0,133.0
itself is,0.10614975398147646,29.0,43.0
at room,0.10614975398147646,29.0,43.0
checks,0.10597034624895392,52.0,78.0
for other,0.10436186344838495,27.0,40.0
the entire,0.10436186344838495,27.0,40.0
than boiling,0.10436186344838495,27.0,40.0
a safety,0.10436186344838495,27.0,40.0
foil,0.10436186344838495,27.0,40.0
the code,0.10436186344838495,27.0,40.0
and you,0.10260388702665378,67.0,101.0
only when,0.10258651015369934,25.0,37.0
bright,0.10258651015369934,25.0,37.0
risk for,0.10258651015369934,25.0,37.0
your contract,0.10258651015369934,25.0,37.0
is rare,0.10258651015369934,25.0,37.0
for your,0.10256400214560119,272.0,416.0
buyer,0.10083605047062365,23.0,34.0
behavioural,0.10083605047062365,23.0,34.0
straight,0.10083605047062365,23.0,34.0
profit,0.10083605047062365,23.0,34.0
into a,0.10083605047062365,23.0,34.0
enforceable,0.10083605047062365,23.0,34.0
using a,0.10071445734251214,97.0,147.0
hot water,0.09966869462375436,46.0,69.0
some evidence,0.09912827443528313,21.0,31.0
used as,0.09912827443528313,21.0,31.0
ice cubes,0.09912827443528313,21.0,31.0
not generally,0.0974893012345346,19.0,28.0
unless your,0.0974893012345346,19.0,28.0
effective but,0.0974893012345346,19.0,28.0
shouldn't,0.0974893012345346,19.0,28.0
updating,0.0974893012345346,19.0,28.0
because the,0.09704294247489867,78.0,118.0
grain free,0.09624420490706173,61.0,92.0
the seal,0.09595846658819725,17.0,25.0
with less,0.09595846658819725,17.0,25.0
for chronic,0.09595846658819725,17.0,25.0
marketing claim,0.09595846658819725,17.0,25.0
may affect,0.09595846658819725,17.0,25.0
glare,0.09595846658819725,17.0,25.0
thoroughly,0.09523632204007611,42.0,63.0
concern,0.09474688325256989,91.0,138.0
for professional,0.09459698791401423,15.0,22.0
phenomenon,0.09459698791401423,15.0,22.0
them as,0.09459698791401423,15.0,22.0
air filters,0.09459698791401423,15.0,22.0
is due,0.09459698791401423,15.0,22.0
boosters,0.09459698791401423,15.0,22.0
guarantee future,0.09459698791401423,15.0,22.0
000 100,0.09459698791401423,15.0,22.0
and does,0.09403630578515922,59.0,89.0
classic,0.09403630578515922,59.0,89.0
cognitive behavioral,0.09350429141065866,13.0,19.0
cold or,0.09350429141065866,13.0,19.0
lentils,0.09350429141065866,13.0,19.0
thick walls,0.09350429141065866,13.0,19.0
experiences,0.09350429141065866,13.0,19.0
a registered,0.09350429141065866,13.0,19.0
a photo,0.09350429141065866,13.0,19.0
bpa free,0.09350429141065866,13.0,19.0
popular but,0.09350429141065866,13.0,19.0
thermal paste,0.09350429141065866,13.0,19.0
and fill,0.09350429141065866,13.0,19.0
tested and,0.09350429141065866,13.0,19.0
growth in,0.09350429141065866,13.0,19.0
recipes,0.09350429141065866,13.0,19.0
encrypt,0.09350429141065866,13.0,19.0
strictly necessary,0.09350429141065866,13.0,19.0
lubricant,0.09350429141065866,13.0,19.0
as it,0.09350429141065866,13.0,19.0
partial charges,0.09350429141065866,13.0,19.0
from normal,0.09350429141065866,13.0,19.0
growth the,0.09350429141065866,13.0,19.0
sprays,0.09350429141065866,13.0,19.0
removal is,0.09295511367093566,9.0,13.0
frequent use,0.09295511367093566,9.0,13.0
reduce heat,0.09295511367093566,9.0,13.0
limit not,0.09295511367093566,9.0,13.0
worsen symptoms,0.09295511367093566,9.0,13.0
wise but,0.09295511367093566,9.0,13.0
the visa,0.09295511367093566,9.0,13.0
don't let,0.09295511367093566,9.0,13.0
on weight,0.09295511367093566,9.0,13.0
instruction to,0.09295511367093566,9.0,13.0
flow and,0.09295511367093566,9.0,13.0
becoming,0.09295511367093566,9.0,13.0
may give,0.09295511367093566,9.0,13.0
be excessive,0.09295511367093566,9.0,13.0
short lived,0.09295511367093566,9.0,13.0
cause condensation,0.09295511367093566,9.0,13.0
demands,0.09295511367093566,9.0,13.0
suggestion,0.09295511367093566,9.0,13.0
entire rent,0.09295511367093566,9.0,13.0
claim has,0.09295511367093566,9.0,13.0
rule it,0.09295511367093566,9.0,13.0
miles with,0.09295511367093566,9.0,13.0
you live,0.09295511367093566,9.0,13.0
independent mechanic,0.09295511367093566,9.0,13.0
on any,0.09295511367093566,9.0,13.0
the context,0.09295511367093566,9.0,13.0
growth rate,0.09295511367093566,9.0,13.0
human evidence,0.09295511367093566,9.0,13.0
and mood,0.09295511367093566,9.0,13.0
often preserves,0.09295511367093566,9.0,13.0
well with,0.09295511367093566,9.0,13.0
than many,0.09295511367093566,9.0,13.0
replace only,0.09295511367093566,9.0,13.0
can send,0.09295511367093566,9.0,13.0
dries,0.09295511367093566,9.0,13.0
c does,0.09295511367093566,9.0,13.0
is significant,0.09295511367093566,9.0,13.0
immune to,0.09295511367093566,9.0,13.0
organ,0.09295511367093566,9.0,13.0
for cooking,0.09295511367093566,9.0,13.0
problems but,0.09295511367093566,9.0,13.0
often cheaper,0.09285125069081769,11.0,16.0
possible with,0.09285125069081769,11.0,16.0
check a,0.09285125069081769,11.0,16.0
use different,0.09285125069081769,11.0,16.0
deduct a,0.09285125069081769,11.0,16.0
dark chocolate,0.09285125069081769,11.0,16.0
effective against,0.09285125069081769,11.0,16.0
stretching is,0.09285125069081769,11.0,16.0
time not,0.09285125069081769,11.0,16.0
copy of,0.09285125069081769,11.0,16.0
labeled microwave,0.09285125069081769,11.0,16.0
for lithium,0.09285125069081769,11.0,16.0
you usually,0.09285125069081769,11.0,16.0
elemental,0.09285125069081769,11.0,16.0
clogs,0.09285125069081769,11.0,16.0
plan and,0.09285125069081769,11.0,16.0
20 years,0.09285125069081769,11.0,16.0
the dog,0.09285125069081769,11.0,16.0
spreading,0.09285125069081769,11.0,16.0
the error,0.09285125069081769,11.0,16.0
is short,0.09285125069081769,11.0,16.0
and physical,0.09285125069081769,11.0,16.0
but daily,0.09285125069081769,11.0,16.0
reflection,0.09285125069081769,11.0,16.0
dispute the,0.09285125069081769,11.0,16.0
the ice,0.09285125069081769,11.0,16.0
argument,0.09285125069081769,11.0,16.0
200,0.09280202089861547,74.0,112.0
plastics,0.09062063370176747,72.0,109.0
flow,0.08947162152456901,55.0,83.0
5 000,0.08839568268808821,70.0,106.0
softener,0.08817112721442764,36.0,54.0
idling,0.08710814525219325,53.0,80.0
or use,0.08612471313402549,68.0,103.0
avoiding,0.08386146727556977,135.0,206.0
approaches,0.08312817519254515,32.0,48.0
appear,0.08219925824542153,49.0,74.0
health,0.081479156178987,694.0,1069.0
the amount,0.08143374494279172,64.0,97.0
minutes a,0.0804883348832993,30.0,45.0
sand,0.0804883348832993,30.0,45.0
for dandruff,0.0804883348832993,30.0,45.0
set a,0.0804883348832993,30.0,45.0
treating,0.0804883348832993,30.0,45.0
sensitive,0.07958219816073082,77.0,117.0
evaluate,0.07775895024015603,28.0,42.0
sharp,0.07775895024015603,28.0,42.0
ongoing,0.07775895024015603,28.0,42.0
coat,0.07775895024015603,28.0,42.0
spray,0.07701572726075492,45.0,68.0
ends,0.0749302367626215,26.0,39.0
a physical,0.0749302367626215,26.0,39.0
rooms,0.0749302367626215,26.0,39.0
to compare,0.0749302367626215,26.0,39.0
authorities,0.0749302367626215,26.0,39.0
is wise,0.0749302367626215,26.0,39.0
but some,0.0740399227654465,86.0,131.0
point but,0.07199048665483553,24.0,36.0
suggest a,0.07199048665483553,24.0,36.0
soap and,0.07199048665483553,24.0,36.0
is little,0.07199048665483553,24.0,36.0
backups,0.07199048665483553,24.0,36.0
ac,0.07150965599893386,41.0,62.0
hundreds,0.07150965599893386,41.0,62.0
joints,0.0689254938677197,22.0,33.0
for actual,0.0689254938677197,22.0,33.0
messages,0.0689254938677197,22.0,33.0
also help,0.0689254938677197,22.0,33.0
is above,0.0689254938677197,22.0,33.0
the rule,0.06591555624623198,52.0,79.0
diversified,0.06571773725253305,20.0,30.0
cooking time,0.06571773725253305,20.0,30.0
work with,0.06571773725253305,20.0,30.0
involve,0.06561829013281041,37.0,56.0
otherwise,0.06446266311950487,78.0,119.0
but they,0.0638778156404309,422.0,650.0
sealed,0.06307056377828149,50.0,76.0
used in,0.06307056377828149,50.0,76.0
fill,0.06250279987351393,35.0,53.0
gum,0.06250279987351393,35.0,53.0
used to,0.06250279987351393,35.0,53.0
was about,0.06234518443966983,18.0,27.0
electromagnetic,0.06234518443966983,18.0,27.0
not conclusive,0.06234518443966983,18.0,27.0
rules for,0.06234518443966983,18.0,27.0
or damage,0.06234518443966983,18.0,27.0
preliminary,0.06234518443966983,18.0,27.0
and nutrition,0.06234518443966983,18.0,27.0
has been,0.060160479633257026,124.0,190.0
chemicals,0.060135710661664406,48.0,73.0
calibration,0.05925698148732951,33.0,50.0
shutter,0.05877947604852444,16.0,24.0
date if,0.05877947604852444,16.0,24.0
determined by,0.05877947604852444,16.0,24.0
the results,0.05877947604852444,16.0,24.0
fully,0.058146748931185495,98.0,150.0
six months,0.05586491264707065,31.0,47.0
the pot,0.05498304588442743,14.0,21.0
and run,0.05498304588442743,14.0,21.0
reduce power,0.05498304588442743,14.0,21.0
evidence you,0.05498304588442743,14.0,21.0
combined,0.05498304588442743,14.0,21.0
admissions officers,0.05498304588442743,14.0,21.0
the content,0.05498304588442743,14.0,21.0
the container,0.05498304588442743,14.0,21.0
leverage,0.05498304588442743,14.0,21.0
and shorter,0.05498304588442743,14.0,21.0
occurs,0.053964225469559965,44.0,67.0
drive,0.05222600977005883,140.0,215.0
the ground,0.05090429857435685,12.0,18.0
in juices,0.05090429857435685,12.0,18.0
and product,0.05090429857435685,12.0,18.0
the method,0.05090429857435685,12.0,18.0
warmer,0.05090429857435685,12.0,18.0
tartar,0.05090429857435685,12.0,18.0
worked,0.05090429857435685,12.0,18.0
but more,0.05090429857435685,12.0,18.0
periods of,0.05090429857435685,12.0,18.0
just because,0.05090429857435685,12.0,18.0
substantial,0.05090429857435685,12.0,18.0
affecting,0.05090429857435685,12.0,18.0
wash with,0.05090429857435685,12.0,18.0
beyond a,0.05090429857435685,12.0,18.0
days and,0.05090429857435685,12.0,18.0
reversal,0.05090429857435685,12.0,18.0
months to,0.05090429857435685,12.0,18.0
consuming,0.05090429857435685,12.0,18.0
dates are,0.05090429857435685,12.0,18.0
can introduce,0.05090429857435685,12.0,18.0
passwords,0.04957529393917625,79.0,121.0
a licensed,0.04856092498753171,27.0,41.0
generally considered,0.04856092498753171,27.0,41.0
one of,0.04856092498753171,27.0,41.0
air and,0.046468953510450405,10.0,15.0
often considered,0.046468953510450405,10.0,15.0
very large,0.046468953510450405,10.0,15.0
main cause,0.046468953510450405,10.0,15.0
wet conditions,0.046468953510450405,10.0,15.0
market conditions,0.046468953510450405,10.0,15.0
matter for,0.046468953510450405,10.0,15.0
meat and,0.046468953510450405,10.0,15.0
serums,0.046468953510450405,10.0,15.0
a potential,0.046468953510450405,10.0,15.0
combined with,0.046468953510450405,10.0,15.0
be removed,0.046468953510450405,10.0,15.0
the landlord's,0.046468953510450405,10.0,15.0
the interest,0.046468953510450405,10.0,15.0
that in,0.046468953510450405,10.0,15.0
hair but,0.046468953510450405,10.0,15.0
any single,0.046468953510450405,10.0,15.0
screens are,0.046468953510450405,10.0,15.0
only safe,0.046468953510450405,10.0,15.0
lower the,0.046468953510450405,10.0,15.0
link but,0.046468953510450405,10.0,15.0
and never,0.046468953510450405,10.0,15.0
the three,0.046468953510450405,10.0,15.0
phrase is,0.046468953510450405,10.0,15.0
guaranteed fix,0.046468953510450405,10.0,15.0
an established,0.046468953510450405,10.0,15.0
is impossible,0.046468953510450405,10.0,15.0
plugged in,0.046468953510450405,10.0,15.0
been tested,0.046468953510450405,10.0,15.0
and is,0.04494199814247966,99.0,152.0
above the,0.04459640422929918,25.0,38.0
ensure the,0.04459640422929918,25.0,38.0
clothing,0.04459640422929918,25.0,38.0
charges,0.04440074406952375,51.0,78.0
odor,0.04379822593485311,38.0,58.0
issues but,0.04379822593485311,38.0,58.0
veterinary guidelines,0.04156300537402047,8.0,12.0
details and,0.04156300537402047,8.0,12.0
others are,0.04156300537402047,8.0,12.0
the clock,0.04156300537402047,8.0,12.0
simplify,0.04156300537402047,8.0,12.0
policies vary,0.04156300537402047,8.0,12.0
with existing,0.04156300537402047,8.0,12.0
loss depends,0.04156300537402047,8.0,12.0
of their,0.04156300537402047,8.0,12.0
ratio is,0.04156300537402047,8.0,12.0
a privacy,0.04156300537402047,8.0,12.0
safest choice,0.04156300537402047,8.0,12.0
strong encryption,0.04156300537402047,8.0,12.0
claims about,0.04156300537402047,8.0,12.0
use less,0.04156300537402047,8.0,12.0
weather and,0.04156300537402047,8.0,12.0
practice matters,0.04156300537402047,8.0,12.0
substance,0.04156300537402047,8.0,12.0
supports the,0.04156300537402047,8.0,12.0
nuance,0.04156300537402047,8.0,12.0
small short,0.04156300537402047,8.0,12.0
microwaving often,0.04156300537402047,8.0,12.0
best method,0.04156300537402047,8.0,12.0
issues in,0.04156300537402047,8.0,12.0
and self,0.04156300537402047,8.0,12.0
moisture is,0.04156300537402047,8.0,12.0
required and,0.04156300537402047,8.0,12.0
diversified portfolio,0.04156300537402047,8.0,12.0
can develop,0.04156300537402047,8.0,12.0
5'6 or,0.04156300537402047,8.0,12.0
contained,0.04156300537402047,8.0,12.0
ftc has,0.04156300537402047,8.0,12.0
weak passwords,0.04156300537402047,8.0,12.0
many companies,0.04156300537402047,8.0,12.0
the noise,0.04156300537402047,8.0,12.0
or add,0.04156300537402047,8.0,12.0
or data,0.04156300537402047,8.0,12.0
plants are,0.04156300537402047,8.0,12.0
not diagnostic,0.04156300537402047,8.0,12.0
amounts and,0.04156300537402047,8.0,12.0
studies do,0.04156300537402047,8.0,12.0
oil and,0.040377058378971445,23.0,35.0
and improve,0.04011386489280824,36.0,55.0
deep sleep,0.04011386489280824,36.0,55.0
dish,0.04011386489280824,36.0,55.0
for normal,0.03625237936257447,34.0,52.0
check whether,0.03625237936257447,34.0,52.0
60 000,0.03585553502831135,21.0,32.0
procedure,0.03585553502831135,21.0,32.0
area and,0.03585553502831135,21.0,32.0
inspected,0.03585553502831135,21.0,32.0
birds,0.032191086638162884,32.0,49.0
clinically,0.032191086638162884,32.0,49.0
a flush,0.03096937757557162,19.0,29.0
vague,0.03096937757557162,19.0,29.0
carrots,0.03096937757557162,19.0,29.0
mildly,0.03096937757557162,19.0,29.0
red wine,0.03096937757557162,19.0,29.0
briefly,0.03096937757557162,19.0,29.0
families,0.03096937757557162,19.0,29.0
certainty,0.03096937757557162,19.0,29.0
hasn't,0.03096937757557162,19.0,29.0
be reasonable,0.03096937757557162,19.0,29.0
replacing,0.029378115137348962,173.0,267.0
the leak,0.027902575451363848,30.0,46.0
is beneficial,0.025633825039940192,17.0,26.0
that exact,0.025633825039940192,17.0,26.0
or non,0.025633825039940192,17.0,26.0
some may,0.025633825039940192,17.0,26.0
ancient,0.025633825039940192,17.0,26.0
but one,0.025633825039940192,17.0,26.0
organic matter,0.02335330379531711,28.0,43.0
risk from,0.02335330379531711,28.0,43.0
more about,0.02335330379531711,28.0,43.0
removes,0.02302896153425256,72.0,111.0
can change,0.02266011486218105,39.0,60.0
paste,0.02266011486218105,39.0,60.0
risk a,0.01972977503476915,15.0,23.0
excessive for,0.01972977503476915,15.0,23.0
weak the,0.01972977503476915,15.0,23.0
readiness,0.01972977503476915,15.0,23.0
moves,0.01972977503476915,15.0,23.0
most learners,0.01972977503476915,15.0,23.0
covering,0.01972977503476915,15.0,23.0
looking at,0.01972977503476915,15.0,23.0
acid is,0.01972977503476915,15.0,23.0
the deposit,0.01972977503476915,15.0,23.0
only,0.01931876215414821,969.0,1501.0
strong enough,0.018501641419981524,26.0,40.0
celiac disease,0.018501641419981524,26.0,40.0
introduce,0.018501641419981524,26.0,40.0
forecasts,0.018501641419981524,26.0,40.0
a lower,0.018461849049989876,37.0,57.0
seals,0.01404745563546663,35.0,54.0
symbol,0.013295073429094658,24.0,37.0
and effective,0.013295073429094658,24.0,37.0
to file,0.013082448812113219,13.0,20.0
coffee is,0.013082448812113219,13.0,20.0
stiffness,0.013082448812113219,13.0,20.0
is hard,0.013082448812113219,13.0,20.0
miles depending,0.013082448812113219,13.0,20.0
stuffing,0.013082448812113219,13.0,20.0
it says,0.013082448812113219,13.0,20.0
dry eyes,0.013082448812113219,13.0,20.0
require you,0.013082448812113219,13.0,20.0
often overstated,0.013082448812113219,13.0,20.0
router or,0.013082448812113219,13.0,20.0
present,0.010841763981032376,44.0,68.0
often a,0.010841763981032376,44.0,68.0
experiment,0.009389128977621498,33.0,51.0
certainly,0.009389128977621498,33.0,51.0
small and,0.009333756066506521,84.0,130.0
surfaces but,0.007666098587496303,22.0,34.0
bear,0.007666098587496303,22.0,34.0
app's,0.007666098587496303,22.0,34.0
swimming,0.007666098587496303,22.0,34.0
hands,0.007666098587496303,22.0,34.0
can stress,0.007666098587496303,22.0,34.0
to change,0.007666098587496303,22.0,34.0
number is,0.006599655845746599,42.0,65.0
which has,0.005420684451832032,11.0,17.0
high interest,0.005420684451832032,11.0,17.0
too absolute,0.005420684451832032,11.0,17.0
eaten,0.005420684451832032,11.0,17.0
weeks but,0.005420684451832032,11.0,17.0
acidic but,0.005420684451832032,11.0,17.0
the text,0.005420684451832032,11.0,17.0
three weeks,0.005420684451832032,11.0,17.0
existing conditions,0.005420684451832032,11.0,17.0
an older,0.005420684451832032,11.0,17.0
with one,0.005420684451832032,11.0,17.0
attempt,0.005420684451832032,11.0,17.0
they were,0.005420684451832032,11.0,17.0
alone does,0.005420684451832032,11.0,17.0
mode does,0.005420684451832032,11.0,17.0
consistent sleep,0.005420684451832032,11.0,17.0
it's common,0.005420684451832032,11.0,17.0
gives a,0.005420684451832032,11.0,17.0
quality not,0.005420684451832032,11.0,17.0
to high,0.005420684451832032,11.0,17.0
the phrase,0.005420684451832032,11.0,17.0
far less,0.005420684451832032,11.0,17.0
mode is,0.005420684451832032,11.0,17.0
with normal,0.005420684451832032,11.0,17.0
moldy,0.005420684451832032,11.0,17.0
rules and,0.005420684451832032,11.0,17.0
isopropyl,0.005420684451832032,11.0,17.0
with an,0.004453361224527258,31.0,48.0
package,0.004453361224527258,31.0,48.0
charger,0.004427528862194951,51.0,79.0
minutes,0.002869143240324167,316.0,490.0
sit,0.002158174569601821,40.0,62.0
the tax,0.0015260261106740795,20.0,31.0
crust,0.0015260261106740795,20.0,31.0
heat is,0.0015260261106740795,20.0,31.0
about a,0.0015260261106740795,20.0,31.0
not needed,0.0015260261106740795,20.0,31.0
disorders,0.0015260261106740795,20.0,31.0
a concern,0.0015260261106740795,20.0,31.0
the app's,0.0015260261106740795,20.0,31.0
refundable,0.0015260261106740795,20.0,31.0
trackers,-0.0008007032748165081,29.0,45.0
unique,-0.002505283518707465,38.0,59.0
method is,-0.002505283518707465,38.0,59.0
phones,-0.0025386917269216926,125.0,194.0
a ph,-0.0037085604136051927,9.0,14.0
buffer,-0.0037085604136051927,9.0,14.0
doses are,-0.0037085604136051927,9.0,14.0
needs replacement,-0.0037085604136051927,9.0,14.0
people without,-0.0037085604136051927,9.0,14.0
is evidence,-0.0037085604136051927,9.0,14.0
times vary,-0.0037085604136051927,9.0,14.0
bloodstream,-0.0037085604136051927,9.0,14.0
for indoor,-0.0037085604136051927,9.0,14.0
trackers are,-0.0037085604136051927,9.0,14.0
free is,-0.0037085604136051927,9.0,14.0
the past,-0.0037085604136051927,9.0,14.0
weight or,-0.0037085604136051927,9.0,14.0
exact timing,-0.0037085604136051927,9.0,14.0
knuckle,-0.0037085604136051927,9.0,14.0
last a,-0.0037085604136051927,9.0,14.0
abroad,-0.0037085604136051927,9.0,14.0
confirm with,-0.0037085604136051927,9.0,14.0
parse,-0.0037085604136051927,9.0,14.0
apartment,-0.0037085604136051927,9.0,14.0
sense of,-0.0037085604136051927,9.0,14.0
or longer,-0.0037085604136051927,9.0,14.0
than 5,-0.0037085604136051927,9.0,14.0
irritation and,-0.0037085604136051927,9.0,14.0
genuinely,-0.0037085604136051927,9.0,14.0
afternoon,-0.0037085604136051927,9.0,14.0
have your,-0.0037085604136051927,9.0,14.0
value the,-0.0037085604136051927,9.0,14.0
oil to,-0.0037085604136051927,9.0,14.0
method for,-0.0037085604136051927,9.0,14.0
intervals are,-0.0037085604136051927,9.0,14.0
15 30,-0.0037085604136051927,9.0,14.0
a number,-0.005244748760340037,18.0,28.0
the back,-0.005244748760340037,18.0,28.0
rays,-0.005244748760340037,18.0,28.0
primer,-0.006423543233886627,27.0,42.0
fields,-0.007417342834331323,36.0,56.0
the date,-0.007417342834331323,36.0,56.0
not strong,-0.007417342834331323,36.0,56.0
due,-0.0075183814788300765,342.0,531.0
acidic,-0.009288040130154733,101.0,157.0
remains,-0.010490125482924172,72.0,112.0
broader,-0.012478474167379417,25.0,39.0
the email,-0.012812655063926787,16.0,25.0
an automatic,-0.012812655063926787,16.0,25.0
recharging,-0.012812655063926787,16.0,25.0
5000,-0.012812655063926787,16.0,25.0
can influence,-0.012812655063926787,16.0,25.0
pension,-0.012812655063926787,16.0,25.0
a legitimate,-0.012812655063926787,16.0,25.0
cooling,-0.015789298870689736,106.0,165.0
risk but,-0.01764771733221484,50.0,78.0
is possible,-0.017695809098403296,59.0,92.0
reason to,-0.01812015281380297,32.0,50.0
assume,-0.01812015281380297,32.0,50.0
can slightly,-0.019046299524809455,23.0,36.0
inquiries from,-0.019046299524809455,23.0,36.0
amino acids,-0.02141836166122426,14.0,22.0
most cases,-0.02141836166122426,14.0,22.0
training is,-0.02141836166122426,14.0,22.0
arrival,-0.02141836166122426,14.0,22.0
tolerate,-0.02141836166122426,14.0,22.0
usual,-0.02141836166122426,14.0,22.0
low quality,-0.02141836166122426,14.0,22.0
grapes,-0.02141836166122426,14.0,22.0
schedule and,-0.02141836166122426,14.0,22.0
in person,-0.02141836166122426,14.0,22.0
fruits,-0.02141836166122426,14.0,22.0
unusually,-0.02141836166122426,14.0,22.0
many cases,-0.02141836166122426,14.0,22.0
tailored,-0.02141836166122426,14.0,22.0
responses vary,-0.02141836166122426,14.0,22.0
it check,-0.02141836166122426,14.0,22.0
essay,-0.02141836166122426,14.0,22.0
because they,-0.02184224613455224,57.0,89.0
being,-0.02199477576674594,111.0,173.0
final,-0.022834312833240705,39.0,61.0
legally,-0.022834312833240705,39.0,61.0
apply,-0.025027292576208494,118.0,184.0
taste,-0.02613970263698695,55.0,86.0
and baking,-0.02623223339749324,21.0,33.0
is higher,-0.02623223339749324,21.0,33.0
studies are,-0.028195235207730693,37.0,58.0
ground,-0.02971189348650507,62.0,97.0
interpretation,-0.03029061051251997,28.0,44.0
has the,-0.03029061051251997,28.0,44.0
causation,-0.03060070340939159,53.0,83.0
accumulate,-0.031427150615402084,12.0,19.0
feeder,-0.031427150615402084,12.0,19.0
systemic,-0.031427150615402084,12.0,19.0
cranking,-0.031427150615402084,12.0,19.0
some have,-0.031427150615402084,12.0,19.0
numbers are,-0.031427150615402084,12.0,19.0
have good,-0.031427150615402084,12.0,19.0
effects and,-0.031427150615402084,12.0,19.0
usage and,-0.031427150615402084,12.0,19.0
as strong,-0.031427150615402084,12.0,19.0
to stay,-0.031427150615402084,12.0,19.0
neglect,-0.031427150615402084,12.0,19.0
free and,-0.031427150615402084,12.0,19.0
expired,-0.031427150615402084,12.0,19.0
professional cleaning,-0.031427150615402084,12.0,19.0
correction,-0.031427150615402084,12.0,19.0
card can,-0.031427150615402084,12.0,19.0
the proper,-0.031427150615402084,12.0,19.0
incident,-0.031427150615402084,12.0,19.0
clamp,-0.031427150615402084,12.0,19.0
market and,-0.031427150615402084,12.0,19.0
two,-0.032872760532428894,330.0,514.0
last,-0.03336953441849289,238.0,371.0
regularly,-0.03363140711821734,121.0,189.0
most important,-0.03417654587877746,19.0,30.0
for free,-0.03417654587877746,19.0,30.0
mulch,-0.03417654587877746,19.0,30.0
skills and,-0.03417654587877746,19.0,30.0
and overall,-0.03417654587877746,19.0,30.0
soil and,-0.03417654587877746,19.0,30.0
system or,-0.03417654587877746,19.0,30.0
if not,-0.036033298218786286,76.0,119.0
that figure,-0.03707765110612975,26.0,41.0
and possibly,-0.03707765110612975,26.0,41.0
one factor,-0.03707765110612975,26.0,41.0
quickly and,-0.03707765110612975,26.0,41.0
in winter,-0.03707765110612975,26.0,41.0
is misleading,-0.03707765110612975,26.0,41.0
session,-0.03707765110612975,26.0,41.0
affected,-0.03830681827765924,58.0,91.0
perform,-0.0398883572884077,33.0,52.0
oversimplification,-0.0398883572884077,33.0,52.0
some places,-0.0398883572884077,33.0,52.0
photos,-0.04028797949705456,169.0,264.0
surfaces,-0.040753272242237695,99.0,155.0
a leak,-0.04256743800295434,40.0,63.0
especially on,-0.0430715751232676,17.0,27.0
layers,-0.0430715751232676,17.0,27.0
and interference,-0.0430715751232676,17.0,27.0
officers,-0.0430715751232676,17.0,27.0
garage,-0.0430715751232676,17.0,27.0
late fees,-0.0430715751232676,17.0,27.0
vpn is,-0.0430715751232676,17.0,27.0
a whole,-0.0430715751232676,17.0,27.0
grinding,-0.04342936910282255,10.0,16.0
attention to,-0.04342936910282255,10.0,16.0
compliant,-0.04342936910282255,10.0,16.0
are non,-0.04342936910282255,10.0,16.0
too short,-0.04342936910282255,10.0,16.0
strain or,-0.04342936910282255,10.0,16.0
suction,-0.04342936910282255,10.0,16.0
to determine,-0.04342936910282255,10.0,16.0
in other,-0.04342936910282255,10.0,16.0
solely on,-0.04342936910282255,10.0,16.0
to back,-0.04342936910282255,10.0,16.0
often matter,-0.04342936910282255,10.0,16.0
and try,-0.04342936910282255,10.0,16.0
injected engines,-0.04342936910282255,10.0,16.0
reasonable for,-0.04342936910282255,10.0,16.0
performance the,-0.04342936910282255,10.0,16.0
of those,-0.04342936910282255,10.0,16.0
with light,-0.04342936910282255,10.0,16.0
british propaganda,-0.04342936910282255,10.0,16.0
an inch,-0.04342936910282255,10.0,16.0
brands are,-0.04342936910282255,10.0,16.0
logins,-0.04342936910282255,10.0,16.0
grades,-0.04342936910282255,10.0,16.0
risk by,-0.04342936910282255,10.0,16.0
to negotiate,-0.04342936910282255,10.0,16.0
stay on,-0.04342936910282255,10.0,16.0
zero knowledge,-0.04342936910282255,10.0,16.0
reflex,-0.04342936910282255,10.0,16.0
leak is,-0.04342936910282255,10.0,16.0
experienced,-0.04444530016950838,24.0,38.0
deep discharges,-0.04444530016950838,24.0,38.0
worth the,-0.04444530016950838,24.0,38.0
follow your,-0.04511574029715697,47.0,74.0
soda,-0.04613058237023113,147.0,230.0
portfolio,-0.04631139788076554,31.0,49.0
baking soda,-0.04727536928999187,129.0,202.0
meaningful,-0.04789590408975371,70.0,110.0
risk and,-0.04833396187856375,38.0,60.0
magnesium,-0.0498642939457636,61.0,96.0
a folk,-0.05250860280822489,22.0,35.0
for food,-0.05250860280822489,22.0,35.0
can exceed,-0.053190196924507015,15.0,24.0
most of,-0.053190196924507015,15.0,24.0
warms,-0.053190196924507015,15.0,24.0
the case,-0.053190196924507015,15.0,24.0
muscle growth,-0.053190196924507015,15.0,24.0
microwave ovens,-0.053190196924507015,15.0,24.0
claims of,-0.053190196924507015,15.0,24.0
label and,-0.053190196924507015,15.0,24.0
completely anonymous,-0.053190196924507015,15.0,24.0
kidney disease,-0.053190196924507015,15.0,24.0
dried,-0.053190196924507015,15.0,24.0
the moisture,-0.053195976515764146,29.0,46.0
reducing,-0.05366149525800838,150.0,235.0
game,-0.05443488529679478,36.0,57.0
frozen,-0.05443488529679478,36.0,57.0
route,-0.057535235903926625,50.0,79.0
literal,-0.05846368813888177,8.0,13.0
alcohol can,-0.05846368813888177,8.0,13.0
methods for,-0.05846368813888177,8.0,13.0
capable,-0.05846368813888177,8.0,13.0
increase risk,-0.05846368813888177,8.0,13.0
allow longer,-0.05846368813888177,8.0,13.0
and clear,-0.05846368813888177,8.0,13.0
type the,-0.05846368813888177,8.0,13.0
misinterpretation,-0.05846368813888177,8.0,13.0
oil more,-0.05846368813888177,8.0,13.0
aid is,-0.05846368813888177,8.0,13.0
for speed,-0.05846368813888177,8.0,13.0
age but,-0.05846368813888177,8.0,13.0
the fat,-0.05846368813888177,8.0,13.0
recommend at,-0.05846368813888177,8.0,13.0
released,-0.05846368813888177,8.0,13.0
for mild,-0.05846368813888177,8.0,13.0
inflammation in,-0.05846368813888177,8.0,13.0
or health,-0.05846368813888177,8.0,13.0
or 5'7,-0.05846368813888177,8.0,13.0
trick is,-0.05846368813888177,8.0,13.0
conditions you,-0.05846368813888177,8.0,13.0
irrelevant,-0.05846368813888177,8.0,13.0
twenty,-0.05846368813888177,8.0,13.0
methods can,-0.05846368813888177,8.0,13.0
be taken,-0.05846368813888177,8.0,13.0
manually,-0.05846368813888177,8.0,13.0
are from,-0.05846368813888177,8.0,13.0
mainly from,-0.05846368813888177,8.0,13.0
or may,-0.05846368813888177,8.0,13.0
than 3,-0.05846368813888177,8.0,13.0
some benefit,-0.05846368813888177,8.0,13.0
soon after,-0.05846368813888177,8.0,13.0
account age,-0.05846368813888177,8.0,13.0
breast,-0.060617123120657763,27.0,43.0
the oil,-0.060617123120657763,27.0,43.0
often recommended,-0.06091356803569822,34.0,54.0
taken,-0.06091356803569822,34.0,54.0
uneven wear,-0.06091356803569822,34.0,54.0
active funds,-0.06141909526385002,20.0,32.0
compressor,-0.06141909526385002,20.0,32.0
directly to,-0.06141909526385002,20.0,32.0
force,-0.06285683645691759,48.0,76.0
kill surface,-0.06493622987923571,13.0,21.0
accidental damage,-0.06493622987923571,13.0,21.0
balancing,-0.06493622987923571,13.0,21.0
be repaired,-0.06493622987923571,13.0,21.0
so check,-0.06493622987923571,13.0,21.0
after that,-0.06493622987923571,13.0,21.0
and potentially,-0.06493622987923571,13.0,21.0
check is,-0.06493622987923571,13.0,21.0
hose,-0.06493622987923571,13.0,21.0
unless a,-0.06493622987923571,13.0,21.0
to produce,-0.06493622987923571,13.0,21.0
hidden area,-0.06493622987923571,13.0,21.0
show it,-0.06493622987923571,13.0,21.0
to dry,-0.06493622987923571,13.0,21.0
the condition,-0.06493622987923571,13.0,21.0
the anabolic,-0.06493622987923571,13.0,21.0
5 is,-0.06493622987923571,13.0,21.0
a power,-0.06493622987923571,13.0,21.0
10 000,-0.06554413755601336,101.0,159.0
people with,-0.06749481658111818,92.0,145.0
frying,-0.06782206932500988,32.0,51.0
folk,-0.06787650159403995,39.0,62.0
closing,-0.06842359191067438,46.0,73.0
issue is,-0.06866902317416633,25.0,40.0
folk remedy,-0.06866902317416633,25.0,40.0
crop,-0.06866902317416633,25.0,40.0
can slow,-0.07138149638378409,18.0,29.0
periodic,-0.07138149638378409,18.0,29.0
juices,-0.07138149638378409,18.0,29.0
check if,-0.07385727577743915,81.0,128.0
bone,-0.07436435708769262,37.0,59.0
more likely,-0.07436435708769262,37.0,59.0
water in,-0.0752235700521866,30.0,48.0
call your,-0.0752235700521866,30.0,48.0
away from,-0.0752329185391646,58.0,92.0
cooking,-0.07689036131763444,166.0,261.0
overuse,-0.07747192292068159,23.0,37.0
stunts,-0.07894019977818677,11.0,18.0
leaves can,-0.07894019977818677,11.0,18.0
alcohol and,-0.07894019977818677,11.0,18.0
not 50,-0.07894019977818677,11.0,18.0
walls or,-0.07894019977818677,11.0,18.0
recognised,-0.07894019977818677,11.0,18.0
to that,-0.07894019977818677,11.0,18.0
landlord's,-0.07894019977818677,11.0,18.0
out and,-0.07894019977818677,11.0,18.0
requirements and,-0.07894019977818677,11.0,18.0
electromagnetic fields,-0.07894019977818677,11.0,18.0
interviewers,-0.07894019977818677,11.0,18.0
measure the,-0.07894019977818677,11.0,18.0
water pressure,-0.07894019977818677,11.0,18.0
an evidence,-0.07894019977818677,11.0,18.0
and results,-0.07894019977818677,11.0,18.0
best choice,-0.07894019977818677,11.0,18.0
breeds,-0.07894019977818677,11.0,18.0
site's,-0.07894019977818677,11.0,18.0
for this,-0.07894019977818677,11.0,18.0
settings and,-0.07894019977818677,11.0,18.0
without knowing,-0.07894019977818677,11.0,18.0
weeks or,-0.07894019977818677,11.0,18.0
months,-0.0796088152881668,330.0,517.0
absorption,-0.08084397391777763,63.0,100.0
a phone,-0.08125120003226415,35.0,56.0
listening,-0.08125120003226415,35.0,56.0
major health,-0.08268089345328501,16.0,26.0
4 6,-0.08268089345328501,16.0,26.0
selected,-0.08268089345328501,16.0,26.0
terminals,-0.08268089345328501,16.0,26.0
walls and,-0.08268089345328501,16.0,26.0
and climate,-0.08268089345328501,16.0,26.0
a 30,-0.08319568116720692,28.0,45.0
the drive,-0.08319568116720692,28.0,45.0
practice and,-0.08319568116720692,28.0,45.0
and there,-0.08319568116720692,28.0,45.0
faster,-0.08371846681424001,169.0,266.0
apps,-0.08672452663601968,151.0,238.0
nutrition and,-0.0871823718373669,21.0,34.0
can buy,-0.0871823718373669,21.0,34.0
the scalp,-0.0871823718373669,21.0,34.0
distance and,-0.0871823718373669,21.0,34.0
are generally,-0.08732158788948934,82.0,130.0
approach is,-0.08859052435977693,33.0,53.0
temporarily reduce,-0.09183505081804838,26.0,42.0
not typical,-0.09183505081804838,26.0,42.0
high risk,-0.09369831675793751,38.0,61.0
only hard,-0.09572928334552977,14.0,23.0
have limited,-0.09572928334552977,14.0,23.0
competitive,-0.09572928334552977,14.0,23.0
symptoms like,-0.09572928334552977,14.0,23.0
older nickel,-0.09572928334552977,14.0,23.0
reliable way,-0.09572928334552977,14.0,23.0
and inconsistent,-0.09572928334552977,14.0,23.0
artists,-0.09625864818366224,9.0,15.0
all are,-0.09625864818366224,9.0,15.0
to clean,-0.09625864818366224,9.0,15.0
cause is,-0.09625864818366224,9.0,15.0
fresh grounds,-0.09625864818366224,9.0,15.0
overgeneralization,-0.09625864818366224,9.0,15.0
of its,-0.09625864818366224,9.0,15.0
weigh,-0.09625864818366224,9.0,15.0
my,-0.09625864818366224,9.0,15.0
that stop,-0.09625864818366224,9.0,15.0
charge between,-0.09625864818366224,9.0,15.0
people get,-0.09625864818366224,9.0,15.0
90 figure,-0.09625864818366224,9.0,15.0
is commonly,-0.09625864818366224,9.0,15.0
the belief,-0.09625864818366224,9.0,15.0
only as,-0.09625864818366224,9.0,15.0
help for,-0.09625864818366224,9.0,15.0
soaps,-0.09625864818366224,9.0,15.0
the site's,-0.09625864818366224,9.0,15.0
fixing the,-0.09625864818366224,9.0,15.0
to dispute,-0.09625864818366224,9.0,15.0
are cheaper,-0.09625864818366224,9.0,15.0
safe is,-0.09625864818366224,9.0,15.0
and pressure,-0.09625864818366224,9.0,15.0
specific situation,-0.09625864818366224,9.0,15.0
all four,-0.09625864818366224,9.0,15.0
meals,-0.09630108171930532,57.0,91.0
leg,-0.096446874044437,31.0,50.0
and often,-0.09795540887464936,106.0,168.0
noticeable,-0.09800890345346022,19.0,31.0
password managers,-0.09800890345346022,19.0,31.0
agreements,-0.09800890345346022,19.0,31.0
and an,-0.09800890345346022,19.0,31.0
hydrogen peroxide,-0.09800890345346022,19.0,31.0
three,-0.10061928712652932,157.0,248.0
smoke point,-0.10095073760695679,36.0,58.0
are rare,-0.10126392220036251,24.0,39.0
concern is,-0.10126392220036251,24.0,39.0
replaced,-0.10185606636044592,55.0,88.0
pricing,-0.1048990088269926,29.0,47.0
total daily,-0.1048990088269926,29.0,47.0
and has,-0.1053246632482594,41.0,66.0
an independent,-0.10638579141833486,60.0,96.0
card,-0.10737659039539225,160.0,253.0
find a,-0.10867314332342592,34.0,55.0
without a,-0.10928668157623286,93.0,148.0
most modern,-0.10956469463241934,46.0,74.0
on this,-0.11023695191865998,17.0,28.0
anabolic window,-0.11023695191865998,17.0,28.0
recommend it,-0.11023695191865998,17.0,28.0
essays,-0.11023695191865998,17.0,28.0
have better,-0.11023695191865998,17.0,28.0
but isn't,-0.11023695191865998,17.0,28.0
military,-0.11023695191865998,17.0,28.0
it usually,-0.11023695191865998,17.0,28.0
health effects,-0.11115029827949127,12.0,20.0
obstruction,-0.11115029827949127,12.0,20.0
brake pads,-0.11115029827949127,12.0,20.0
the effects,-0.11115029827949127,12.0,20.0
bite,-0.11115029827949127,12.0,20.0
utility's,-0.11115029827949127,12.0,20.0
and muscle,-0.11115029827949127,12.0,20.0
effects vary,-0.11115029827949127,12.0,20.0
too early,-0.11115029827949127,12.0,20.0
claim the,-0.11115029827949127,12.0,20.0
iu is,-0.11115029827949127,12.0,20.0
and demand,-0.11115029827949127,12.0,20.0
killing,-0.11115029827949127,12.0,20.0
cars have,-0.11115029827949127,12.0,20.0
placed,-0.11163970468459455,22.0,36.0
smooth,-0.11163970468459455,22.0,36.0
much lower,-0.11163970468459455,22.0,36.0
drives,-0.11404426251582198,27.0,44.0
respond,-0.11404426251582198,27.0,44.0
hides,-0.11404426251582198,27.0,44.0
to 10,-0.1162542556656854,44.0,71.0
24 hours,-0.1162542556656854,44.0,71.0
prove,-0.11766018510641565,56.0,90.0
earlier,-0.11998043203962229,49.0,79.0
there's a,-0.12005654161111705,37.0,60.0
bees,-0.12316935199808408,20.0,33.0
ssd,-0.12316935199808408,20.0,33.0
savings are,-0.12316935199808408,20.0,33.0
contact a,-0.12316935199808408,20.0,33.0
a balance,-0.12316935199808408,20.0,33.0
but may,-0.1232974329183236,42.0,68.0
penetrate,-0.12400466628785546,25.0,41.0
hitting,-0.12427024222738578,15.0,25.0
greasy,-0.12427024222738578,15.0,25.0
can lose,-0.12427024222738578,15.0,25.0
entitled to,-0.12427024222738578,15.0,25.0
know your,-0.12427024222738578,15.0,25.0
calendar,-0.12427024222738578,15.0,25.0
entitled,-0.12427024222738578,15.0,25.0
more realistic,-0.12427024222738578,15.0,25.0
settling,-0.12427024222738578,15.0,25.0
the person,-0.12427024222738578,15.0,25.0
check it,-0.12427024222738578,15.0,25.0
assess,-0.12529059339170903,66.0,106.0
engine oil,-0.12580187738375398,30.0,49.0
raise,-0.12723127378334514,59.0,95.0
pathogens,-0.1281201523845513,35.0,57.0
is reasonable,-0.1281201523845513,35.0,57.0
depend on,-0.12923445362991695,153.0,243.0
purchase,-0.12987820375672998,52.0,84.0
grade,-0.12987820375672998,52.0,84.0
scalding,-0.12994592504263738,10.0,17.0
or that,-0.12994592504263738,10.0,17.0
sealants,-0.12994592504263738,10.0,17.0
hasn't been,-0.12994592504263738,10.0,17.0
replace a,-0.12994592504263738,10.0,17.0
kind of,-0.12994592504263738,10.0,17.0
making it,-0.12994592504263738,10.0,17.0
than most,-0.12994592504263738,10.0,17.0
three years,-0.12994592504263738,10.0,17.0
vary a,-0.12994592504263738,10.0,17.0
but long,-0.12994592504263738,10.0,17.0
it's less,-0.12994592504263738,10.0,17.0
breaks down,-0.12994592504263738,10.0,17.0
for muscle,-0.12994592504263738,10.0,17.0
the schedule,-0.12994592504263738,10.0,17.0
router can,-0.12994592504263738,10.0,17.0
amount varies,-0.12994592504263738,10.0,17.0
the portion,-0.12994592504263738,10.0,17.0
the blog's,-0.12994592504263738,10.0,17.0
it creates,-0.12994592504263738,10.0,17.0
practice the,-0.12994592504263738,10.0,17.0
with better,-0.12994592504263738,10.0,17.0
cheaper per,-0.12994592504263738,10.0,17.0
recommendation for,-0.12994592504263738,10.0,17.0
ahead,-0.12994592504263738,10.0,17.0
and letting,-0.12994592504263738,10.0,17.0
power off,-0.12994592504263738,10.0,17.0
the typical,-0.12994592504263738,10.0,17.0
recommend a,-0.1307335420285707,40.0,65.0
opening,-0.1307335420285707,40.0,65.0
the correct,-0.13419228919627524,69.0,111.0
feature,-0.13493575267187602,23.0,38.0
let it,-0.13493575267187602,23.0,38.0
elimination,-0.13493575267187602,23.0,38.0
diagnosed,-0.13493575267187602,23.0,38.0
treat,-0.13586524728595992,121.0,193.0
white,-0.13599187037937188,81.0,130.0
in large,-0.13613170181009993,18.0,30.0
applying for,-0.13613170181009993,18.0,30.0
eight,-0.13613170181009993,18.0,30.0
the window,-0.13613170181009993,18.0,30.0
always a,-0.13613170181009993,18.0,30.0
guideline but,-0.13613170181009993,18.0,30.0
people report,-0.13613170181009993,18.0,30.0
heat and,-0.13639335062373645,50.0,81.0
loose,-0.13860852510754884,38.0,62.0
crops,-0.14070336247000395,13.0,22.0
enforce,-0.14070336247000395,13.0,22.0
or at,-0.14070336247000395,13.0,22.0
passwords and,-0.14070336247000395,13.0,22.0
impair,-0.14070336247000395,13.0,22.0
predictor,-0.14070336247000395,13.0,22.0
replace when,-0.14070336247000395,13.0,22.0
a test,-0.14070336247000395,13.0,22.0
health organizations,-0.14070336247000395,13.0,22.0
not reach,-0.14070336247000395,13.0,22.0
chance of,-0.14070336247000395,13.0,22.0
the wall,-0.14070336247000395,13.0,22.0
ionizing radiation,-0.14070336247000395,13.0,22.0
most research,-0.14070336247000395,13.0,22.0
screens is,-0.14070336247000395,13.0,22.0
cause the,-0.14070336247000395,13.0,22.0
but not,-0.14229096148778575,839.0,1316.0
condensation,-0.14321272393299403,48.0,78.0
left,-0.14574407695673533,53.0,86.0
it's an,-0.14574407695673533,53.0,86.0
dissolve,-0.14579671535536107,26.0,43.0
emit,-0.14579671535536107,26.0,43.0
worth it,-0.14579671535536107,26.0,43.0
restore,-0.14579671535536107,26.0,43.0
draw,-0.14579671535536107,26.0,43.0
the temperature,-0.14579671535536107,26.0,43.0
hide,-0.1459699039745262,31.0,51.0
that specific,-0.1459699039745262,31.0,51.0
stays,-0.14697647799431207,36.0,59.0
genetics,-0.14697647799431207,36.0,59.0
recharge,-0.14703955322182488,21.0,35.0
intended,-0.14703955322182488,21.0,35.0
subject,-0.14703955322182488,21.0,35.0
steel,-0.14703955322182488,21.0,35.0
amino,-0.14703955322182488,21.0,35.0
sufficient,-0.1486477771086605,183.0,291.0
the number,-0.1489584785044092,82.0,132.0
sellers,-0.15091359587432848,16.0,27.0
pain in,-0.15091359587432848,16.0,27.0
use your,-0.15091359587432848,16.0,27.0
creates a,-0.15091359587432848,16.0,27.0
deletion,-0.15091359587432848,16.0,27.0
the mold,-0.15091359587432848,16.0,27.0
candles,-0.15091359587432848,16.0,27.0
indicate,-0.1534547345466931,99.0,159.0
at once,-0.1538598403338499,8.0,14.0
not possible,-0.1538598403338499,8.0,14.0
deterrent,-0.1538598403338499,8.0,14.0
a doctor's,-0.1538598403338499,8.0,14.0
skin type,-0.1538598403338499,8.0,14.0
silent,-0.1538598403338499,8.0,14.0
and enable,-0.1538598403338499,8.0,14.0
points and,-0.1538598403338499,8.0,14.0
between changes,-0.1538598403338499,8.0,14.0
now recommend,-0.1538598403338499,8.0,14.0
such claims,-0.1538598403338499,8.0,14.0
safe though,-0.1538598403338499,8.0,14.0
but usually,-0.1538598403338499,8.0,14.0
go 7,-0.1538598403338499,8.0,14.0
opinions,-0.1538598403338499,8.0,14.0
false positives,-0.1538598403338499,8.0,14.0
stops charging,-0.1538598403338499,8.0,14.0
adults is,-0.1538598403338499,8.0,14.0
pressure but,-0.1538598403338499,8.0,14.0
has antifungal,-0.1538598403338499,8.0,14.0
proves,-0.1538598403338499,8.0,14.0
of salt,-0.1538598403338499,8.0,14.0
and needs,-0.1538598403338499,8.0,14.0
often marketing,-0.1538598403338499,8.0,14.0
practice with,-0.1538598403338499,8.0,14.0
manage charging,-0.1538598403338499,8.0,14.0
remedy but,-0.1538598403338499,8.0,14.0
from phones,-0.1538598403338499,8.0,14.0
from credit,-0.1538598403338499,8.0,14.0
attached,-0.1538598403338499,8.0,14.0
heat sensitive,-0.1538598403338499,8.0,14.0
for guidance,-0.1538598403338499,8.0,14.0
single router,-0.1538598403338499,8.0,14.0
microwave use,-0.1538598403338499,8.0,14.0
affordable,-0.1538598403338499,8.0,14.0
and running,-0.1538598403338499,8.0,14.0
positives,-0.1538598403338499,8.0,14.0
coverage in,-0.1538598403338499,8.0,14.0
main issue,-0.1538598403338499,8.0,14.0
and even,-0.15590163364352927,34.0,56.0
contribute to,-0.15590163364352927,34.0,56.0
not recommend,-0.15590163364352927,34.0,56.0
a rule,-0.15592953277076288,29.0,48.0
due to,-0.15659600774617552,323.0,511.0
ice,-0.156608005399269,130.0,208.0
calcium,-0.15680131727593677,85.0,137.0
can test,-0.15719243946767475,24.0,40.0
shift,-0.15719243946767475,24.0,40.0
automatic,-0.15788503270900364,97.0,156.0
a soft,-0.1578863544298701,44.0,72.0
passive,-0.15946965666601454,49.0,80.0
be used,-0.15946965666601454,49.0,80.0
tenants rights,-0.16045786162965547,11.0,19.0
use percentage,-0.16045786162965547,11.0,19.0
layer of,-0.16045786162965547,11.0,19.0
retinal,-0.16045786162965547,11.0,19.0
stress or,-0.16045786162965547,11.0,19.0
ibuprofen,-0.16045786162965547,11.0,19.0
protection but,-0.16045786162965547,11.0,19.0
a role,-0.16045786162965547,11.0,19.0
stronger than,-0.16045786162965547,11.0,19.0
to lower,-0.16045786162965547,11.0,19.0
extremely rare,-0.16045786162965547,11.0,19.0
effect for,-0.16045786162965547,11.0,19.0
first line,-0.16045786162965547,11.0,19.0
much stronger,-0.16045786162965547,11.0,19.0
the gut,-0.16045786162965547,11.0,19.0
inconsistent and,-0.16045786162965547,11.0,19.0
underwatering,-0.16045786162965547,11.0,19.0
in every,-0.16045786162965547,11.0,19.0
honey has,-0.16045786162965547,11.0,19.0
leaks and,-0.16045786162965547,11.0,19.0
very short,-0.16045786162965547,11.0,19.0
safety limits,-0.16058438484981477,19.0,32.0
bleeding,-0.16058438484981477,19.0,32.0
at home,-0.16058438484981477,19.0,32.0
conclusive,-0.16058438484981477,19.0,32.0
are very,-0.16058438484981477,19.0,32.0
designed to,-0.16128790752538028,54.0,88.0
deep,-0.16435338456779225,159.0,254.0
vinegar is,-0.165282459379179,37.0,61.0
saying,-0.165282459379179,37.0,61.0
persistent,-0.16682557827262207,47.0,77.0
a misunderstanding,-0.16807114692311334,14.0,24.0
your climate,-0.16807114692311334,14.0,24.0
or sleep,-0.16807114692311334,14.0,24.0
allocation,-0.16807114692311334,14.0,24.0
strings,-0.16807114692311334,14.0,24.0
be outdated,-0.16807114692311334,14.0,24.0
permanent eye,-0.16807114692311334,14.0,24.0
gait,-0.16807114692311334,14.0,24.0
is acceptable,-0.16807114692311334,14.0,24.0
bubbles,-0.16807114692311334,14.0,24.0
fast charging,-0.16807114692311334,14.0,24.0
if dandruff,-0.16976610121140306,22.0,37.0
more for,-0.16976610121140306,22.0,37.0
resume,-0.17419177002035677,40.0,66.0
tyres,-0.1744852239747612,35.0,58.0
reasons,-0.17537409866020945,50.0,82.0
added,-0.17574770888183744,30.0,50.0
anabolic,-0.17593607299732694,17.0,29.0
insects,-0.17593607299732694,17.0,29.0
ovens,-0.17593607299732694,17.0,29.0
that depends,-0.17593607299732694,17.0,29.0
average for,-0.17593607299732694,17.0,29.0
used coffee,-0.17593607299732694,17.0,29.0
a weak,-0.17593607299732694,17.0,29.0
unused,-0.17593607299732694,17.0,29.0
one day,-0.17593607299732694,17.0,29.0
boiling,-0.17745786772132824,77.0,125.0
convenience,-0.17851344017949788,25.0,42.0
matters more,-0.18244459794667997,123.0,198.0
difficult,-0.18307444626373523,38.0,63.0
promptly,-0.18377343961423476,20.0,34.0
rigid,-0.18377343961423476,20.0,34.0
core vaccines,-0.18377343961423476,20.0,34.0
or even,-0.18377343961423476,20.0,34.0
own credit,-0.18432639126247893,33.0,55.0
factor authentication,-0.18432639126247893,33.0,55.0
energy,-0.184606235663465,429.0,679.0
date,-0.18491533628127158,147.0,236.0
remains the,-0.18506047396359832,9.0,16.0
ask you,-0.18506047396359832,9.0,16.0
in modern,-0.18506047396359832,9.0,16.0
may vary,-0.18506047396359832,9.0,16.0
wears,-0.18506047396359832,9.0,16.0
for visible,-0.18506047396359832,9.0,16.0
to explain,-0.18506047396359832,9.0,16.0
causes cancer,-0.18506047396359832,9.0,16.0
antibacterial properties,-0.18506047396359832,9.0,16.0
dog is,-0.18506047396359832,9.0,16.0
water temperature,-0.18506047396359832,9.0,16.0
block all,-0.18506047396359832,9.0,16.0
of soil,-0.18506047396359832,9.0,16.0
is mild,-0.18506047396359832,9.0,16.0
extent,-0.18506047396359832,9.0,16.0
one with,-0.18506047396359832,9.0,16.0
variables,-0.18506047396359832,9.0,16.0
accident,-0.18506047396359832,9.0,16.0
statistic is,-0.18506047396359832,9.0,16.0
registered disinfectant,-0.18506047396359832,9.0,16.0
first can,-0.18506047396359832,9.0,16.0
ill,-0.18506047396359832,9.0,16.0
rate for,-0.18506047396359832,9.0,16.0
platform's,-0.18506047396359832,9.0,16.0
cancer and,-0.18506047396359832,9.0,16.0
agencies have,-0.18506047396359832,9.0,16.0
individual responses,-0.18506047396359832,9.0,16.0
to recommend,-0.18506047396359832,9.0,16.0
go directly,-0.18506047396359832,9.0,16.0
risks the,-0.18506047396359832,9.0,16.0
microscopic,-0.18506047396359832,9.0,16.0
most drivers,-0.18506047396359832,9.0,16.0
a 10,-0.1868760255992723,28.0,47.0
music,-0.1868760255992723,28.0,47.0
to 30,-0.18843994820886098,12.0,21.0
closer to,-0.18843994820886098,12.0,21.0
relative to,-0.18843994820886098,12.0,21.0
reliable indicator,-0.18843994820886098,12.0,21.0
first check,-0.18843994820886098,12.0,21.0
the speed,-0.18843994820886098,12.0,21.0
window locks,-0.18843994820886098,12.0,21.0
unreliable,-0.18843994820886098,12.0,21.0
purchase inspection,-0.18843994820886098,12.0,21.0
that for,-0.18843994820886098,12.0,21.0
nickel based,-0.18843994820886098,12.0,21.0
the sun,-0.18843994820886098,12.0,21.0
minute,-0.19037999794985785,78.0,127.0
employers,-0.19083301746982895,46.0,76.0
sun exposure,-0.19147189706334328,23.0,39.0
formulated,-0.19147189706334328,23.0,39.0
potassium,-0.19147189706334328,23.0,39.0
softeners,-0.1936093755335805,15.0,26.0
quantity,-0.1936093755335805,15.0,26.0
anyone,-0.1936093755335805,15.0,26.0
generate,-0.1936093755335805,15.0,26.0
exposure levels,-0.1936093755335805,15.0,26.0
room size,-0.1936093755335805,15.0,26.0
good way,-0.1936093755335805,15.0,26.0
cbt,-0.1936093755335805,15.0,26.0
tea tree,-0.1936093755335805,15.0,26.0
workout,-0.1936093755335805,15.0,26.0
always the,-0.1936093755335805,15.0,26.0
is damaged,-0.1936093755335805,15.0,26.0
tropical,-0.1936093755335805,15.0,26.0
caffeine,-0.1945632072645243,148.0,238.0
window is,-0.19489668406476993,31.0,52.0
mesh system,-0.19489668406476993,31.0,52.0
fire,-0.19603055494179802,76.0,124.0
a claim,-0.19898762149251756,26.0,44.0
quiet,-0.19898762149251756,26.0,44.0
shops,-0.19916329022272442,44.0,73.0
battery management,-0.1995577002263058,18.0,31.0
keeps,-0.1995577002263058,18.0,31.0
consistent evidence,-0.1995577002263058,18.0,31.0
so it's,-0.1995577002263058,18.0,31.0
local honey,-0.1995577002263058,18.0,31.0
moisture source,-0.1995577002263058,18.0,31.0
x,-0.1995577002263058,18.0,31.0
a 3,-0.1995577002263058,18.0,31.0
mile interval,-0.1995577002263058,18.0,31.0
30 seconds,-0.2058459697644497,21.0,36.0
cracks are,-0.2058459697644497,21.0,36.0
emails,-0.2058459697644497,21.0,36.0
understanding,-0.2058459697644497,21.0,36.0
mid,-0.2058459697644497,21.0,36.0
training and,-0.2058459697644497,21.0,36.0
and your,-0.20612567310882754,106.0,172.0
battery health,-0.20619385934915055,52.0,86.0
can produce,-0.20630648170918062,29.0,49.0
so it,-0.20630648170918062,29.0,49.0
wrap,-0.21005244086951877,37.0,62.0
if there's,-0.21005244086951877,37.0,62.0
easier,-0.21005244086951877,37.0,62.0
their own,-0.21005244086951877,37.0,62.0
changes are,-0.21226095857836444,24.0,41.0
repair,-0.21281477434802762,240.0,384.0
disease the,-0.21334853557518507,10.0,18.0
breaker,-0.21334853557518507,10.0,18.0
you keep,-0.21334853557518507,10.0,18.0
the cloud,-0.21334853557518507,10.0,18.0
processing matter,-0.21334853557518507,10.0,18.0
can deduct,-0.21334853557518507,10.0,18.0
exactly it's,-0.21334853557518507,10.0,18.0
after fees,-0.21334853557518507,10.0,18.0
blog's,-0.21334853557518507,10.0,18.0
to kill,-0.21334853557518507,10.0,18.0
than any,-0.21334853557518507,10.0,18.0
generally more,-0.21334853557518507,10.0,18.0
5000 iu,-0.21334853557518507,10.0,18.0
your insurer,-0.21334853557518507,10.0,18.0
discount,-0.21334853557518507,10.0,18.0
the safety,-0.21334853557518507,10.0,18.0
number can,-0.21334853557518507,10.0,18.0
shut,-0.21334853557518507,10.0,18.0
driving is,-0.21334853557518507,10.0,18.0
some heat,-0.21334853557518507,10.0,18.0
waste and,-0.21334853557518507,10.0,18.0
threshold is,-0.21334853557518507,10.0,18.0
lye,-0.21334853557518507,10.0,18.0
have charge,-0.21334853557518507,10.0,18.0
smartphones,-0.21334853557518507,10.0,18.0
disease in,-0.21334853557518507,10.0,18.0
resort,-0.21334853557518507,10.0,18.0
letting,-0.21342803111386302,32.0,54.0
looking,-0.21342803111386302,32.0,54.0
exclude,-0.21342803111386302,32.0,54.0
and more,-0.21406254122952015,50.0,83.0
give you,-0.21406254122952015,50.0,83.0
asking,-0.21406254122952015,50.0,83.0
many successful,-0.21435717986054487,13.0,23.0
places require,-0.21435717986054487,13.0,23.0
not essential,-0.21435717986054487,13.0,23.0
that coffee,-0.21435717986054487,13.0,23.0
napoleon was,-0.21435717986054487,13.0,23.0
in all,-0.21435717986054487,13.0,23.0
the agent,-0.21435717986054487,13.0,23.0
elasticity,-0.21435717986054487,13.0,23.0
a room,-0.21435717986054487,13.0,23.0
pre purchase,-0.21435717986054487,13.0,23.0
plugged,-0.21435717986054487,13.0,23.0
varies a,-0.21435717986054487,13.0,23.0
is anecdotal,-0.21435717986054487,13.0,23.0
and reduce,-0.21479467378352765,75.0,123.0
3 months,-0.2152498369463743,45.0,75.0
a local,-0.2152498369463743,45.0,75.0
is often,-0.21603731342725993,446.0,708.0
licensed electrician,-0.21728135359889778,7.0,13.0
of these,-0.21728135359889778,7.0,13.0
safety is,-0.21728135359889778,7.0,13.0
piece of,-0.21728135359889778,7.0,13.0
very long,-0.21728135359889778,7.0,13.0
passwords are,-0.21728135359889778,7.0,13.0
excludes,-0.21728135359889778,7.0,13.0
for 50,-0.21728135359889778,7.0,13.0
and slow,-0.21728135359889778,7.0,13.0
with more,-0.21728135359889778,7.0,13.0
a less,-0.21728135359889778,7.0,13.0
no not,-0.21728135359889778,7.0,13.0
adults need,-0.21728135359889778,7.0,13.0
work a,-0.21728135359889778,7.0,13.0
day the,-0.21728135359889778,7.0,13.0
an epa,-0.21728135359889778,7.0,13.0
an open,-0.21728135359889778,7.0,13.0
process is,-0.21728135359889778,7.0,13.0
gently after,-0.21728135359889778,7.0,13.0
click the,-0.21728135359889778,7.0,13.0
little effect,-0.21728135359889778,7.0,13.0
for persistent,-0.21728135359889778,7.0,13.0
knowing your,-0.21728135359889778,7.0,13.0
knowing the,-0.21728135359889778,7.0,13.0
a system,-0.21728135359889778,7.0,13.0
training load,-0.21728135359889778,7.0,13.0
sensitivity but,-0.21728135359889778,7.0,13.0
more practical,-0.21728135359889778,7.0,13.0
tool for,-0.21728135359889778,7.0,13.0
mean they,-0.21728135359889778,7.0,13.0
weather or,-0.21728135359889778,7.0,13.0
for payment,-0.21728135359889778,7.0,13.0
years without,-0.21728135359889778,7.0,13.0
where it,-0.21728135359889778,7.0,13.0
no automatic,-0.21728135359889778,7.0,13.0
no butter,-0.21728135359889778,7.0,13.0
or certain,-0.21728135359889778,7.0,13.0
no magic,-0.21728135359889778,7.0,13.0
to buy,-0.21728135359889778,7.0,13.0
eating more,-0.21728135359889778,7.0,13.0
practice to,-0.21728135359889778,7.0,13.0
live in,-0.21728135359889778,7.0,13.0
can matter,-0.21728135359889778,7.0,13.0
overwatering is,-0.21728135359889778,7.0,13.0
if done,-0.2175927464030381,16.0,28.0
matter but,-0.2175927464030381,16.0,28.0
in full,-0.2175927464030381,16.0,28.0
the dead,-0.2175927464030381,16.0,28.0
include a,-0.2175927464030381,16.0,28.0
workload,-0.2175927464030381,16.0,28.0
periods but,-0.2175927464030381,16.0,28.0
regular cleaning,-0.2175927464030381,16.0,28.0
reduction is,-0.2186917134508963,27.0,46.0
inspect,-0.22114033026885757,53.0,88.0
preserve,-0.22195622395214562,19.0,33.0
cushioning,-0.22195622395214562,19.0,33.0
damage from,-0.22195622395214562,19.0,33.0
research has,-0.22195622395214562,19.0,33.0
the device,-0.22195622395214562,19.0,33.0
by jurisdiction,-0.22195622395214562,19.0,33.0
cheese,-0.22195622395214562,19.0,33.0
an exact,-0.22195622395214562,19.0,33.0
enough to,-0.2232962533537925,88.0,144.0
studies but,-0.22421162594205757,43.0,72.0
not for,-0.22421162594205757,43.0,72.0
discard,-0.22507821098229647,30.0,51.0
resistant,-0.22507821098229647,30.0,51.0
strictly,-0.22692463338065974,22.0,38.0
soil moisture,-0.22692463338065974,22.0,38.0
carpet,-0.22692463338065974,22.0,38.0
modest and,-0.22710563439625234,38.0,64.0
dust,-0.22810278438929832,81.0,133.0
the study,-0.22882587755677908,86.0,141.0
can last,-0.230972293978627,46.0,77.0
can contribute,-0.23222207643863577,25.0,43.0
it likely,-0.23222207643863577,25.0,43.0
stronger,-0.23292617506797733,106.0,173.0
combining,-0.23579683526967318,54.0,90.0
ammonia,-0.23769240883036014,28.0,48.0
read,-0.2379510277087064,155.0,251.0
intake matters,-0.23855547666966362,14.0,25.0
station,-0.23855547666966362,14.0,25.0
indicate a,-0.23855547666966362,14.0,25.0
to damage,-0.23855547666966362,14.0,25.0
beds,-0.23855547666966362,14.0,25.0
main factor,-0.23855547666966362,14.0,25.0
adhesive,-0.23855547666966362,14.0,25.0
protect the,-0.23855547666966362,14.0,25.0
be cleaned,-0.23855547666966362,14.0,25.0
permit,-0.23855547666966362,14.0,25.0
tree oil,-0.23855547666966362,14.0,25.0
is stronger,-0.23855547666966362,14.0,25.0
not typically,-0.23855547666966362,14.0,25.0
blueberries,-0.23855547666966362,14.0,25.0
stress but,-0.23855547666966362,14.0,25.0
that's accurate,-0.23855547666966362,14.0,25.0
damaging,-0.23855547666966362,14.0,25.0
a starting,-0.23855547666966362,14.0,25.0
strong clinical,-0.23933546688938656,11.0,20.0
informed,-0.23933546688938656,11.0,20.0
the laptop,-0.23933546688938656,11.0,20.0
for early,-0.23933546688938656,11.0,20.0
the brand,-0.23933546688938656,11.0,20.0
uv exposure,-0.23933546688938656,11.0,20.0
if no,-0.23933546688938656,11.0,20.0
level of,-0.23933546688938656,11.0,20.0
suggest it,-0.23933546688938656,11.0,20.0
glass unit,-0.23933546688938656,11.0,20.0
on specific,-0.23933546688938656,11.0,20.0
gain is,-0.23933546688938656,11.0,20.0
modes,-0.23933546688938656,11.0,20.0
sea,-0.2402377218562143,17.0,30.0
arm,-0.2402377218562143,17.0,30.0
a brief,-0.2402377218562143,17.0,30.0
knowing,-0.2402377218562143,17.0,30.0
is essential,-0.2402377218562143,17.0,30.0
eye strain,-0.24133520299958036,92.0,151.0
time and,-0.24205004128101962,97.0,159.0
which can,-0.24259355157645446,124.0,202.0
daily is,-0.2432772453214186,20.0,35.0
framework,-0.2432772453214186,20.0,35.0
stress and,-0.2432772453214186,20.0,35.0
airflow,-0.2432772453214186,20.0,35.0
for eye,-0.2432772453214186,20.0,35.0
the need,-0.2432772453214186,20.0,35.0
antibacterial,-0.2432772453214186,20.0,35.0
than relying,-0.2432772453214186,20.0,35.0
trying,-0.24371276530502287,39.0,66.0
which may,-0.24394079765367163,52.0,87.0
payments,-0.24394079765367163,52.0,87.0
fix a,-0.24507358464894793,8.0,15.0
an overgeneralization,-0.24507358464894793,8.0,15.0
following a,-0.24507358464894793,8.0,15.0
thumb but,-0.24507358464894793,8.0,15.0
up in,-0.24507358464894793,8.0,15.0
media one,-0.24507358464894793,8.0,15.0
the line,-0.24507358464894793,8.0,15.0
to low,-0.24507358464894793,8.0,15.0
500 10,-0.24507358464894793,8.0,15.0
windows is,-0.24507358464894793,8.0,15.0
not microwave,-0.24507358464894793,8.0,15.0
internal temperature,-0.24507358464894793,8.0,15.0
by other,-0.24507358464894793,8.0,15.0
cameras can,-0.24507358464894793,8.0,15.0
mildly acidic,-0.24507358464894793,8.0,15.0
exposure but,-0.24507358464894793,8.0,15.0
safer the,-0.24507358464894793,8.0,15.0
that's generally,-0.24507358464894793,8.0,15.0
a screen,-0.24507358464894793,8.0,15.0
is individual,-0.24507358464894793,8.0,15.0
around 5,-0.24507358464894793,8.0,15.0
retail,-0.24507358464894793,8.0,15.0
produce less,-0.24507358464894793,8.0,15.0
passed,-0.24507358464894793,8.0,15.0
using your,-0.24507358464894793,8.0,15.0
an itemized,-0.24507358464894793,8.0,15.0
last 3,-0.24507358464894793,8.0,15.0
a modern,-0.24507358464894793,8.0,15.0
modest effect,-0.24507358464894793,8.0,15.0
temporary impact,-0.24507358464894793,8.0,15.0
is smaller,-0.24507358464894793,8.0,15.0
over years,-0.24507358464894793,8.0,15.0
your utility's,-0.24507358464894793,8.0,15.0
old,-0.246139536780806,223.0,359.0
print,-0.24634973226931914,47.0,79.0
slow,-0.24666017212602076,139.0,226.0
processes,-0.2471127485968029,23.0,40.0
two factor,-0.24881613985689535,34.0,58.0
oversimplified,-0.2514316318895413,26.0,45.0
poorly,-0.2514316318895413,26.0,45.0
vibration,-0.2514316318895413,26.0,45.0
plant,-0.2516296093814017,120.0,196.0
acceptable,-0.254692340616295,63.0,105.0
worn,-0.2556112324310827,45.0,76.0
usually sufficient,-0.2560480303915203,29.0,50.0
way to,-0.2572384492365069,123.0,201.0
smaller,-0.2583782050309769,86.0,142.0
activated,-0.25990097216215274,40.0,68.0
provider can,-0.2612991087113783,15.0,27.0
i cannot,-0.2612991087113783,15.0,27.0
low but,-0.2612991087113783,15.0,27.0
inexpensive,-0.2612991087113783,15.0,27.0
pinch,-0.2612991087113783,15.0,27.0
businesses,-0.2612991087113783,15.0,27.0
yields,-0.2612991087113783,15.0,27.0
object,-0.2612991087113783,15.0,27.0
corrupted,-0.2612991087113783,15.0,27.0
clinical studies,-0.2617178656167848,18.0,32.0
and cannot,-0.2617178656167848,18.0,32.0
efficiently,-0.26345450249187846,12.0,22.0
consistency matters,-0.26345450249187846,12.0,22.0
middle,-0.26345450249187846,12.0,22.0
but on,-0.26345450249187846,12.0,22.0
caffeine and,-0.26345450249187846,12.0,22.0
airplane mode,-0.26345450249187846,12.0,22.0
beat,-0.26345450249187846,12.0,22.0
loss in,-0.26345450249187846,12.0,22.0
fibers,-0.26345450249187846,12.0,22.0
structures,-0.26345450249187846,12.0,22.0
records and,-0.26345450249187846,12.0,22.0
many years,-0.26345450249187846,12.0,22.0
fans,-0.26345450249187846,12.0,22.0
cumulative,-0.26345450249187846,12.0,22.0
microphone,-0.26345450249187846,12.0,22.0
000 iu,-0.26364150504287764,21.0,37.0
with good,-0.26364150504287764,21.0,37.0
conclusion,-0.26364150504287764,21.0,37.0
are much,-0.26364150504287764,21.0,37.0
dandruff persists,-0.26364150504287764,21.0,37.0
feed,-0.26364150504287764,21.0,37.0
rule that,-0.26364150504287764,21.0,37.0
fish,-0.26478692812527665,79.0,131.0
depend,-0.2653541748168515,158.0,257.0
a mesh,-0.2657503796558401,35.0,60.0
you cannot,-0.2664981397640149,24.0,42.0
bacteria and,-0.2664981397640149,24.0,42.0
use the,-0.2666476458310342,163.0,265.0
lower than,-0.2699557953693338,27.0,47.0
vision,-0.2700203436691798,59.0,99.0
can mean,-0.2704343619544685,9.0,17.0
households,-0.2704343619544685,9.0,17.0
some models,-0.2704343619544685,9.0,17.0
gold standard,-0.2704343619544685,9.0,17.0
indoor air,-0.2704343619544685,9.0,17.0
refined oils,-0.2704343619544685,9.0,17.0
hand washing,-0.2704343619544685,9.0,17.0
a random,-0.2704343619544685,9.0,17.0
anywhere,-0.2704343619544685,9.0,17.0
factors including,-0.2704343619544685,9.0,17.0
screen protector,-0.2704343619544685,9.0,17.0
which could,-0.2704343619544685,9.0,17.0
sleep deprivation,-0.2704343619544685,9.0,17.0
corporate,-0.2704343619544685,9.0,17.0
still not,-0.2704343619544685,9.0,17.0
the compressor,-0.2704343619544685,9.0,17.0
believe,-0.2704343619544685,9.0,17.0
bone health,-0.2704343619544685,9.0,17.0
landlords must,-0.2704343619544685,9.0,17.0
packages,-0.2704343619544685,9.0,17.0
uncertainty,-0.2704343619544685,9.0,17.0
need annual,-0.2704343619544685,9.0,17.0
the gold,-0.2704343619544685,9.0,17.0
well as,-0.2704343619544685,9.0,17.0
tenancy laws,-0.2704343619544685,9.0,17.0
and surface,-0.2704343619544685,9.0,17.0
about 50,-0.2704343619544685,9.0,17.0
specifics,-0.2704343619544685,9.0,17.0
exact wording,-0.2704343619544685,9.0,17.0
that don't,-0.2704343619544685,9.0,17.0
exclusive use,-0.2704343619544685,9.0,17.0
longevity,-0.2707113503863118,38.0,65.0
until,-0.2713373853424444,117.0,192.0
come,-0.2713373853424444,117.0,192.0
only one,-0.27380986794282386,30.0,52.0
it's likely,-0.27380986794282386,30.0,52.0
processed,-0.27380986794282386,30.0,52.0
and using,-0.2756949748377039,41.0,70.0
a mild,-0.2756949748377039,41.0,70.0
person,-0.2757066263441753,90.0,149.0
cold water,-0.2757066263441753,90.0,149.0
amount of,-0.2761386557885699,49.0,83.0
a higher,-0.2779283931282305,33.0,57.0
high heat,-0.2779283931282305,33.0,57.0
a soil,-0.2779283931282305,33.0,57.0
facts,-0.2821744617908416,19.0,34.0
visibility,-0.2821744617908416,19.0,34.0
steering,-0.2821744617908416,19.0,34.0
enzymes,-0.2821744617908416,19.0,34.0
overwatering,-0.28222319743747215,36.0,62.0
firm,-0.28222319743747215,36.0,62.0
warned,-0.282794528403059,16.0,29.0
piece,-0.282794528403059,16.0,29.0
aim for,-0.282794528403059,16.0,29.0
your loan,-0.282794528403059,16.0,29.0
swings,-0.282794528403059,16.0,29.0
alternating,-0.282794528403059,16.0,29.0
the safer,-0.28315022460106964,22.0,39.0
stocks,-0.2851560777054425,25.0,44.0
known to,-0.2860239904127703,13.0,24.0
full replacement,-0.2860239904127703,13.0,24.0
desk,-0.2860239904127703,13.0,24.0
devices are,-0.2860239904127703,13.0,24.0
treats,-0.2860239904127703,13.0,24.0
don't require,-0.2860239904127703,13.0,24.0
and 80,-0.2878522616057571,28.0,49.0
the food,-0.2878522616057571,28.0,49.0
that are,-0.2878522616057571,28.0,49.0
mile rule,-0.2878522616057571,28.0,49.0
incognito,-0.2888447095653968,63.0,106.0
cars,-0.2889814476182654,141.0,231.0
kitchen,-0.2910232602763686,31.0,54.0
a known,-0.2910232602763686,31.0,54.0
time but,-0.29177128680943504,58.0,98.0
solid,-0.2918557998866931,71.0,119.0
insurance policies,-0.2938754438980211,10.0,19.0
oils can,-0.2938754438980211,10.0,19.0
notices,-0.2938754438980211,10.0,19.0
exhaust,-0.2938754438980211,10.0,19.0
like drywall,-0.2938754438980211,10.0,19.0
the physics,-0.2938754438980211,10.0,19.0
mild diuretic,-0.2938754438980211,10.0,19.0
strong password,-0.2938754438980211,10.0,19.0
hear,-0.2938754438980211,10.0,19.0
highly individual,-0.2938754438980211,10.0,19.0
trade off,-0.2938754438980211,10.0,19.0
a change,-0.2938754438980211,10.0,19.0
under ideal,-0.2938754438980211,10.0,19.0
and reducing,-0.2938754438980211,10.0,19.0
months or,-0.2938754438980211,10.0,19.0
can reflect,-0.2938754438980211,10.0,19.0
water to,-0.2938754438980211,10.0,19.0
usually based,-0.2938754438980211,10.0,19.0
statement is,-0.2938754438980211,10.0,19.0
battery at,-0.2938754438980211,10.0,19.0
quote and,-0.2938754438980211,10.0,19.0
a 100,-0.2938754438980211,10.0,19.0
soil test,-0.29452646493076545,34.0,59.0
validated,-0.29452646493076545,34.0,59.0
scale,-0.29826429741253013,37.0,64.0
through,-0.2985347380633716,359.0,577.0
unless you,-0.3005780886682799,82.0,137.0
bugs,-0.3017240505133919,20.0,36.0
propaganda,-0.3017240505133919,20.0,36.0
the sensor,-0.3017240505133919,20.0,36.0
lenders,-0.3017240505133919,20.0,36.0
repaired,-0.3017240505133919,20.0,36.0
plastic wrap,-0.3017240505133919,20.0,36.0
a lab,-0.3017240505133919,20.0,36.0
an absolute,-0.3018890921148263,23.0,41.0
clay,-0.3018890921148263,23.0,41.0
horizon,-0.3031515574411001,26.0,46.0
bird,-0.3031515574411001,26.0,46.0
always better,-0.30320611779780815,17.0,31.0
grammar,-0.30320611779780815,17.0,31.0
large studies,-0.30320611779780815,17.0,31.0
underperform,-0.30320611779780815,17.0,31.0
and dry,-0.30320611779780815,17.0,31.0
harder,-0.3047423653450152,51.0,87.0
readings,-0.30517163313425755,29.0,51.0
water for,-0.30517163313425755,29.0,51.0
warning,-0.3067782552099299,67.0,113.0
using the,-0.3067782552099299,67.0,113.0
warranty terms,-0.30728489696827604,14.0,26.0
reduces risk,-0.30728489696827604,14.0,26.0
is oversimplified,-0.30728489696827604,14.0,26.0
checks are,-0.30728489696827604,14.0,26.0
actively,-0.30728489696827604,14.0,26.0
person's,-0.30728489696827604,14.0,26.0
the outcome,-0.30728489696827604,14.0,26.0
complex and,-0.30728489696827604,14.0,26.0
while some,-0.30728489696827604,14.0,26.0
fitness,-0.30728489696827604,14.0,26.0
the space,-0.30728489696827604,14.0,26.0
longer than,-0.30772847794384417,32.0,56.0
physics,-0.30772847794384417,32.0,56.0
if a,-0.30928657034899804,54.0,92.0
to know,-0.3106728286071454,35.0,61.0
activities,-0.3106728286071454,35.0,61.0
and vary,-0.3110182474345639,7.0,14.0
it when,-0.3110182474345639,7.0,14.0
use strong,-0.3110182474345639,7.0,14.0
and background,-0.3110182474345639,7.0,14.0
neighbor's,-0.3110182474345639,7.0,14.0
small differences,-0.3110182474345639,7.0,14.0
speaking and,-0.3110182474345639,7.0,14.0
interest but,-0.3110182474345639,7.0,14.0
time limits,-0.3110182474345639,7.0,14.0
short myth,-0.3110182474345639,7.0,14.0
humans the,-0.3110182474345639,7.0,14.0
chemically,-0.3110182474345639,7.0,14.0
ventilation is,-0.3110182474345639,7.0,14.0
performance or,-0.3110182474345639,7.0,14.0
endorse,-0.3110182474345639,7.0,14.0
control the,-0.3110182474345639,7.0,14.0
is inaccurate,-0.3110182474345639,7.0,14.0
the vaccine,-0.3110182474345639,7.0,14.0
grounded,-0.3110182474345639,7.0,14.0
leak that,-0.3110182474345639,7.0,14.0
read your,-0.3110182474345639,7.0,14.0
like leg,-0.3110182474345639,7.0,14.0
places allow,-0.3110182474345639,7.0,14.0
daily intake,-0.3110182474345639,7.0,14.0
small for,-0.3110182474345639,7.0,14.0
spec sheet,-0.3110182474345639,7.0,14.0
and sample,-0.3110182474345639,7.0,14.0
factual,-0.3110182474345639,7.0,14.0
pulls,-0.3110182474345639,7.0,14.0
damage a,-0.3110182474345639,7.0,14.0
goal is,-0.315755847991169,11.0,21.0
regularly for,-0.315755847991169,11.0,21.0
just one,-0.315755847991169,11.0,21.0
end rot,-0.315755847991169,11.0,21.0
50 000,-0.315755847991169,11.0,21.0
in coffee,-0.315755847991169,11.0,21.0
blossom end,-0.315755847991169,11.0,21.0
leg swings,-0.315755847991169,11.0,21.0
are cheap,-0.315755847991169,11.0,21.0
without it,-0.315755847991169,11.0,21.0
prone,-0.315755847991169,11.0,21.0
warning sign,-0.315755847991169,11.0,21.0
busy,-0.315755847991169,11.0,21.0
comparable to,-0.315755847991169,11.0,21.0
varies and,-0.315755847991169,11.0,21.0
but actual,-0.315755847991169,11.0,21.0
potatoes,-0.315755847991169,11.0,21.0
you plan,-0.315755847991169,11.0,21.0
blossom,-0.315755847991169,11.0,21.0
immediate,-0.3193088144258762,68.0,115.0
five years,-0.31993128403439597,24.0,43.0
wines,-0.31993128403439597,24.0,43.0
usually requires,-0.31993128403439597,24.0,43.0
can assess,-0.31993128403439597,24.0,43.0
shelf,-0.31993128403439597,24.0,43.0
and low,-0.32046389217406873,21.0,38.0
disinfection,-0.32046389217406873,21.0,38.0
strips,-0.32046389217406873,21.0,38.0
is useful,-0.3205410840288476,27.0,48.0
electronics,-0.3226669252633122,18.0,33.0
requiring,-0.3226669252633122,18.0,33.0
meters,-0.3226669252633122,18.0,33.0
smoke,-0.3227975066983264,63.0,107.0
triggers,-0.32396144908229113,33.0,58.0
protein,-0.3248665050270319,182.0,298.0
in healthy,-0.32639689548273515,36.0,63.0
positive,-0.327055893226513,58.0,99.0
continuously,-0.3274241589708305,15.0,28.0
pages are,-0.3274241589708305,15.0,28.0
significantly reduce,-0.3274241589708305,15.0,28.0
notice,-0.3306070535764069,148.0,244.0
damaged or,-0.33249292351898313,8.0,16.0
reps,-0.33249292351898313,8.0,16.0
high concentrations,-0.33249292351898313,8.0,16.0
to manage,-0.33249292351898313,8.0,16.0
results a,-0.33249292351898313,8.0,16.0
a gluten,-0.33249292351898313,8.0,16.0
systems that,-0.33249292351898313,8.0,16.0
policies cover,-0.33249292351898313,8.0,16.0
a dead,-0.33249292351898313,8.0,16.0
by law,-0.33249292351898313,8.0,16.0
charge the,-0.33249292351898313,8.0,16.0
a limited,-0.33249292351898313,8.0,16.0
low frequency,-0.33249292351898313,8.0,16.0
on light,-0.33249292351898313,8.0,16.0
the second,-0.33249292351898313,8.0,16.0
have battery,-0.33249292351898313,8.0,16.0
the file,-0.33249292351898313,8.0,16.0
the figure,-0.33249292351898313,8.0,16.0
often cosmetic,-0.33249292351898313,8.0,16.0
is arbitrary,-0.33249292351898313,8.0,16.0
applicable,-0.33249292351898313,8.0,16.0
causes permanent,-0.33249292351898313,8.0,16.0
needed when,-0.33249292351898313,8.0,16.0
exposure the,-0.33249292351898313,8.0,16.0
and payment,-0.33249292351898313,8.0,16.0
early career,-0.33249292351898313,8.0,16.0
traffic but,-0.33249292351898313,8.0,16.0
be at,-0.33249292351898313,8.0,16.0
may last,-0.33249292351898313,8.0,16.0
not controlled,-0.33249292351898313,8.0,16.0
local police,-0.33249292351898313,8.0,16.0
competition,-0.33249292351898313,8.0,16.0
coli,-0.33249292351898313,8.0,16.0
insurer's,-0.33249292351898313,8.0,16.0
e coli,-0.33249292351898313,8.0,16.0
approximate,-0.33249292351898313,8.0,16.0
can accelerate,-0.33249292351898313,8.0,16.0
levels of,-0.33249292351898313,8.0,16.0
with evidence,-0.33249292351898313,8.0,16.0
no clear,-0.33249292351898313,8.0,16.0
manageable,-0.33249292351898313,8.0,16.0
track,-0.33603416602846015,72.0,122.0
is recommended,-0.33615889757741174,56.0,96.0
income and,-0.33633786973351704,12.0,23.0
even when,-0.33633786973351704,12.0,23.0
local consumer,-0.33633786973351704,12.0,23.0
long time,-0.33633786973351704,12.0,23.0
significant benefit,-0.33633786973351704,12.0,23.0
on water,-0.33633786973351704,12.0,23.0
the project,-0.33633786973351704,12.0,23.0
pollinators,-0.33633786973351704,12.0,23.0
a car,-0.33633786973351704,12.0,23.0
across the,-0.33633786973351704,12.0,23.0
door placard,-0.33633786973351704,12.0,23.0
levels and,-0.33633786973351704,12.0,23.0
schemes,-0.33633786973351704,12.0,23.0
insurance is,-0.33633786973351704,12.0,23.0
based batteries,-0.33633786973351704,12.0,23.0
airplane,-0.33633786973351704,12.0,23.0
once a,-0.33633786973351704,12.0,23.0
spoilage,-0.33633786973351704,12.0,23.0
condition,-0.3369876713035597,181.0,297.0
the better,-0.3373397886133135,25.0,45.0
daily protein,-0.3373397886133135,25.0,45.0
summer,-0.3373397886133135,25.0,45.0
into the,-0.337374088184713,28.0,50.0
more useful,-0.337374088184713,28.0,50.0
labeled,-0.337374088184713,28.0,50.0
get the,-0.337374088184713,28.0,50.0
20 and,-0.3382525140849695,31.0,55.0
500 miles,-0.3382525140849695,31.0,55.0
less effective,-0.33847600584277027,22.0,40.0
beans,-0.33847600584277027,22.0,40.0
not by,-0.33847600584277027,22.0,40.0
chicken,-0.33847600584277027,22.0,40.0
phones have,-0.33847600584277027,22.0,40.0
can prevent,-0.34128618619575196,19.0,35.0
successful,-0.34128618619575196,19.0,35.0
gluten sensitivity,-0.34128618619575196,19.0,35.0
the event,-0.34128618619575196,19.0,35.0
solely,-0.34128618619575196,19.0,35.0
external,-0.34405417632372176,40.0,70.0
and a,-0.34484596632211234,214.0,350.0
water hardness,-0.3465898368280518,16.0,30.0
on whether,-0.3465898368280518,16.0,30.0
compatibility,-0.3465898368280518,16.0,30.0
2 5,-0.3465898368280518,16.0,30.0
much higher,-0.3465898368280518,16.0,30.0
especially for,-0.34797646220340783,73.0,124.0
practice testing,-0.3526624587880478,9.0,18.0
windows can,-0.3526624587880478,9.0,18.0
that any,-0.3526624587880478,9.0,18.0
wiping,-0.3526624587880478,9.0,18.0
cost and,-0.3526624587880478,9.0,18.0
to extend,-0.3526624587880478,9.0,18.0
warns against,-0.3526624587880478,9.0,18.0
blend,-0.3526624587880478,9.0,18.0
can fix,-0.3526624587880478,9.0,18.0
overinflating,-0.3526624587880478,9.0,18.0
coaches,-0.3526624587880478,9.0,18.0
temperature but,-0.3526624587880478,9.0,18.0
has little,-0.3526624587880478,9.0,18.0
for water,-0.3526624587880478,9.0,18.0
evidence a,-0.3526624587880478,9.0,18.0
repair shop,-0.3526624587880478,9.0,18.0
lie,-0.3526624587880478,9.0,18.0
leaving the,-0.3526624587880478,9.0,18.0
with current,-0.3526624587880478,9.0,18.0
your devices,-0.3526624587880478,9.0,18.0
but always,-0.3526624587880478,9.0,18.0
apply a,-0.3526624587880478,9.0,18.0
pass through,-0.3526624587880478,9.0,18.0
pressure or,-0.3526624587880478,9.0,18.0
suitable for,-0.3526624587880478,9.0,18.0
consistent link,-0.3526624587880478,9.0,18.0
generally do,-0.3526624587880478,9.0,18.0
rules vary,-0.3541692155433672,26.0,47.0
plug,-0.3541692155433672,26.0,47.0
shared,-0.3551361585202057,35.0,62.0
meets,-0.3551361585202057,35.0,62.0
good practice,-0.3551361585202057,35.0,62.0
monitoring,-0.3555889612563952,52.0,90.0
stored properly,-0.3558194587715451,13.0,25.0
a sudden,-0.3558194587715451,13.0,25.0
flash,-0.3558194587715451,13.0,25.0
mold can,-0.3558194587715451,13.0,25.0
athletes,-0.3558194587715451,13.0,25.0
context and,-0.3558194587715451,13.0,25.0
breaking,-0.3558194587715451,13.0,25.0
fluid intake,-0.3558194587715451,13.0,25.0
antifungal properties,-0.3558194587715451,13.0,25.0
can protect,-0.3558194587715451,13.0,25.0
a security,-0.3558194587715451,13.0,25.0
the machine,-0.3558194587715451,13.0,25.0
commitment,-0.3558194587715451,13.0,25.0
assets,-0.3558194587715451,13.0,25.0
shows the,-0.3558194587715451,13.0,25.0
ask to,-0.3558194587715451,13.0,25.0
philosophers,-0.3558194587715451,13.0,25.0
finds,-0.3558194587715451,13.0,25.0
and medical,-0.3558194587715451,13.0,25.0
often due,-0.3558194587715451,13.0,25.0
are no,-0.35583020496181766,23.0,42.0
reduces the,-0.35583020496181766,23.0,42.0
growing,-0.35583020496181766,23.0,42.0
drainage,-0.3566820105276109,38.0,67.0
caused,-0.35868369227078045,136.0,226.0
chip,-0.3591547162257515,20.0,37.0
only deduct,-0.3591547162257515,20.0,37.0
for comfort,-0.3591547162257515,20.0,37.0
terminal,-0.3591547162257515,20.0,37.0
vents,-0.3591547162257515,20.0,37.0
the five,-0.3591547162257515,20.0,37.0
strip,-0.3591547162257515,20.0,37.0
magic,-0.3633227685709753,47.0,82.0
drop,-0.36430715653463,85.0,144.0
malware,-0.36490129467212545,17.0,32.0
required to,-0.36490129467212545,17.0,32.0
tone,-0.36490129467212545,17.0,32.0
birth,-0.36490129467212545,17.0,32.0
salmonella,-0.36490129467212545,17.0,32.0
15 minutes,-0.36490129467212545,17.0,32.0
normal driving,-0.36490129467212545,17.0,32.0
photo,-0.36548796776688053,61.0,105.0
mix,-0.36548796776688053,61.0,105.0
require a,-0.36598720972672316,50.0,87.0
into,-0.3686949708423183,132.0,220.0
a battery,-0.36949885313092623,33.0,59.0
water damage,-0.3695394636555577,30.0,54.0
break,-0.36969575024789303,96.0,162.0
focused,-0.37013296961774605,36.0,64.0
enzyme,-0.37046722189843495,27.0,49.0
relationships,-0.3712891041556243,39.0,69.0
policies exclude,-0.37173935382521883,10.0,20.0
often comes,-0.37173935382521883,10.0,20.0
browning,-0.37173935382521883,10.0,20.0
or damaged,-0.37173935382521883,10.0,20.0
certain conditions,-0.37173935382521883,10.0,20.0
oil or,-0.37173935382521883,10.0,20.0
available credit,-0.37173935382521883,10.0,20.0
a sensor,-0.37173935382521883,10.0,20.0
6 month,-0.37173935382521883,10.0,20.0
to identify,-0.37173935382521883,10.0,20.0
theoretical,-0.37173935382521883,10.0,20.0
limited by,-0.37173935382521883,10.0,20.0
freelance,-0.37173935382521883,10.0,20.0
however some,-0.37173935382521883,10.0,20.0
draft,-0.37173935382521883,10.0,20.0
at any,-0.37173935382521883,10.0,20.0
among many,-0.37173935382521883,10.0,20.0
fuel injected,-0.37173935382521883,10.0,20.0
carb,-0.37173935382521883,10.0,20.0
6 hours,-0.37173935382521883,10.0,20.0
levels the,-0.37173935382521883,10.0,20.0
pregnant,-0.37173935382521883,10.0,20.0
very little,-0.37173935382521883,10.0,20.0
for personal,-0.37173935382521883,10.0,20.0
the signal,-0.3725864141855387,24.0,44.0
the relationship,-0.3725864141855387,24.0,44.0
lung,-0.3725864141855387,24.0,44.0
involved,-0.3725864141855387,24.0,44.0
pump,-0.3728547584251983,42.0,74.0
mold on,-0.3743540177501588,14.0,27.0
toilet,-0.3743540177501588,14.0,27.0
tailor,-0.3743540177501588,14.0,27.0
few hours,-0.3743540177501588,14.0,27.0
concept of,-0.3743540177501588,14.0,27.0
life is,-0.3743540177501588,14.0,27.0
or higher,-0.3743540177501588,14.0,27.0
the 5,-0.3743540177501588,14.0,27.0
static,-0.3756212383311299,107.0,180.0
achieve,-0.37634885932176104,21.0,39.0
can occur,-0.37634885932176104,21.0,39.0
rare and,-0.37634885932176104,21.0,39.0
of any,-0.37634885932176104,21.0,39.0
consistency,-0.3778956888683786,62.0,107.0
cache,-0.3792566212332838,51.0,89.0
caused by,-0.3818925835787239,118.0,198.0
factory,-0.38245624510277465,18.0,34.0
humidity,-0.38297466184827783,92.0,156.0
rubber,-0.38451098174673126,34.0,61.0
booking,-0.38494448641633344,31.0,56.0
household,-0.38679331388226823,43.0,76.0
insulin,-0.38879646193343875,25.0,46.0
every 2,-0.38879646193343875,25.0,46.0
computer,-0.38879646193343875,25.0,46.0
full charge,-0.3898840291964786,11.0,22.0
purchases,-0.3898840291964786,11.0,22.0
entering,-0.3898840291964786,11.0,22.0
growth and,-0.3898840291964786,11.0,22.0
original study,-0.3898840291964786,11.0,22.0
local laws,-0.3898840291964786,11.0,22.0
for hair,-0.3898840291964786,11.0,22.0
lived,-0.3898840291964786,11.0,22.0
bedding,-0.3898840291964786,11.0,22.0
continue to,-0.3898840291964786,11.0,22.0
studied for,-0.3898840291964786,11.0,22.0
rule the,-0.3898840291964786,11.0,22.0
playing,-0.3898840291964786,11.0,22.0
restrict,-0.3898840291964786,11.0,22.0
well in,-0.3898840291964786,11.0,22.0
and generally,-0.3898840291964786,11.0,22.0
mg per,-0.3898840291964786,11.0,22.0
night mode,-0.3898840291964786,11.0,22.0
card or,-0.3898840291964786,11.0,22.0
puncture,-0.3898840291964786,11.0,22.0
refrigerated,-0.3898840291964786,11.0,22.0
storage and,-0.3898840291964786,11.0,22.0
aid,-0.3905413720276536,98.0,166.0
500 to,-0.3920630791618738,15.0,29.0
collection,-0.3920630791618738,15.0,29.0
carcinogenic,-0.3920630791618738,15.0,29.0
link to,-0.3920630791618738,15.0,29.0
outdated or,-0.3920630791618738,15.0,29.0
keep records,-0.3920630791618738,15.0,29.0
hours and,-0.3920630791618738,15.0,29.0
molecules,-0.3920630791618738,15.0,29.0
smaller than,-0.3920630791618738,15.0,29.0
cut,-0.3922877242797497,52.0,91.0
harder to,-0.3929334312220607,22.0,41.0
deficiency,-0.394190983272135,77.0,132.0
gluten,-0.39801146302184903,104.0,176.0
concrete,-0.3990641094848856,38.0,68.0
compost,-0.39914082047131416,72.0,124.0
also matter,-0.39933575041968317,19.0,36.0
used exclusively,-0.39933575041968317,19.0,36.0
when you,-0.3995050240583026,61.0,106.0
background,-0.3995050240583026,61.0,106.0
a hard,-0.3995050240583026,61.0,106.0
what the,-0.3999396493450148,32.0,58.0
heart rate,-0.3999396493450148,32.0,58.0
ups,-0.4004454667798233,44.0,78.0
function and,-0.4005306687480212,7.0,15.0
most vehicles,-0.4005306687480212,7.0,15.0
professional can,-0.4005306687480212,7.0,15.0
adding lime,-0.4005306687480212,7.0,15.0
formed,-0.4005306687480212,7.0,15.0
eliminate it,-0.4005306687480212,7.0,15.0
safe symbol,-0.4005306687480212,7.0,15.0
independent test,-0.4005306687480212,7.0,15.0
not clearly,-0.4005306687480212,7.0,15.0
seams,-0.4005306687480212,7.0,15.0
extender can,-0.4005306687480212,7.0,15.0
loosely,-0.4005306687480212,7.0,15.0
of many,-0.4005306687480212,7.0,15.0
lower but,-0.4005306687480212,7.0,15.0
passages,-0.4005306687480212,7.0,15.0
thermostats,-0.4005306687480212,7.0,15.0
and type,-0.4005306687480212,7.0,15.0
improve comfort,-0.4005306687480212,7.0,15.0
decrease,-0.4005306687480212,7.0,15.0
outweighs the,-0.4005306687480212,7.0,15.0
a shared,-0.4005306687480212,7.0,15.0
app or,-0.4005306687480212,7.0,15.0
claim about,-0.4005306687480212,7.0,15.0
spent,-0.4005306687480212,7.0,15.0
claim a,-0.4005306687480212,7.0,15.0
is gradual,-0.4005306687480212,7.0,15.0
and experience,-0.4005306687480212,7.0,15.0
of oil,-0.4005306687480212,7.0,15.0
dollars,-0.4005306687480212,7.0,15.0
in others,-0.4005306687480212,7.0,15.0
must meet,-0.4005306687480212,7.0,15.0
minutes for,-0.4005306687480212,7.0,15.0
inexpensive and,-0.4005306687480212,7.0,15.0
manufacturer's instructions,-0.4005306687480212,7.0,15.0
the program,-0.4005306687480212,7.0,15.0
but all,-0.4005306687480212,7.0,15.0
actually use,-0.4005306687480212,7.0,15.0
enzymatic,-0.4005306687480212,7.0,15.0
intentional,-0.4005306687480212,7.0,15.0
but whether,-0.4005306687480212,7.0,15.0
stays on,-0.4005306687480212,7.0,15.0
attention and,-0.4005306687480212,7.0,15.0
is large,-0.4005306687480212,7.0,15.0
between certain,-0.4005306687480212,7.0,15.0
home devices,-0.4005306687480212,7.0,15.0
sees,-0.4005306687480212,7.0,15.0
contributions,-0.4005306687480212,7.0,15.0
is legally,-0.4005306687480212,7.0,15.0
and lead,-0.4005306687480212,7.0,15.0
though keeping,-0.4005306687480212,7.0,15.0
tree,-0.40328364485536694,50.0,88.0
label,-0.4041993879240935,269.0,441.0
in dogs,-0.404505484574516,26.0,48.0
occur,-0.40509095221192815,53.0,93.0
is low,-0.40709815035386643,56.0,98.0
recommended to,-0.4072211155614727,12.0,24.0
can replace,-0.4072211155614727,12.0,24.0
be covered,-0.4072211155614727,12.0,24.0
advised,-0.4072211155614727,12.0,24.0
total sleep,-0.4072211155614727,12.0,24.0
salt is,-0.4072211155614727,12.0,24.0
an effective,-0.4072211155614727,12.0,24.0
do have,-0.4072211155614727,12.0,24.0
a one,-0.4089639498311304,23.0,43.0
maximum pressure,-0.40904473772062744,16.0,31.0
five stages,-0.40904473772062744,16.0,31.0
dense,-0.40904473772062744,16.0,31.0
averages,-0.40904473772062744,16.0,31.0
cold exposure,-0.40904473772062744,16.0,31.0
door jamb,-0.40904473772062744,16.0,31.0
friction,-0.40904473772062744,16.0,31.0
jamb,-0.40904473772062744,16.0,31.0
often from,-0.40904473772062744,16.0,31.0
better the,-0.40904473772062744,16.0,31.0
contract,-0.4103417482953511,152.0,254.0
it's more,-0.4132041627093843,42.0,75.0
but modern,-0.41344093656826786,36.0,65.0
stored,-0.4148199630345886,48.0,85.0
weaker,-0.4156078531390435,20.0,38.0
advantages,-0.4164556609637109,8.0,17.0
recent research,-0.4164556609637109,8.0,17.0
can achieve,-0.4164556609637109,8.0,17.0
5 year,-0.4164556609637109,8.0,17.0
a child,-0.4164556609637109,8.0,17.0
4 rule,-0.4164556609637109,8.0,17.0
or based,-0.4164556609637109,8.0,17.0
communicate,-0.4164556609637109,8.0,17.0
vary the,-0.4164556609637109,8.0,17.0
some employers,-0.4164556609637109,8.0,17.0
usually due,-0.4164556609637109,8.0,17.0
archaeological,-0.4164556609637109,8.0,17.0
attackers,-0.4164556609637109,8.0,17.0
in and,-0.4164556609637109,8.0,17.0
the sole,-0.4164556609637109,8.0,17.0
tannins,-0.4164556609637109,8.0,17.0
monthly is,-0.4164556609637109,8.0,17.0
the reason,-0.4164556609637109,8.0,17.0
issues are,-0.4164556609637109,8.0,17.0
testing can,-0.4164556609637109,8.0,17.0
data can,-0.4164556609637109,8.0,17.0
off by,-0.4164556609637109,8.0,17.0
offset,-0.4164556609637109,8.0,17.0
readability,-0.4164556609637109,8.0,17.0
maintain a,-0.4164556609637109,8.0,17.0
100 of,-0.4164556609637109,8.0,17.0
evidence from,-0.4164556609637109,8.0,17.0
don't support,-0.4164556609637109,8.0,17.0
minutes and,-0.4164556609637109,8.0,17.0
on age,-0.4164556609637109,8.0,17.0
on actual,-0.4164556609637109,8.0,17.0
and dose,-0.4164556609637109,8.0,17.0
the morning,-0.4164556609637109,8.0,17.0
by location,-0.4164556609637109,8.0,17.0
wool,-0.41656734035129406,30.0,55.0
age and,-0.41656734035129406,30.0,55.0
a magic,-0.41656734035129406,30.0,55.0
social media,-0.41656734035129406,30.0,55.0
though,-0.41889747417338574,286.0,469.0
close to,-0.41975303884172555,27.0,50.0
is overstated,-0.41975303884172555,27.0,50.0
issue,-0.4238013891034475,151.0,253.0
effect varies,-0.4238497250120048,13.0,26.0
image quality,-0.4238497250120048,13.0,26.0
and cancer,-0.4238497250120048,13.0,26.0
health is,-0.4238497250120048,13.0,26.0
3 days,-0.4238497250120048,13.0,26.0
beneficial for,-0.4238497250120048,13.0,26.0
sourdough,-0.4238497250120048,13.0,26.0
and weight,-0.4238497250120048,13.0,26.0
refresh,-0.4238497250120048,13.0,26.0
elevation,-0.42448835014230574,24.0,45.0
toward,-0.42448835014230574,24.0,45.0
styles,-0.42448835014230574,24.0,45.0
savings depend,-0.42448835014230574,24.0,45.0
when they,-0.42448835014230574,24.0,45.0
many studies,-0.42448835014230574,24.0,45.0
slight,-0.4253794428720033,17.0,33.0
a pre,-0.4253794428720033,17.0,33.0
non porous,-0.4253794428720033,17.0,33.0
subscription,-0.4253794428720033,17.0,33.0
grief is,-0.4253794428720033,17.0,33.0
the average,-0.4253794428720033,17.0,33.0
strength training,-0.4253794428720033,17.0,33.0
for certain,-0.426712591066176,40.0,72.0
contact the,-0.426712591066176,40.0,72.0
oral,-0.42694748133733446,46.0,82.0
dishwasher,-0.42880711454355736,34.0,62.0
link between,-0.430052163681766,55.0,97.0
replacement is,-0.43017729260158655,83.0,143.0
kills,-0.43133026366064764,21.0,40.0
trained,-0.43133026366064764,21.0,40.0
lacking,-0.43133026366064764,21.0,40.0
policy and,-0.43133026366064764,21.0,40.0
fine the,-0.43133026366064764,21.0,40.0
enable,-0.43133026366064764,21.0,40.0
separately,-0.43133026366064764,21.0,40.0
exceptions,-0.43133026366064764,21.0,40.0
the damage,-0.43133026366064764,21.0,40.0
modern,-0.43178004012042986,459.0,745.0
car is,-0.4319943617116425,9.0,19.0
unless it's,-0.4319943617116425,9.0,19.0
the association,-0.4319943617116425,9.0,19.0
formatting,-0.4319943617116425,9.0,19.0
author,-0.4319943617116425,9.0,19.0
can detect,-0.4319943617116425,9.0,19.0
rotation every,-0.4319943617116425,9.0,19.0
temperature for,-0.4319943617116425,9.0,19.0
duration of,-0.4319943617116425,9.0,19.0
source the,-0.4319943617116425,9.0,19.0
washed,-0.4319943617116425,9.0,19.0
acting,-0.4319943617116425,9.0,19.0
threats,-0.4319943617116425,9.0,19.0
the seller's,-0.4319943617116425,9.0,19.0
often requires,-0.4319943617116425,9.0,19.0
no robust,-0.4319943617116425,9.0,19.0
advertised,-0.4319943617116425,9.0,19.0
degraded,-0.4319943617116425,9.0,19.0
assessed,-0.4319943617116425,9.0,19.0
tightening,-0.4319943617116425,9.0,19.0
not designed,-0.4319943617116425,9.0,19.0
causal link,-0.4319943617116425,9.0,19.0
can say,-0.4319943617116425,9.0,19.0
quality varies,-0.4319943617116425,9.0,19.0
protects against,-0.4319943617116425,9.0,19.0
and are,-0.43332173137292496,61.0,107.0
porous surfaces,-0.4345739922146943,28.0,52.0
using,-0.4387834877338333,499.0,809.0
inquiry and,-0.4395483202810347,25.0,47.0
deeply,-0.43985021714645217,14.0,28.0
evenly,-0.43985021714645217,14.0,28.0
no long,-0.43985021714645217,14.0,28.0
a third,-0.43985021714645217,14.0,28.0
validity,-0.43985021714645217,14.0,28.0
high and,-0.43985021714645217,14.0,28.0
the employer,-0.43985021714645217,14.0,28.0
pressure the,-0.43985021714645217,14.0,28.0
applicant tracking,-0.43985021714645217,14.0,28.0
during sleep,-0.43985021714645217,14.0,28.0
grams,-0.43985021714645217,14.0,28.0
slows,-0.43985021714645217,14.0,28.0
pan,-0.44113408893473843,18.0,35.0
need the,-0.44113408893473843,18.0,35.0
recommendation is,-0.44113408893473843,18.0,35.0
standard for,-0.44113408893473843,18.0,35.0
reliable for,-0.44113408893473843,18.0,35.0
directly,-0.4424068391205996,148.0,249.0
cannot be,-0.4427262927632488,35.0,64.0
usually not,-0.4427262927632488,35.0,64.0
scan,-0.4427262927632488,35.0,64.0
combination,-0.4452933618661023,32.0,59.0
stage,-0.4465523848365708,22.0,42.0
the other,-0.4465523848365708,22.0,42.0
no longer,-0.4465523848365708,22.0,42.0
anonymous,-0.4465523848365708,22.0,42.0
but occasional,-0.4471308291504294,10.0,21.0
a subscription,-0.4471308291504294,10.0,21.0
ventilated,-0.4471308291504294,10.0,21.0
the learning,-0.4471308291504294,10.0,21.0
warranty and,-0.4471308291504294,10.0,21.0
shadows,-0.4471308291504294,10.0,21.0
insulation is,-0.4471308291504294,10.0,21.0
20 000,-0.4471308291504294,10.0,21.0
should read,-0.4471308291504294,10.0,21.0
inflate,-0.4471308291504294,10.0,21.0
on current,-0.4471308291504294,10.0,21.0
one offsite,-0.4471308291504294,10.0,21.0
deprivation,-0.4471308291504294,10.0,21.0
kind,-0.4471308291504294,10.0,21.0
researched,-0.4471308291504294,10.0,21.0
respond to,-0.4471308291504294,10.0,21.0
or specific,-0.4471308291504294,10.0,21.0
or below,-0.4471308291504294,10.0,21.0
it means,-0.4471308291504294,10.0,21.0
the fluid,-0.4471308291504294,10.0,21.0
to see,-0.44831413132003356,133.0,225.0
not inherently,-0.44899924234231675,29.0,54.0
dynamic,-0.4513211713566211,85.0,147.0
jobs,-0.452464287991706,48.0,86.0
connection,-0.45263549591420726,74.0,129.0
movement,-0.4536183206800974,107.0,183.0
verification,-0.45418035486239783,26.0,49.0
forum,-0.45418035486239783,26.0,49.0
well established,-0.45418035486239783,26.0,49.0
detect,-0.45418035486239783,26.0,49.0
made,-0.4542110840575911,57.0,101.0
injuries,-0.4544153340002742,39.0,71.0
no link,-0.4552888197096448,15.0,30.0
for basic,-0.4552888197096448,15.0,30.0
during a,-0.4552888197096448,15.0,30.0
8 000,-0.4552888197096448,15.0,30.0
time for,-0.4552888197096448,15.0,30.0
a filter,-0.4552888197096448,15.0,30.0
one or,-0.4552888197096448,15.0,30.0
benefit from,-0.4563300162468694,36.0,66.0
correctly,-0.4563300162468694,36.0,66.0
vaccination,-0.4563300162468694,36.0,66.0
instruction,-0.4563649727806137,19.0,37.0
a quality,-0.4563649727806137,19.0,37.0
collect,-0.4563649727806137,19.0,37.0
guideline,-0.460331055473333,105.0,180.0
email,-0.460331055473333,105.0,180.0
run a,-0.461316860891902,23.0,44.0
ride,-0.461316860891902,23.0,44.0
debunked,-0.461316860891902,23.0,44.0
colour,-0.46171699374329234,86.0,149.0
common cause,-0.461869387013586,11.0,23.0
train,-0.461869387013586,11.0,23.0
5 feet,-0.461869387013586,11.0,23.0
on some,-0.461869387013586,11.0,23.0
increases the,-0.461869387013586,11.0,23.0
not deductible,-0.461869387013586,11.0,23.0
marginal,-0.461869387013586,11.0,23.0
source and,-0.461869387013586,11.0,23.0
invoice,-0.461869387013586,11.0,23.0
though they,-0.461869387013586,11.0,23.0
life of,-0.461869387013586,11.0,23.0
developers,-0.461869387013586,11.0,23.0
the duration,-0.461869387013586,11.0,23.0
good,-0.4626812101020478,1083.0,1734.0
grain,-0.4641396078266601,89.0,154.0
essential,-0.4666075728824874,92.0,159.0
a reputable,-0.46749943742379424,40.0,73.0
exactly the,-0.4684165945436242,27.0,51.0
responses,-0.4684165945436242,27.0,51.0
sale,-0.4684165945436242,27.0,51.0
multiple labels,-0.4684165945436242,27.0,51.0
lying,-0.4702208809481636,16.0,32.0
bulbs,-0.4702208809481636,16.0,32.0
on what,-0.4702208809481636,16.0,32.0
sync,-0.4702208809481636,16.0,32.0
runners,-0.4711199775595063,20.0,39.0
plumber,-0.4711199775595063,20.0,39.0
appraisal,-0.4711199775595063,20.0,39.0
fee,-0.4730300700123104,149.0,252.0
follow up,-0.4756607790770251,24.0,46.0
then a,-0.4758786380274755,6.0,14.0
many guidelines,-0.4758786380274755,6.0,14.0
produce a,-0.4758786380274755,6.0,14.0
weeks and,-0.4758786380274755,6.0,14.0
overstated the,-0.4758786380274755,6.0,14.0
at or,-0.4758786380274755,6.0,14.0
properly sealed,-0.4758786380274755,6.0,14.0
runner,-0.4758786380274755,6.0,14.0
under certain,-0.4758786380274755,6.0,14.0
may contain,-0.4758786380274755,6.0,14.0
for everyday,-0.4758786380274755,6.0,14.0
pressure on,-0.4758786380274755,6.0,14.0
have their,-0.4758786380274755,6.0,14.0
to older,-0.4758786380274755,6.0,14.0
low levels,-0.4758786380274755,6.0,14.0
brewed,-0.4758786380274755,6.0,14.0
back of,-0.4758786380274755,6.0,14.0
conditions or,-0.4758786380274755,6.0,14.0
solutions,-0.4758786380274755,6.0,14.0
different times,-0.4758786380274755,6.0,14.0
trickle charge,-0.4758786380274755,6.0,14.0
time varies,-0.4758786380274755,6.0,14.0
on all,-0.4758786380274755,6.0,14.0
is cheap,-0.4758786380274755,6.0,14.0
to inspect,-0.4758786380274755,6.0,14.0
organic compounds,-0.4758786380274755,6.0,14.0
temperature the,-0.4758786380274755,6.0,14.0
study shows,-0.4758786380274755,6.0,14.0
sleep disruption,-0.4758786380274755,6.0,14.0
is optimistic,-0.4758786380274755,6.0,14.0
tax systems,-0.4758786380274755,6.0,14.0
year old,-0.4762238939146687,12.0,25.0
can delay,-0.4762238939146687,12.0,25.0
valuation,-0.4762238939146687,12.0,25.0
os,-0.4762238939146687,12.0,25.0
blinking,-0.4762238939146687,12.0,25.0
surface mold,-0.4762238939146687,12.0,25.0
nitrite,-0.4762238939146687,12.0,25.0
studies the,-0.4762238939146687,12.0,25.0
outweigh,-0.4762238939146687,12.0,25.0
but total,-0.4762238939146687,12.0,25.0
5'6,-0.4762238939146687,12.0,25.0
deleted,-0.4762238939146687,12.0,25.0
not strongly,-0.4762238939146687,12.0,25.0
don't replace,-0.4762238939146687,12.0,25.0
choosing,-0.4762238939146687,12.0,25.0
router is,-0.4762238939146687,12.0,25.0
rule for,-0.4762238939146687,12.0,25.0
patch,-0.4776301003539176,59.0,105.0
consistent,-0.47949062918205765,194.0,325.0
meat,-0.48050478709214894,68.0,120.0
alcohol,-0.4809735988035061,118.0,202.0
wire,-0.4822855018470828,28.0,53.0
overheating,-0.4822855018470828,28.0,53.0
trip,-0.4822855018470828,28.0,53.0
the manual,-0.4832938384667618,74.0,130.0
fault,-0.4846932185469262,17.0,34.0
instructions and,-0.4846932185469262,17.0,34.0
evaluated,-0.4846932185469262,17.0,34.0
charging at,-0.4846932185469262,17.0,34.0
because it's,-0.4846932185469262,17.0,34.0
loss of,-0.4846932185469262,17.0,34.0
empty,-0.4846932185469262,17.0,34.0
of day,-0.4846932185469262,17.0,34.0
them the,-0.4846932185469262,17.0,34.0
audited,-0.48544021481724065,21.0,41.0
and oil,-0.48544021481724065,21.0,41.0
overload,-0.48544021481724065,21.0,41.0
cookies,-0.4858726997459187,35.0,65.0
preference,-0.4858726997459187,35.0,65.0
the provider,-0.48622793055824337,7.0,16.0
three times,-0.48622793055824337,7.0,16.0
impression,-0.48622793055824337,7.0,16.0
and pad,-0.48622793055824337,7.0,16.0
compounds but,-0.48622793055824337,7.0,16.0
conversion,-0.48622793055824337,7.0,16.0
or get,-0.48622793055824337,7.0,16.0
scheduling,-0.48622793055824337,7.0,16.0
vpn hides,-0.48622793055824337,7.0,16.0
was average,-0.48622793055824337,7.0,16.0
men of,-0.48622793055824337,7.0,16.0
router placement,-0.48622793055824337,7.0,16.0
act as,-0.48622793055824337,7.0,16.0
an offer,-0.48622793055824337,7.0,16.0
to all,-0.48622793055824337,7.0,16.0
achievements,-0.48622793055824337,7.0,16.0
year round,-0.48622793055824337,7.0,16.0
often claimed,-0.48622793055824337,7.0,16.0
the 1,-0.48622793055824337,7.0,16.0
place the,-0.48622793055824337,7.0,16.0
filled,-0.48622793055824337,7.0,16.0
is illegal,-0.48622793055824337,7.0,16.0
sent,-0.48622793055824337,7.0,16.0
can even,-0.48622793055824337,7.0,16.0
maximum is,-0.48622793055824337,7.0,16.0
shrinkage,-0.48622793055824337,7.0,16.0
hundred,-0.48622793055824337,7.0,16.0
recommend the,-0.48622793055824337,7.0,16.0
8 years,-0.48622793055824337,7.0,16.0
discourage,-0.48622793055824337,7.0,16.0
contractual,-0.48622793055824337,7.0,16.0
malicious,-0.48622793055824337,7.0,16.0
resist,-0.48622793055824337,7.0,16.0
hedge,-0.48622793055824337,7.0,16.0
can verify,-0.48622793055824337,7.0,16.0
everyone the,-0.48622793055824337,7.0,16.0
24 hour,-0.48622793055824337,7.0,16.0
outages,-0.48622793055824337,7.0,16.0
isolate,-0.48622793055824337,7.0,16.0
safety the,-0.48622793055824337,7.0,16.0
about 4,-0.48622793055824337,7.0,16.0
log into,-0.48622793055824337,7.0,16.0
attic insulation,-0.48622793055824337,7.0,16.0
often require,-0.48622793055824337,7.0,16.0
items like,-0.48622793055824337,7.0,16.0
may benefit,-0.48622793055824337,7.0,16.0
placing the,-0.48622793055824337,7.0,16.0
rub,-0.48622793055824337,7.0,16.0
cash,-0.48908379247019257,51.0,92.0
to other,-0.4896166137158335,25.0,48.0
the fee,-0.4896166137158335,25.0,48.0
starter,-0.49016180516432084,32.0,60.0
urgent,-0.49016180516432084,32.0,60.0
respiratory,-0.49016180516432084,32.0,60.0
leaks or,-0.4902123862274356,13.0,27.0
a microwave,-0.4902123862274356,13.0,27.0
before exercise,-0.4902123862274356,13.0,27.0
often unnecessary,-0.4902123862274356,13.0,27.0
widely used,-0.4902123862274356,13.0,27.0
tool not,-0.4902123862274356,13.0,27.0
tracking systems,-0.4902123862274356,13.0,27.0
may use,-0.4902123862274356,13.0,27.0
and likely,-0.4902123862274356,13.0,27.0
as one,-0.4902123862274356,13.0,27.0
ownership,-0.4902123862274356,13.0,27.0
signals,-0.4910728420542835,45.0,82.0
methods,-0.49215504733900517,146.0,248.0
10 minutes,-0.49581241016687677,29.0,55.0
right to,-0.49581241016687677,29.0,55.0
10 15,-0.49581241016687677,29.0,55.0
for very,-0.4972574374284861,8.0,18.0
copies two,-0.4972574374284861,8.0,18.0
with lower,-0.4972574374284861,8.0,18.0
megapixel count,-0.4972574374284861,8.0,18.0
mold and,-0.4972574374284861,8.0,18.0
and legal,-0.4972574374284861,8.0,18.0
like vitamin,-0.4972574374284861,8.0,18.0
sender,-0.4972574374284861,8.0,18.0
and vegetables,-0.4972574374284861,8.0,18.0
would require,-0.4972574374284861,8.0,18.0
reputation,-0.4972574374284861,8.0,18.0
domains,-0.4972574374284861,8.0,18.0
not at,-0.4972574374284861,8.0,18.0
truth,-0.4972574374284861,8.0,18.0
should use,-0.4972574374284861,8.0,18.0
dies,-0.4972574374284861,8.0,18.0
certain grain,-0.4972574374284861,8.0,18.0
french men,-0.4972574374284861,8.0,18.0
dilution,-0.4972574374284861,8.0,18.0
management systems,-0.4972574374284861,8.0,18.0
to move,-0.4972574374284861,8.0,18.0
doesn't eliminate,-0.4972574374284861,8.0,18.0
severely,-0.4972574374284861,8.0,18.0
and driving,-0.4972574374284861,8.0,18.0
many employers,-0.4972574374284861,8.0,18.0
5'7,-0.4972574374284861,8.0,18.0
000 30,-0.4972574374284861,8.0,18.0
value and,-0.4972574374284861,8.0,18.0
areas but,-0.4972574374284861,8.0,18.0
ages,-0.4972574374284861,8.0,18.0
and large,-0.4972574374284861,8.0,18.0
last resort,-0.4972574374284861,8.0,18.0
irregular,-0.4972574374284861,8.0,18.0
prove causation,-0.4972574374284861,8.0,18.0
timing,-0.49861726574706394,160.0,271.0
misting,-0.4987458541483358,18.0,36.0
danger,-0.4987458541483358,18.0,36.0
a recommended,-0.4987458541483358,18.0,36.0
or if,-0.4988091434666843,36.0,67.0
learners,-0.499361279589993,22.0,43.0
preferred,-0.499361279589993,22.0,43.0
with water,-0.499361279589993,22.0,43.0
considered,-0.5008414977195523,131.0,224.0
the 30,-0.503212976392547,26.0,50.0
wake,-0.5032522942373544,33.0,62.0
faster and,-0.503854334619414,14.0,29.0
most users,-0.503854334619414,14.0,29.0
are effective,-0.503854334619414,14.0,29.0
iu daily,-0.503854334619414,14.0,29.0
up your,-0.503854334619414,14.0,29.0
reaches,-0.503854334619414,14.0,29.0
below safety,-0.503854334619414,14.0,29.0
light is,-0.503854334619414,14.0,29.0
not allowed,-0.503854334619414,14.0,29.0
closer,-0.503854334619414,14.0,29.0
inspect the,-0.503854334619414,14.0,29.0
metal,-0.5051744829319893,107.0,185.0
that helps,-0.508651783145441,9.0,20.0
rank,-0.508651783145441,9.0,20.0
clearer,-0.508651783145441,9.0,20.0
outcomes the,-0.508651783145441,9.0,20.0
daytime,-0.508651783145441,9.0,20.0
recipe,-0.508651783145441,9.0,20.0
and review,-0.508651783145441,9.0,20.0
can run,-0.508651783145441,9.0,20.0
for overall,-0.508651783145441,9.0,20.0
jurisdictions require,-0.508651783145441,9.0,20.0
transmissions,-0.508651783145441,9.0,20.0
charge management,-0.508651783145441,9.0,20.0
sensor is,-0.508651783145441,9.0,20.0
contribution,-0.508651783145441,9.0,20.0
space used,-0.508651783145441,9.0,20.0
the threshold,-0.508651783145441,9.0,20.0
human studies,-0.508651783145441,9.0,20.0
matter and,-0.508651783145441,9.0,20.0
water from,-0.508651783145441,9.0,20.0
possible in,-0.508651783145441,9.0,20.0
soils,-0.508651783145441,9.0,20.0
impact on,-0.508651783145441,9.0,20.0
placement and,-0.508651783145441,9.0,20.0
should ask,-0.508651783145441,9.0,20.0
is supported,-0.508651783145441,9.0,20.0
bottleneck,-0.508651783145441,9.0,20.0
standing,-0.511490438428833,62.0,111.0
bed,-0.5117465306048988,65.0,116.0
black,-0.5117465306048988,65.0,116.0
premium,-0.5118231507110792,56.0,101.0
kept,-0.5124133191618079,19.0,38.0
to maintain,-0.5124133191618079,19.0,38.0
the term,-0.5124133191618079,19.0,38.0
that many,-0.5129142237391296,23.0,45.0
the percentage,-0.5129142237391296,23.0,45.0
roles,-0.5151840487421916,47.0,86.0
contribute,-0.5151840487421916,47.0,86.0
is rarely,-0.5164752183246843,27.0,52.0
your area,-0.5164752183246843,27.0,52.0
legally required,-0.517169230449235,15.0,31.0
properties and,-0.517169230449235,15.0,31.0
hides your,-0.517169230449235,15.0,31.0
leaching,-0.517169230449235,15.0,31.0
dim,-0.517169230449235,15.0,31.0
heat but,-0.517169230449235,15.0,31.0
charge for,-0.5202211657943763,10.0,22.0
high temperatures,-0.5202211657943763,10.0,22.0
his time,-0.5202211657943763,10.0,22.0
reds,-0.5202211657943763,10.0,22.0
settle,-0.5202211657943763,10.0,22.0
credit is,-0.5202211657943763,10.0,22.0
seats,-0.5202211657943763,10.0,22.0
may slow,-0.5202211657943763,10.0,22.0
ev batteries,-0.5202211657943763,10.0,22.0
for leaks,-0.5202211657943763,10.0,22.0
builds,-0.5202211657943763,10.0,22.0
spikes,-0.5202211657943763,10.0,22.0
3 to,-0.5202211657943763,10.0,22.0
balance is,-0.5202211657943763,10.0,22.0
moss,-0.5202211657943763,10.0,22.0
also a,-0.5202211657943763,10.0,22.0
but has,-0.5202211657943763,10.0,22.0
funds underperform,-0.5202211657943763,10.0,22.0
mushrooms,-0.5202211657943763,10.0,22.0
sensors,-0.5224632611400719,63.0,113.0
cosmetic,-0.5238951382777632,38.0,71.0
7 500,-0.5251902279690616,51.0,93.0
expiration,-0.5257256546703815,20.0,40.0
the light,-0.5257256546703815,20.0,40.0
increase in,-0.5257256546703815,20.0,40.0
between the,-0.5257256546703815,20.0,40.0
themselves,-0.5257256546703815,20.0,40.0
slightly reduce,-0.5261263207090475,24.0,47.0
to an,-0.5261263207090475,24.0,47.0
gains,-0.5292500280625417,45.0,83.0
accidents,-0.5301758714875613,16.0,33.0
8gb,-0.5301758714875613,16.0,33.0
faster than,-0.5301758714875613,16.0,33.0
180,-0.5301758714875613,16.0,33.0
around the,-0.5301758714875613,16.0,33.0
overinflation,-0.5301758714875613,16.0,33.0
bands,-0.5301758714875613,16.0,33.0
linking,-0.5301758714875613,16.0,33.0
on porous,-0.5301758714875613,16.0,33.0
map,-0.5301758714875613,16.0,33.0
auto parts,-0.5318475043993084,11.0,24.0
or very,-0.5318475043993084,11.0,24.0
managing,-0.5318475043993084,11.0,24.0
types of,-0.5318475043993084,11.0,24.0
traction and,-0.5318475043993084,11.0,24.0
9 hours,-0.5318475043993084,11.0,24.0
the service,-0.5318475043993084,11.0,24.0
gram,-0.5318475043993084,11.0,24.0
not considered,-0.5318475043993084,11.0,24.0
mattresses,-0.5318475043993084,11.0,24.0
language learning,-0.5318475043993084,11.0,24.0
or better,-0.5318475043993084,11.0,24.0
the surface,-0.5345564497315868,32.0,61.0
20 20,-0.5345564497315868,32.0,61.0
lacks,-0.5387091887123338,21.0,42.0
protected,-0.5387091887123338,21.0,42.0
for small,-0.5387091887123338,21.0,42.0
offsite,-0.5387091887123338,21.0,42.0
it at,-0.5387091887123338,21.0,42.0
system is,-0.5387091887123338,21.0,42.0
places,-0.5389618017375284,130.0,224.0
cracking,-0.5390216735422945,25.0,49.0
that should,-0.5390216735422945,25.0,49.0
best guide,-0.5428920235483574,17.0,35.0
resting,-0.5428920235483574,17.0,35.0
intermittent fasting,-0.5428920235483574,17.0,35.0
but real,-0.5428920235483574,17.0,35.0
a scientific,-0.5434556915474407,12.0,26.0
particular,-0.5434556915474407,12.0,26.0
taping,-0.5434556915474407,12.0,26.0
parties,-0.5434556915474407,12.0,26.0
not strictly,-0.5434556915474407,12.0,26.0
result in,-0.5434556915474407,12.0,26.0
pound,-0.5434556915474407,12.0,26.0
cereal,-0.5434556915474407,12.0,26.0
d synthesis,-0.5434556915474407,12.0,26.0
for those,-0.5434556915474407,12.0,26.0
contacts,-0.5434556915474407,12.0,26.0
agreement,-0.5440817802226079,43.0,80.0
flood,-0.5451735431654655,59.0,107.0
remain,-0.5462949438046931,56.0,102.0
existing,-0.5480936283150772,89.0,157.0
step,-0.5490266730263299,109.0,190.0
source of,-0.5513871486789944,22.0,44.0
soil ph,-0.5513871486789944,22.0,44.0
gps,-0.5513871486789944,22.0,44.0
pre existing,-0.5516217034896697,26.0,51.0
more reliable,-0.551746427553301,126.0,218.0
crack,-0.5524488580172857,47.0,87.0
fuel,-0.5538541133670004,175.0,298.0
stages,-0.5542193471584927,69.0,124.0
compress,-0.5544714768882739,30.0,58.0
diets,-0.5548129870607371,104.0,182.0
including a,-0.5549973594321566,13.0,28.0
a free,-0.5549973594321566,13.0,28.0
modern synthetic,-0.5549973594321566,13.0,28.0
model is,-0.5549973594321566,13.0,28.0
in specific,-0.5549973594321566,13.0,28.0
are good,-0.5549973594321566,13.0,28.0
ice cube,-0.5549973594321566,13.0,28.0
lowering,-0.5549973594321566,13.0,28.0
activity and,-0.5549973594321566,13.0,28.0
for general,-0.5553342863502728,18.0,37.0
dye,-0.5553342863502728,18.0,37.0
react,-0.5553342863502728,18.0,37.0
two years,-0.5553342863502728,18.0,37.0
every 3,-0.5553342863502728,18.0,37.0
starts,-0.5553342863502728,18.0,37.0
spacing,-0.5553342863502728,18.0,37.0
invisible,-0.5553342863502728,18.0,37.0
pregnancy,-0.5597577370248098,41.0,77.0
designed,-0.5602904236106564,127.0,220.0
discharges and,-0.5632507461419187,6.0,15.0
correlations,-0.5632507461419187,6.0,15.0
am,-0.5632507461419187,6.0,15.0
especially when,-0.5632507461419187,6.0,15.0
and very,-0.5632507461419187,6.0,15.0
drive and,-0.5632507461419187,6.0,15.0
with clear,-0.5632507461419187,6.0,15.0
local extension,-0.5632507461419187,6.0,15.0
to two,-0.5632507461419187,6.0,15.0
days of,-0.5632507461419187,6.0,15.0
a daily,-0.5632507461419187,6.0,15.0
ergonomics,-0.5632507461419187,6.0,15.0
show whether,-0.5632507461419187,6.0,15.0
adequate protein,-0.5632507461419187,6.0,15.0
adequate for,-0.5632507461419187,6.0,15.0
for 3,-0.5632507461419187,6.0,15.0
data you,-0.5632507461419187,6.0,15.0
80 percent,-0.5632507461419187,6.0,15.0
radiation from,-0.5632507461419187,6.0,15.0
replacement costs,-0.5632507461419187,6.0,15.0
amounts are,-0.5632507461419187,6.0,15.0
cancer in,-0.5632507461419187,6.0,15.0
at specific,-0.5632507461419187,6.0,15.0
experienced professionals,-0.5632507461419187,6.0,15.0
phone number,-0.5632507461419187,6.0,15.0
typical use,-0.5632507461419187,6.0,15.0
are unnecessary,-0.5632507461419187,6.0,15.0
returns and,-0.5632507461419187,6.0,15.0
applied to,-0.5632507461419187,6.0,15.0
patterns and,-0.5632507461419187,6.0,15.0
and white,-0.5632507461419187,6.0,15.0
quickly but,-0.5632507461419187,6.0,15.0
the balance,-0.5632507461419187,6.0,15.0
research generally,-0.5632507461419187,6.0,15.0
if moisture,-0.5632507461419187,6.0,15.0
a schedule,-0.5632507461419187,6.0,15.0
a landlord,-0.5632507461419187,6.0,15.0
poor sleep,-0.5632507461419187,6.0,15.0
step is,-0.5632507461419187,6.0,15.0
on industry,-0.5632507461419187,6.0,15.0
as an,-0.5637647025893232,48.0,89.0
exchange,-0.563945546523737,27.0,53.0
statistic,-0.563945546523737,27.0,53.0
idle,-0.563945546523737,27.0,53.0
need replacement,-0.563945546523737,27.0,53.0
but most,-0.5647594741512451,38.0,72.0
many modern,-0.5647594741512451,38.0,72.0
many places,-0.5649253887503063,67.0,121.0
beyond the,-0.5664412860240574,14.0,30.0
and stress,-0.5664412860240574,14.0,30.0
rates are,-0.5664412860240574,14.0,30.0
level and,-0.5664412860240574,14.0,30.0
advises against,-0.5664412860240574,14.0,30.0
a dedicated,-0.5666008905103529,31.0,60.0
years is,-0.5666008905103529,31.0,60.0
30 days,-0.5666008905103529,31.0,60.0
established,-0.5669244035037885,111.0,194.0
cloud,-0.5671888485107495,91.0,161.0
zero,-0.5671888485107495,91.0,161.0
food contact,-0.5675180700196204,19.0,39.0
to one,-0.5675180700196204,19.0,39.0
for local,-0.5684637306327553,7.0,17.0
factors and,-0.5684637306327553,7.0,17.0
the appropriate,-0.5684637306327553,7.0,17.0
the no,-0.5684637306327553,7.0,17.0
shocks,-0.5684637306327553,7.0,17.0
technician,-0.5684637306327553,7.0,17.0
year and,-0.5684637306327553,7.0,17.0
the gap,-0.5684637306327553,7.0,17.0
is consistent,-0.5684637306327553,7.0,17.0
the book,-0.5684637306327553,7.0,17.0
3 weeks,-0.5684637306327553,7.0,17.0
apply for,-0.5684637306327553,7.0,17.0
for cold,-0.5684637306327553,7.0,17.0
relationship is,-0.5684637306327553,7.0,17.0
can review,-0.5684637306327553,7.0,17.0
over several,-0.5684637306327553,7.0,17.0
expenses and,-0.5684637306327553,7.0,17.0
your rights,-0.5684637306327553,7.0,17.0
many older,-0.5684637306327553,7.0,17.0
and keeping,-0.5684637306327553,7.0,17.0
origin,-0.5684637306327553,7.0,17.0
the government,-0.5684637306327553,7.0,17.0
service can,-0.5684637306327553,7.0,17.0
on jurisdiction,-0.5684637306327553,7.0,17.0
specific rules,-0.5684637306327553,7.0,17.0
a warranty,-0.5684637306327553,7.0,17.0
every year,-0.5684637306327553,7.0,17.0
antiperspirant,-0.5684637306327553,7.0,17.0
anxiety but,-0.5684637306327553,7.0,17.0
a standard,-0.5720754662481933,52.0,96.0
a long,-0.5749022842780316,49.0,91.0
then the,-0.5751582689079037,8.0,19.0
proofing,-0.5751582689079037,8.0,19.0
sensitivity and,-0.5751582689079037,8.0,19.0
tools can,-0.5751582689079037,8.0,19.0
supervised,-0.5751582689079037,8.0,19.0
a law,-0.5751582689079037,8.0,19.0
7 9,-0.5751582689079037,8.0,19.0
let you,-0.5751582689079037,8.0,19.0
open the,-0.5751582689079037,8.0,19.0
less common,-0.5751582689079037,8.0,19.0
dog's weight,-0.5751582689079037,8.0,19.0
30 year,-0.5751582689079037,8.0,19.0
with soap,-0.5751582689079037,8.0,19.0
was around,-0.5751582689079037,8.0,19.0
meets the,-0.5751582689079037,8.0,19.0
the latest,-0.5751582689079037,8.0,19.0
fixed schedule,-0.5751582689079037,8.0,19.0
management that,-0.5751582689079037,8.0,19.0
with poor,-0.5751582689079037,8.0,19.0
collapse,-0.5751582689079037,8.0,19.0
worst,-0.5751582689079037,8.0,19.0
as they,-0.5751582689079037,8.0,19.0
immigration website,-0.5751582689079037,8.0,19.0
for french,-0.5751582689079037,8.0,19.0
and recovery,-0.5751582689079037,8.0,19.0
an electrician,-0.5751582689079037,8.0,19.0
by individual,-0.5751582689079037,8.0,19.0
or on,-0.5751582689079037,8.0,19.0
responsible for,-0.5751582689079037,8.0,19.0
000 hour,-0.5751582689079037,8.0,19.0
is small,-0.5752069953204196,68.0,123.0
counts,-0.5759065881570757,24.0,48.0
class,-0.5760103780094614,28.0,55.0
a structural,-0.577767509559253,15.0,32.0
airport,-0.577767509559253,15.0,32.0
protection is,-0.577767509559253,15.0,32.0
risk depends,-0.577767509559253,15.0,32.0
courses,-0.577767509559253,15.0,32.0
washer,-0.577767509559253,15.0,32.0
hard water,-0.578488376180729,32.0,62.0
circumstances,-0.578488376180729,32.0,62.0
the filter,-0.578488376180729,32.0,62.0
side,-0.5790354767148455,132.0,229.0
driver's,-0.5794576302192773,20.0,41.0
applicant,-0.5794576302192773,20.0,41.0
primarily,-0.5794576302192773,20.0,41.0
use but,-0.5794576302192773,20.0,41.0
but i,-0.582571920772722,36.0,69.0
useful for,-0.5826209785803218,43.0,81.0
nighttime,-0.5828324351756804,9.0,21.0
drive in,-0.5828324351756804,9.0,21.0
a set,-0.5828324351756804,9.0,21.0
protection and,-0.5828324351756804,9.0,21.0
materials like,-0.5828324351756804,9.0,21.0
higher octane,-0.5828324351756804,9.0,21.0
home remedies,-0.5828324351756804,9.0,21.0
shopping,-0.5828324351756804,9.0,21.0
indoor humidity,-0.5828324351756804,9.0,21.0
stop charging,-0.5828324351756804,9.0,21.0
and device,-0.5828324351756804,9.0,21.0
the account,-0.5828324351756804,9.0,21.0
and regularly,-0.5828324351756804,9.0,21.0
tests are,-0.5828324351756804,9.0,21.0
the denial,-0.5828324351756804,9.0,21.0
metallic,-0.5828324351756804,9.0,21.0
associated diarrhea,-0.5828324351756804,9.0,21.0
temperature is,-0.5828324351756804,9.0,21.0
visits,-0.5828324351756804,9.0,21.0
moderate caffeine,-0.5828324351756804,9.0,21.0
you're in,-0.5828324351756804,9.0,21.0
and nutrient,-0.5828324351756804,9.0,21.0
probate,-0.5828324351756804,9.0,21.0
deaths,-0.5828324351756804,9.0,21.0
a diagnostic,-0.5828324351756804,9.0,21.0
your ip,-0.5877829625913895,25.0,50.0
quality of,-0.5877829625913895,25.0,50.0
a range,-0.5877829625913895,25.0,50.0
with proper,-0.5877829625913895,25.0,50.0
spectrum,-0.5889636039286076,16.0,34.0
terms,-0.5890541460542847,217.0,368.0
indoor,-0.5891368600034272,60.0,110.0
water quality,-0.5901474363948277,33.0,64.0
at night,-0.5901474363948277,33.0,64.0
regulatory,-0.5901474363948277,33.0,64.0
compressed,-0.5911648279620262,10.0,23.0
keeping it,-0.5911648279620262,10.0,23.0
than 10,-0.5911648279620262,10.0,23.0
guests,-0.5911648279620262,10.0,23.0
rotating,-0.5911648279620262,10.0,23.0
grading,-0.5911648279620262,10.0,23.0
tested to,-0.5911648279620262,10.0,23.0
doubt,-0.5911648279620262,10.0,23.0
more common,-0.5911648279620262,10.0,23.0
signs like,-0.5911648279620262,10.0,23.0
recovery is,-0.5911648279620262,10.0,23.0
syndrome,-0.5911648279620262,10.0,23.0
can break,-0.5911648279620262,10.0,23.0
antibiotic associated,-0.5911648279620262,10.0,23.0
boiling point,-0.5911648279620262,10.0,23.0
may take,-0.5911648279620262,10.0,23.0
lowers,-0.5911648279620262,10.0,23.0
the small,-0.5911648279620262,10.0,23.0
life and,-0.5911648279620262,10.0,23.0
epa registered,-0.5911648279620262,10.0,23.0
uncommon,-0.5911648279620262,10.0,23.0
in settings,-0.5911648279620262,10.0,23.0
deny,-0.5911648279620262,10.0,23.0
miles the,-0.5911648279620262,10.0,23.0
is strong,-0.5911648279620262,10.0,23.0
the new,-0.5911661326434375,21.0,43.0
the minimum,-0.5911661326434375,21.0,43.0
flags,-0.5911661326434375,21.0,43.0
clearly,-0.5911661326434375,21.0,43.0
cannot,-0.5938109361599917,244.0,412.0
your credit,-0.5940178020074369,37.0,71.0
release,-0.5964307961308314,67.0,122.0
can only,-0.5994234679409256,30.0,59.0
cooked,-0.5994234679409256,30.0,59.0
techniques,-0.5994241366887963,26.0,52.0
dosing,-0.5994241366887963,26.0,52.0
injected,-0.5999417672773568,11.0,25.0
a properly,-0.5999417672773568,11.0,25.0
normal and,-0.5999417672773568,11.0,25.0
reheating,-0.5999417672773568,11.0,25.0
life but,-0.5999417672773568,11.0,25.0
a deposit,-0.5999417672773568,11.0,25.0
a first,-0.5999417672773568,11.0,25.0
filters are,-0.5999417672773568,11.0,25.0
role and,-0.5999417672773568,11.0,25.0
damage to,-0.5999417672773568,11.0,25.0
boundaries,-0.5999417672773568,11.0,25.0
evidence on,-0.6000222592176123,17.0,36.0
it uses,-0.6000222592176123,17.0,36.0
culture,-0.6000222592176123,17.0,36.0
deduct the,-0.6000222592176123,17.0,36.0
from screens,-0.6026557303549481,22.0,45.0
fixing,-0.6026557303549481,22.0,45.0
specification,-0.6026557303549481,22.0,45.0
between 20,-0.6026557303549481,22.0,45.0
cases,-0.6037169201879918,135.0,235.0
a significant,-0.6047368303336234,45.0,85.0
mixing,-0.605263125239532,38.0,73.0
mention,-0.606450041469092,68.0,124.0
not damage,-0.6090169130583719,12.0,27.0
abrasion,-0.6090169130583719,12.0,27.0
the client,-0.6090169130583719,12.0,27.0
escape,-0.6090169130583719,12.0,27.0
balance and,-0.6090169130583719,12.0,27.0
to handle,-0.6090169130583719,12.0,27.0
constantly,-0.6090169130583719,12.0,27.0
renters,-0.6090169130583719,12.0,27.0
is necessary,-0.6090169130583719,12.0,27.0
reach the,-0.6090169130583719,12.0,27.0
outweighs,-0.6090169130583719,12.0,27.0
conservative,-0.6100092080290437,42.0,80.0
call the,-0.6108435576154795,27.0,54.0
genuine,-0.6108435576154795,27.0,54.0
jump,-0.6109396750164379,18.0,38.0
engineer,-0.6109396750164379,18.0,38.0
yogurt,-0.6109396750164379,18.0,38.0
keyword,-0.6109396750164379,18.0,38.0
payment,-0.6120750083338345,161.0,278.0
for 10,-0.6139376446959558,23.0,47.0
it the,-0.6146017141663769,56.0,104.0
feeding,-0.6155349326249305,46.0,87.0
formula,-0.6178115798315865,53.0,99.0
people are,-0.6182876418828253,13.0,29.0
graduated,-0.6182876418828253,13.0,29.0
rated for,-0.6182876418828253,13.0,29.0
as fast,-0.6182876418828253,13.0,29.0
the quality,-0.6182876418828253,13.0,29.0
sole,-0.6182876418828253,13.0,29.0
cube,-0.6182876418828253,13.0,29.0
orchids,-0.6182876418828253,13.0,29.0
but that,-0.6197988826830029,63.0,116.0
that's a,-0.620861711381901,694.0,1135.0
the business,-0.6217144733787592,19.0,40.0
many countries,-0.6220534380733104,28.0,56.0
data is,-0.6250222446851902,24.0,49.0
leads,-0.6250222446851902,24.0,49.0
accepted,-0.6271903656064758,40.0,77.0
more efficient,-0.6276806104813316,14.0,31.0
seller's,-0.6276806104813316,14.0,31.0
lift,-0.6276806104813316,14.0,31.0
public wifi,-0.6276806104813316,14.0,31.0
credentials,-0.6276806104813316,14.0,31.0
with specific,-0.6276806104813316,14.0,31.0
the embassy,-0.6276806104813316,14.0,31.0
immersion,-0.6323469516929668,20.0,42.0
after the,-0.6329435475365001,33.0,65.0
box,-0.6329435475365001,33.0,65.0
the safe,-0.6330649093584321,29.0,58.0
thin,-0.6347307428484528,37.0,72.0
sensor,-0.635585125434122,153.0,266.0
effect of,-0.6359191222430364,25.0,51.0
pass,-0.6359191222430364,25.0,51.0
legal advice,-0.6371426058686914,15.0,33.0
the concern,-0.6371426058686914,15.0,33.0
the size,-0.6371426058686914,15.0,33.0
constant,-0.6371426058686914,15.0,33.0
soil,-0.6401940700496898,314.0,528.0
upper,-0.6420561502804446,45.0,86.0
clinical evidence,-0.6423288638248654,52.0,98.0
waking,-0.6428385623670435,21.0,44.0
years but,-0.6428385623670435,21.0,44.0
of hours,-0.6428385623670435,21.0,44.0
saves,-0.6428385623670435,21.0,44.0
canned,-0.6428385623670435,21.0,44.0
soft inquiry,-0.6438881508517139,30.0,60.0
give a,-0.6454131663937416,38.0,74.0
no difference,-0.6466345642995138,16.0,35.0
to sell,-0.6466345642995138,16.0,35.0
against the,-0.6466345642995138,16.0,35.0
been studied,-0.6466345642995138,16.0,35.0
breast cancer,-0.6466345642995138,16.0,35.0
anonymity,-0.6466345642995138,16.0,35.0
of all,-0.6466345642995138,16.0,35.0
except,-0.6466345642995138,16.0,35.0
in hot,-0.6466345642995138,16.0,35.0
screen brightness,-0.6466345642995138,16.0,35.0
your tax,-0.6466345642995138,16.0,35.0
movement and,-0.6466371619953042,26.0,53.0
limiting,-0.6466371619953042,26.0,53.0
vocabulary,-0.6466371619953042,26.0,53.0
denial,-0.6466371619953042,26.0,53.0
oil change,-0.6466371619953042,26.0,53.0
impact the,-0.6468219538383457,6.0,16.0
or small,-0.6468219538383457,6.0,16.0
and hard,-0.6468219538383457,6.0,16.0
credible study,-0.6468219538383457,6.0,16.0
interval depends,-0.6468219538383457,6.0,16.0
observed,-0.6468219538383457,6.0,16.0
law in,-0.6468219538383457,6.0,16.0
evidence that's,-0.6468219538383457,6.0,16.0
frequency and,-0.6468219538383457,6.0,16.0
outperform a,-0.6468219538383457,6.0,16.0
and shoe,-0.6468219538383457,6.0,16.0
and job,-0.6468219538383457,6.0,16.0
not one,-0.6468219538383457,6.0,16.0
in clinical,-0.6468219538383457,6.0,16.0
standard but,-0.6468219538383457,6.0,16.0
for beginners,-0.6468219538383457,6.0,16.0
smart home,-0.6468219538383457,6.0,16.0
general rule,-0.6468219538383457,6.0,16.0
check battery,-0.6468219538383457,6.0,16.0
and app,-0.6468219538383457,6.0,16.0
but later,-0.6468219538383457,6.0,16.0
humans and,-0.6468219538383457,6.0,16.0
iphone,-0.6468219538383457,6.0,16.0
years with,-0.6468219538383457,6.0,16.0
low power,-0.6468219538383457,6.0,16.0
40 60,-0.6468219538383457,6.0,16.0
inflation is,-0.6468219538383457,6.0,16.0
plan's,-0.6468219538383457,6.0,16.0
that time,-0.6468219538383457,6.0,16.0
back and,-0.6468219538383457,6.0,16.0
kits can,-0.6468219538383457,6.0,16.0
but causation,-0.6468219538383457,6.0,16.0
received,-0.6468219538383457,6.0,16.0
on context,-0.6468219538383457,6.0,16.0
your income,-0.6468219538383457,6.0,16.0
meal timing,-0.6468219538383457,6.0,16.0
but full,-0.6468219538383457,6.0,16.0
a research,-0.6468219538383457,6.0,16.0
perform better,-0.6468219538383457,6.0,16.0
can estimate,-0.6468219538383457,6.0,16.0
by study,-0.6468219538383457,6.0,16.0
topic,-0.6468219538383457,6.0,16.0
beats,-0.6468219538383457,6.0,16.0
from websites,-0.6468219538383457,6.0,16.0
score only,-0.6468219538383457,6.0,16.0
and time,-0.6469752654139383,49.0,93.0
video,-0.6471824433320624,69.0,127.0
but moderate,-0.6475455407144285,7.0,18.0
reason for,-0.6475455407144285,7.0,18.0
or for,-0.6475455407144285,7.0,18.0
unenforceable,-0.6475455407144285,7.0,18.0
knock,-0.6475455407144285,7.0,18.0
thickness and,-0.6475455407144285,7.0,18.0
is relatively,-0.6475455407144285,7.0,18.0
recovery and,-0.6475455407144285,7.0,18.0
engineer can,-0.6475455407144285,7.0,18.0
report is,-0.6475455407144285,7.0,18.0
a slow,-0.6475455407144285,7.0,18.0
can allow,-0.6475455407144285,7.0,18.0
quarter,-0.6475455407144285,7.0,18.0
rates can,-0.6475455407144285,7.0,18.0
plan the,-0.6475455407144285,7.0,18.0
but 10,-0.6475455407144285,7.0,18.0
home used,-0.6475455407144285,7.0,18.0
the site,-0.6475455407144285,7.0,18.0
coolants,-0.6475455407144285,7.0,18.0
work no,-0.6475455407144285,7.0,18.0
for decades,-0.6475455407144285,7.0,18.0
the age,-0.6475455407144285,7.0,18.0
lever,-0.6475455407144285,7.0,18.0
shelf life,-0.6475455407144285,7.0,18.0
learned,-0.6475455407144285,7.0,18.0
after eating,-0.6475455407144285,7.0,18.0
free diet,-0.6475455407144285,7.0,18.0
views,-0.6475455407144285,7.0,18.0
above average,-0.6475455407144285,7.0,18.0
incorrectly,-0.6475455407144285,7.0,18.0
reviewed the,-0.6475455407144285,7.0,18.0
patched,-0.6475455407144285,7.0,18.0
personal use,-0.6475455407144285,7.0,18.0
authorized,-0.6475455407144285,7.0,18.0
it has,-0.6484231790089358,42.0,81.0
sheets,-0.6484231790089358,42.0,81.0
lens,-0.6493387495360288,66.0,122.0
3 hours,-0.6503879012632208,8.0,20.0
calculate the,-0.6503879012632208,8.0,20.0
giving a,-0.6503879012632208,8.0,20.0
overestimate,-0.6503879012632208,8.0,20.0
wired connection,-0.6503879012632208,8.0,20.0
and produce,-0.6503879012632208,8.0,20.0
better supported,-0.6503879012632208,8.0,20.0
with different,-0.6503879012632208,8.0,20.0
sanitizing,-0.6503879012632208,8.0,20.0
address and,-0.6503879012632208,8.0,20.0
a conservative,-0.6503879012632208,8.0,20.0
always some,-0.6503879012632208,8.0,20.0
pad material,-0.6503879012632208,8.0,20.0
a clinical,-0.6503879012632208,8.0,20.0
a visa,-0.6503879012632208,8.0,20.0
a copy,-0.6503879012632208,8.0,20.0
law or,-0.6503879012632208,8.0,20.0
wasn't,-0.6503879012632208,8.0,20.0
from applying,-0.6503879012632208,8.0,20.0
filter replacement,-0.6503879012632208,8.0,20.0
may indicate,-0.6503879012632208,8.0,20.0
research supports,-0.6503879012632208,8.0,20.0
are one,-0.6503879012632208,8.0,20.0
higher pressure,-0.6503879012632208,8.0,20.0
bacillus cereus,-0.6503879012632208,8.0,20.0
anchor the,-0.6503879012632208,8.0,20.0
and phone,-0.6503879012632208,8.0,20.0
10 year,-0.6503879012632208,8.0,20.0
they use,-0.653191546518129,22.0,46.0
damage is,-0.653191546518129,22.0,46.0
vary but,-0.653191546518129,22.0,46.0
experts recommend,-0.6547132800374141,9.0,22.0
outdated and,-0.6547132800374141,9.0,22.0
nationality,-0.6547132800374141,9.0,22.0
method and,-0.6547132800374141,9.0,22.0
and engines,-0.6547132800374141,9.0,22.0
tpms sensors,-0.6547132800374141,9.0,22.0
exclusively and,-0.6547132800374141,9.0,22.0
and movement,-0.6547132800374141,9.0,22.0
at 3,-0.6547132800374141,9.0,22.0
specific model,-0.6547132800374141,9.0,22.0
is appropriate,-0.6547132800374141,9.0,22.0
spike,-0.6547132800374141,9.0,22.0
is below,-0.6547132800374141,9.0,22.0
a percentage,-0.6547132800374141,9.0,22.0
certified for,-0.6547132800374141,9.0,22.0
per month,-0.6547132800374141,9.0,22.0
trimming,-0.6547132800374141,9.0,22.0
for typical,-0.6547132800374141,9.0,22.0
the care,-0.6547132800374141,9.0,22.0
shorter intervals,-0.6547132800374141,9.0,22.0
are widely,-0.6547132800374141,9.0,22.0
with local,-0.6547132800374141,9.0,22.0
not safety,-0.6547132800374141,9.0,22.0
started,-0.6547132800374141,9.0,22.0
the cold,-0.6559274995417137,39.0,76.0
the cost,-0.6559274995417137,39.0,76.0
team,-0.656127556771849,17.0,37.0
every 5,-0.656127556771849,17.0,37.0
from food,-0.656127556771849,17.0,37.0
disable,-0.656127556771849,17.0,37.0
sleep training,-0.6571584515645311,50.0,95.0
a general,-0.6571846052183735,27.0,55.0
blocks,-0.6571846052183735,27.0,55.0
provides a,-0.6601015225669401,10.0,24.0
unexpected,-0.6601015225669401,10.0,24.0
chips,-0.6601015225669401,10.0,24.0
or professional,-0.6601015225669401,10.0,24.0
keys,-0.6601015225669401,10.0,24.0
mites,-0.6601015225669401,10.0,24.0
charging to,-0.6601015225669401,10.0,24.0
players,-0.6601015225669401,10.0,24.0
your browser,-0.6601015225669401,10.0,24.0
index,-0.6626342151542577,47.0,90.0
they may,-0.6628785438287603,165.0,287.0
the maximum,-0.6634086738393276,23.0,48.0
ceramic,-0.6647954566418098,36.0,71.0
spores,-0.6656000320607258,18.0,39.0
storm,-0.6656000320607258,18.0,39.0
adjusting,-0.6656000320607258,18.0,39.0
targeted,-0.6656000320607258,18.0,39.0
also use,-0.6656000320607258,18.0,39.0
access point,-0.6662647436243939,11.0,26.0
you drive,-0.6662647436243939,11.0,26.0
expiry,-0.6662647436243939,11.0,26.0
small temporary,-0.6662647436243939,11.0,26.0
first offer,-0.6662647436243939,11.0,26.0
used regularly,-0.6662647436243939,11.0,26.0
most studies,-0.6662647436243939,11.0,26.0
safer choice,-0.6662647436243939,11.0,26.0
wake word,-0.6662647436243939,11.0,26.0
in lab,-0.6662647436243939,11.0,26.0
the pattern,-0.6662647436243939,11.0,26.0
account,-0.6668669967668972,114.0,203.0
caution,-0.6672027319387972,51.0,97.0
powder,-0.6675691079468908,28.0,57.0
alone is,-0.6682036329224881,58.0,109.0
broad,-0.6684606172343855,68.0,126.0
are recommended,-0.6729998294474748,12.0,28.0
versions,-0.6729998294474748,12.0,28.0
we,-0.6729998294474748,12.0,28.0
polite,-0.6729998294474748,12.0,28.0
election,-0.673493056655595,24.0,50.0
inspection can,-0.6750358851428143,19.0,41.0
conditions and,-0.6750358851428143,19.0,41.0
recall,-0.6750824140452775,37.0,73.0
electric,-0.675318217638736,33.0,66.0
letter,-0.675318217638736,33.0,66.0
placement,-0.6755287792147853,94.0,170.0
heavily,-0.6771133218888961,52.0,99.0
the full,-0.6771133218888961,52.0,99.0
shampoos,-0.6771133218888961,52.0,99.0
retain,-0.6777977935122581,29.0,59.0
and only,-0.6777977935122581,29.0,59.0
caution against,-0.6801599825627764,13.0,30.0
itemized,-0.6801599825627764,13.0,30.0
driver's door,-0.6801599825627764,13.0,30.0
idea of,-0.6801599825627764,13.0,30.0
pressure not,-0.6801599825627764,13.0,30.0
the 80,-0.6801599825627764,13.0,30.0
each other,-0.6801599825627764,13.0,30.0
appreciate,-0.6801599825627764,13.0,30.0
people may,-0.6801599825627764,13.0,30.0
info,-0.6801599825627764,13.0,30.0
stable,-0.6826412635093808,49.0,94.0
casual,-0.6844230799279738,20.0,43.0
accelerate,-0.6844230799279738,20.0,43.0
red flags,-0.6844230799279738,20.0,43.0
thermostat,-0.6844230799279738,20.0,43.0
controlled studies,-0.685216472244659,38.0,75.0
metabolic,-0.685216472244659,38.0,75.0
story,-0.6854748377887968,34.0,68.0
about the,-0.6865345449977751,42.0,82.0
5 10,-0.6865345449977751,42.0,82.0
particles,-0.6865345449977751,42.0,82.0
real world,-0.6871575027732835,70.0,130.0
a realistic,-0.6876369575926135,14.0,32.0
alone doesn't,-0.6876369575926135,14.0,32.0
avoidance,-0.6876369575926135,14.0,32.0
credit report,-0.6876369575926135,14.0,32.0
walk,-0.6876369575926135,14.0,32.0
riding,-0.6876369575926135,14.0,32.0
advertising,-0.6876369575926135,14.0,32.0
child,-0.6924443230994017,50.0,96.0
managed,-0.6932769877178703,26.0,54.0
ink,-0.6932769877178703,26.0,54.0
advantage,-0.6937526518690998,21.0,45.0
through a,-0.6937526518690998,21.0,45.0
substances,-0.6937526518690998,21.0,45.0
lime,-0.6953495800063113,15.0,34.0
reveal,-0.6953495800063113,15.0,34.0
can't verify,-0.6953495800063113,15.0,34.0
voice,-0.6954832011735231,35.0,70.0
tolerance,-0.6978138223904544,31.0,63.0
handling,-0.6978138223904544,31.0,63.0
food and,-0.6978138223904544,31.0,63.0
pipes,-0.6978138223904544,31.0,63.0
washing,-0.6997250892957082,106.0,191.0
the 20,-0.7029834491357667,27.0,56.0
800,-0.7029834491357667,27.0,56.0
by many,-0.7030179756517692,22.0,47.0
delivery,-0.7030179756517692,22.0,47.0
repetition,-0.7032361028232141,16.0,36.0
is around,-0.7032361028232141,16.0,36.0
of practice,-0.7032361028232141,16.0,36.0
some are,-0.7032361028232141,16.0,36.0
initially,-0.7032361028232141,16.0,36.0
uvb,-0.7032361028232141,16.0,36.0
newer,-0.7032361028232141,16.0,36.0
if possible,-0.7053496187665955,36.0,72.0
perceived,-0.7076131518603325,32.0,65.0
10 20,-0.7076131518603325,32.0,65.0
password,-0.7076742863494816,122.0,218.0
hour rule,-0.7112489867287652,17.0,38.0
back to,-0.7112489867287652,17.0,38.0
an average,-0.7112489867287652,17.0,38.0
higher than,-0.7112489867287652,17.0,38.0
cost of,-0.7112489867287652,17.0,38.0
https,-0.7122142208709965,23.0,49.0
with high,-0.7122142208709965,23.0,49.0
near the,-0.7125708738850945,28.0,58.0
accept,-0.7147647615246541,41.0,81.0
during the,-0.7150799661442102,37.0,74.0
may also,-0.7158700120378212,45.0,88.0
long as,-0.7172807092940354,33.0,67.0
the data,-0.7172807092940354,33.0,67.0
should be,-0.7177666158044395,220.0,380.0
in some,-0.7179893537787305,231.0,398.0
benefits for,-0.7193512550088104,18.0,40.0
your traffic,-0.7193512550088104,18.0,40.0
small claims,-0.7193512550088104,18.0,40.0
relatively,-0.7193512550088104,18.0,40.0
a large,-0.7198900486385229,60.0,114.0
construction,-0.7213379429752717,24.0,51.0
flexible,-0.7213379429752717,24.0,51.0
by a,-0.7215688993660334,90.0,165.0
adult,-0.72204269460955,29.0,60.0
is used,-0.72204269460955,29.0,60.0
on your,-0.7227681390085196,331.0,561.0
good condition,-0.723150220767445,8.0,21.0
adjust based,-0.723150220767445,8.0,21.0
pesticide residues,-0.723150220767445,8.0,21.0
driving habits,-0.723150220767445,8.0,21.0
around 10,-0.723150220767445,8.0,21.0
your policy's,-0.723150220767445,8.0,21.0
cereus,-0.723150220767445,8.0,21.0
bacillus,-0.723150220767445,8.0,21.0
typical for,-0.723150220767445,8.0,21.0
requirements vary,-0.723150220767445,8.0,21.0
average not,-0.723150220767445,8.0,21.0
and wear,-0.723150220767445,8.0,21.0
contract terms,-0.723150220767445,8.0,21.0
insulated,-0.723150220767445,8.0,21.0
hypothesis,-0.723150220767445,8.0,21.0
but human,-0.723150220767445,8.0,21.0
contaminate,-0.723150220767445,8.0,21.0
the tyre,-0.723150220767445,8.0,21.0
higher doses,-0.723150220767445,8.0,21.0
sink,-0.723150220767445,8.0,21.0
conventional oil,-0.723150220767445,8.0,21.0
residues but,-0.723150220767445,8.0,21.0
weights,-0.723150220767445,8.0,21.0
interest rates,-0.723150220767445,8.0,21.0
on conditions,-0.723150220767445,8.0,21.0
oxide,-0.723150220767445,8.0,21.0
magic number,-0.723150220767445,8.0,21.0
transaction,-0.723150220767445,8.0,21.0
charge a,-0.723150220767445,8.0,21.0
largely a,-0.723150220767445,8.0,21.0
the danger,-0.723150220767445,8.0,21.0
violate,-0.723150220767445,8.0,21.0
and detergent,-0.723150220767445,8.0,21.0
calories per,-0.7237421426135972,7.0,19.0
weeks of,-0.7237421426135972,7.0,19.0
is using,-0.7237421426135972,7.0,19.0
structural engineer,-0.7237421426135972,7.0,19.0
depth and,-0.7237421426135972,7.0,19.0
more cost,-0.7237421426135972,7.0,19.0
verifiable,-0.7237421426135972,7.0,19.0
periods can,-0.7237421426135972,7.0,19.0
factors the,-0.7237421426135972,7.0,19.0
statistical,-0.7237421426135972,7.0,19.0
in doubt,-0.7237421426135972,7.0,19.0
statutory interest,-0.7237421426135972,7.0,19.0
and season,-0.7237421426135972,7.0,19.0
retains,-0.7237421426135972,7.0,19.0
causation is,-0.7237421426135972,7.0,19.0
impacts,-0.7237421426135972,7.0,19.0
isolated,-0.7237421426135972,7.0,19.0
the clause,-0.7237421426135972,7.0,19.0
disk,-0.7237421426135972,7.0,19.0
years if,-0.7237421426135972,7.0,19.0
half the,-0.7237421426135972,7.0,19.0
evidence your,-0.7237421426135972,7.0,19.0
2 to,-0.7237421426135972,7.0,19.0
a recent,-0.7237421426135972,7.0,19.0
for new,-0.7237421426135972,7.0,19.0
vocabulary and,-0.724453263025817,9.0,23.0
device is,-0.724453263025817,9.0,23.0
overwritten,-0.724453263025817,9.0,23.0
official source,-0.724453263025817,9.0,23.0
unless they,-0.724453263025817,9.0,23.0
average or,-0.724453263025817,9.0,23.0
written notice,-0.724453263025817,9.0,23.0
as needed,-0.724453263025817,9.0,23.0
a key,-0.724453263025817,9.0,23.0
mold is,-0.724453263025817,9.0,23.0
very old,-0.724453263025817,9.0,23.0
several years,-0.724453263025817,9.0,23.0
optimized,-0.724453263025817,9.0,23.0
folklore,-0.724453263025817,9.0,23.0
credit can,-0.724453263025817,9.0,23.0
for experienced,-0.724453263025817,9.0,23.0
shed,-0.724453263025817,9.0,23.0
on market,-0.724453263025817,9.0,23.0
are many,-0.724453263025817,9.0,23.0
has found,-0.724453263025817,9.0,23.0
reviews and,-0.7246797244126945,38.0,76.0
shoe,-0.7246797244126945,38.0,76.0
order,-0.7248232569531547,57.0,109.0
with adequate,-0.7269588457392805,6.0,17.0
can outperform,-0.7269588457392805,6.0,17.0
disease and,-0.7269588457392805,6.0,17.0
is 3,-0.7269588457392805,6.0,17.0
batteries typically,-0.7269588457392805,6.0,17.0
5 minutes,-0.7269588457392805,6.0,17.0
waive,-0.7269588457392805,6.0,17.0
standard and,-0.7269588457392805,6.0,17.0
bare,-0.7269588457392805,6.0,17.0
defensive,-0.7269588457392805,6.0,17.0
many home,-0.7269588457392805,6.0,17.0
adherence,-0.7269588457392805,6.0,17.0
travel insurance,-0.7269588457392805,6.0,17.0
and set,-0.7269588457392805,6.0,17.0
washing with,-0.7269588457392805,6.0,17.0
perishables,-0.7269588457392805,6.0,17.0
performance is,-0.7269588457392805,6.0,17.0
large reviews,-0.7269588457392805,6.0,17.0
locate,-0.7269588457392805,6.0,17.0
temperament,-0.7269588457392805,6.0,17.0
subject to,-0.7269588457392805,6.0,17.0
may apply,-0.7269588457392805,6.0,17.0
the item,-0.7269588457392805,6.0,17.0
legumes,-0.7269588457392805,6.0,17.0
and gradual,-0.7269588457392805,6.0,17.0
steady,-0.7269588457392805,6.0,17.0
disorder,-0.7269588457392805,6.0,17.0
inspection and,-0.7269588457392805,6.0,17.0
and engine,-0.7269588457392805,6.0,17.0
qualifying,-0.7269588457392805,6.0,17.0
is ideal,-0.7269588457392805,6.0,17.0
lower back,-0.7269588457392805,6.0,17.0
be limited,-0.7269588457392805,6.0,17.0
parts and,-0.7269588457392805,6.0,17.0
the physical,-0.7269588457392805,6.0,17.0
can inspect,-0.7269588457392805,6.0,17.0
dated,-0.7269588457392805,6.0,17.0
is harder,-0.7269588457392805,6.0,17.0
and go,-0.7269588457392805,6.0,17.0
zones but,-0.7269588457392805,6.0,17.0
indefinitely,-0.7269588457392805,6.0,17.0
three copies,-0.7271579724657247,10.0,25.0
completed,-0.7271579724657247,10.0,25.0
gear,-0.7271579724657247,10.0,25.0
percentage varies,-0.7271579724657247,10.0,25.0
policy's,-0.7271579724657247,10.0,25.0
date and,-0.7271579724657247,10.0,25.0
plan to,-0.7271579724657247,10.0,25.0
limits the,-0.7271579724657247,10.0,25.0
and total,-0.7271579724657247,10.0,25.0
reduce injury,-0.7271579724657247,10.0,25.0
sulfur,-0.7271579724657247,10.0,25.0
described,-0.7271579724657247,10.0,25.0
learning styles,-0.7271579724657247,10.0,25.0
foods like,-0.7271579724657247,10.0,25.0
48 hours,-0.7275138979108564,19.0,42.0
is largely,-0.7275138979108564,19.0,42.0
are only,-0.7275138979108564,19.0,42.0
chair,-0.7275138979108564,19.0,42.0
early,-0.7291947039733108,219.0,379.0
after a,-0.7298490153493141,68.0,128.0
agent,-0.7303867728302612,25.0,53.0
body weight,-0.7309193785498036,11.0,27.0
elsewhere,-0.7309193785498036,11.0,27.0
myths,-0.7309193785498036,11.0,27.0
offline,-0.7309193785498036,11.0,27.0
of his,-0.7309193785498036,11.0,27.0
seasoning,-0.7309193785498036,11.0,27.0
100 for,-0.7309193785498036,11.0,27.0
internet speed,-0.7309193785498036,11.0,27.0
modern fuel,-0.7309193785498036,11.0,27.0
not consistently,-0.7309193785498036,11.0,27.0
thousands of,-0.7309193785498036,11.0,27.0
factors like,-0.7314022787424097,30.0,62.0
alternator,-0.7314022787424097,30.0,62.0
accelerates,-0.7339267591371923,5.0,15.0
safety depends,-0.7339267591371923,5.0,15.0
hack,-0.7339267591371923,5.0,15.0
audit can,-0.7339267591371923,5.0,15.0
occur in,-0.7339267591371923,5.0,15.0
times the,-0.7339267591371923,5.0,15.0
much of,-0.7339267591371923,5.0,15.0
is conservative,-0.7339267591371923,5.0,15.0
covers the,-0.7339267591371923,5.0,15.0
incomplete,-0.7339267591371923,5.0,15.0
and strength,-0.7339267591371923,5.0,15.0
on temperature,-0.7339267591371923,5.0,15.0
that fits,-0.7339267591371923,5.0,15.0
systems do,-0.7339267591371923,5.0,15.0
hours or,-0.7339267591371923,5.0,15.0
quality is,-0.7339267591371923,5.0,15.0
right the,-0.7339267591371923,5.0,15.0
with official,-0.7339267591371923,5.0,15.0
tools and,-0.7339267591371923,5.0,15.0
on clinical,-0.7339267591371923,5.0,15.0
some require,-0.7339267591371923,5.0,15.0
study with,-0.7339267591371923,5.0,15.0
performance in,-0.7339267591371923,5.0,15.0
80 or,-0.7339267591371923,5.0,15.0
machine and,-0.7339267591371923,5.0,15.0
tracked,-0.7339267591371923,5.0,15.0
lab conditions,-0.7339267591371923,5.0,15.0
establish a,-0.7339267591371923,5.0,15.0
a particular,-0.7339267591371923,5.0,15.0
offer a,-0.7339267591371923,5.0,15.0
places you,-0.7339267591371923,5.0,15.0
universal requirement,-0.7339267591371923,5.0,15.0
used and,-0.7339267591371923,5.0,15.0
standards but,-0.7339267591371923,5.0,15.0
between about,-0.7339267591371923,5.0,15.0
exact amount,-0.7339267591371923,5.0,15.0
coffee grounds,-0.7347927283123371,47.0,92.0
medicated shampoos,-0.7347927283123371,47.0,92.0
prevents,-0.7352793003270724,72.0,135.0
with low,-0.7354894096003026,12.0,29.0
and energy,-0.7354894096003026,12.0,29.0
and conditions,-0.7354894096003026,12.0,29.0
not based,-0.7354894096003026,12.0,29.0
than an,-0.7354894096003026,12.0,29.0
performance but,-0.7354894096003026,12.0,29.0
rules are,-0.7354894096003026,12.0,29.0
size lens,-0.7354894096003026,12.0,29.0
changes the,-0.7354894096003026,12.0,29.0
becomes,-0.7357139920121838,20.0,44.0
manager,-0.7362405255058255,35.0,71.0
used for,-0.7362405255058255,35.0,71.0
power,-0.736896848313208,181.0,317.0
intake,-0.7370096979579535,161.0,284.0
the type,-0.7393591790443855,26.0,55.0
losses,-0.7393591790443855,26.0,55.0
normal wear,-0.7406529115887338,31.0,64.0
balances,-0.7406854765716847,13.0,31.0
progressive overload,-0.7406854765716847,13.0,31.0
for credit,-0.7406854765716847,13.0,31.0
remaining,-0.7406854765716847,13.0,31.0
matter,-0.7428495732264843,361.0,611.0
a year,-0.7431484917961283,44.0,87.0
sequence,-0.7439333164483455,21.0,46.0
leads to,-0.7439333164483455,21.0,46.0
liquid,-0.7440778261935883,48.0,94.0
of a,-0.7448913213053362,185.0,324.0
it depends,-0.7450011302995339,238.0,411.0
within a,-0.7460141500564973,52.0,101.0
may need,-0.746023202497549,188.0,329.0
linear,-0.7463705223644171,14.0,33.0
longer intervals,-0.7463705223644171,14.0,33.0
round,-0.7463705223644171,14.0,33.0
or after,-0.7463705223644171,14.0,33.0
fading,-0.7463705223644171,14.0,33.0
megapixel,-0.7463705223644171,14.0,33.0
id,-0.7463705223644171,14.0,33.0
deadlines,-0.7463705223644171,14.0,33.0
five,-0.7467718741894953,80.0,149.0
fails,-0.7482542845633431,27.0,57.0
seat,-0.7497977851156065,32.0,66.0
how the,-0.7521573205588131,22.0,48.0
the pressure,-0.7521573205588131,22.0,48.0
driven,-0.7521573205588131,22.0,48.0
diets and,-0.7524399291633739,15.0,35.0
of that,-0.7524399291633739,15.0,35.0
is standard,-0.7524399291633739,15.0,35.0
unrealistic for,-0.7524399291633739,15.0,35.0
ideal,-0.7577500405739744,57.0,110.0
and provide,-0.7588126807786502,16.0,37.0
1 rule,-0.7588126807786502,16.0,37.0
tomato,-0.7588126807786502,16.0,37.0
alignment is,-0.7588126807786502,16.0,37.0
can lower,-0.7588126807786502,16.0,37.0
concentration,-0.7588399909571448,33.0,68.0
accounts,-0.7603142316050341,68.0,129.0
adjust,-0.7613674669345131,75.0,141.0
organic,-0.7615822255154933,98.0,180.0
labour,-0.7618705927084477,42.0,84.0
celiac,-0.7618705927084477,42.0,84.0
popular,-0.7641016872593444,54.0,105.0
but many,-0.7647480630064168,162.0,287.0
time of,-0.7654252495339616,17.0,39.0
cultural,-0.7654252495339616,17.0,39.0
can degrade,-0.7654252495339616,17.0,39.0
alternative,-0.7685750212998703,24.0,52.0
progressive,-0.7685750212998703,24.0,52.0
in certain,-0.7685750212998703,24.0,52.0
mix of,-0.7722272762838547,18.0,41.0
loses,-0.7722272762838547,18.0,41.0
on non,-0.7722272762838547,18.0,41.0
additives,-0.7727830165931843,39.0,79.0
required for,-0.7744740586112437,30.0,63.0
and avoiding,-0.7744740586112437,30.0,63.0
anchor,-0.7767518214878113,25.0,54.0
upsell,-0.7767518214878113,25.0,54.0
acidity,-0.7767518214878113,25.0,54.0
thank you,-0.7767518214878113,25.0,54.0
gallon,-0.7791784593696431,19.0,43.0
refined,-0.7791784593696431,19.0,43.0
most adults,-0.7791784593696431,19.0,43.0
slightly,-0.7834069294069373,269.0,464.0
produce,-0.7838656095932853,147.0,263.0
score,-0.7840113875890558,135.0,243.0
exclusively for,-0.7862462762497096,20.0,45.0
light from,-0.7862462762497096,20.0,45.0
recommended for,-0.7871542226943037,64.0,123.0
technique,-0.7888991948978488,53.0,104.0
for long,-0.7904856122157904,57.0,111.0
results the,-0.7921956209494846,9.0,24.0
at low,-0.7921956209494846,9.0,24.0
metal objects,-0.7921956209494846,9.0,24.0
more but,-0.7921956209494846,9.0,24.0
licensing,-0.7921956209494846,9.0,24.0
is similar,-0.7921956209494846,9.0,24.0
but their,-0.7921956209494846,9.0,24.0
should have,-0.7921956209494846,9.0,24.0
management and,-0.7921956209494846,9.0,24.0
or large,-0.7921956209494846,9.0,24.0
insert,-0.7921956209494846,9.0,24.0
widely and,-0.7921956209494846,9.0,24.0
dislodge,-0.7921956209494846,9.0,24.0
habitat,-0.7921956209494846,9.0,24.0
many have,-0.7921956209494846,9.0,24.0
and certain,-0.7921956209494846,9.0,24.0
battery replacement,-0.7921956209494846,9.0,24.0
20 50,-0.7921956209494846,9.0,24.0
modest effects,-0.7921956209494846,9.0,24.0
heaters,-0.7924494379832644,10.0,26.0
genetics and,-0.7924494379832644,10.0,26.0
spray foam,-0.7924494379832644,10.0,26.0
diminishing returns,-0.7924494379832644,10.0,26.0
greater,-0.7924494379832644,10.0,26.0
on average,-0.7924494379832644,10.0,26.0
but effects,-0.7924494379832644,10.0,26.0
rates vary,-0.7924494379832644,10.0,26.0
by region,-0.7924494379832644,10.0,26.0
diminishing,-0.7924494379832644,10.0,26.0
rotation is,-0.7924494379832644,10.0,26.0
latest,-0.7924494379832644,10.0,26.0
and quality,-0.7924494379832644,10.0,26.0
fees are,-0.7924494379832644,10.0,26.0
which was,-0.7924494379832644,10.0,26.0
usually have,-0.7924494379832644,10.0,26.0
tension,-0.7930107695858748,27.0,58.0
attack,-0.7934042896782747,21.0,47.0
20 rule,-0.7934042896782747,21.0,47.0
aftermarket,-0.7934042896782747,21.0,47.0
encrypts,-0.7934042896782747,21.0,47.0
a minor,-0.7934042896782747,21.0,47.0
and location,-0.7934042896782747,21.0,47.0
amendment,-0.7936269084885856,8.0,22.0
raised,-0.7936269084885856,8.0,22.0
prior,-0.7936269084885856,8.0,22.0
cardiomyopathy in,-0.7936269084885856,8.0,22.0
containing,-0.7936269084885856,8.0,22.0
pore size,-0.7936269084885856,8.0,22.0
the drain,-0.7936269084885856,8.0,22.0
little or,-0.7936269084885856,8.0,22.0
5 hours,-0.7936269084885856,8.0,22.0
white vinegar,-0.7936269084885856,8.0,22.0
of use,-0.7936269084885856,8.0,22.0
children and,-0.7936269084885856,8.0,22.0
a review,-0.7936269084885856,8.0,22.0
sold listings,-0.7936269084885856,8.0,22.0
backing,-0.7936269084885856,8.0,22.0
8 hours,-0.7936269084885856,8.0,22.0
pool,-0.7936269084885856,8.0,22.0
permission,-0.7936269084885856,8.0,22.0
peanut,-0.7936269084885856,8.0,22.0
citing,-0.7936269084885856,8.0,22.0
and current,-0.7936269084885856,8.0,22.0
appears to,-0.7936269084885856,8.0,22.0
mentioned,-0.7936269084885856,8.0,22.0
support for,-0.7936269084885856,8.0,22.0
methods and,-0.7936269084885856,8.0,22.0
frequency depends,-0.7936269084885856,8.0,22.0
grasses,-0.7936269084885856,8.0,22.0
refer to,-0.7936269084885856,8.0,22.0
the bank,-0.7940000331818878,11.0,28.0
laws vary,-0.7940000331818878,11.0,28.0
required but,-0.7940000331818878,11.0,28.0
one to,-0.7940000331818878,11.0,28.0
threads,-0.7940000331818878,11.0,28.0
but others,-0.7940000331818878,11.0,28.0
common rule,-0.7940000331818878,11.0,28.0
the insurer,-0.7940000331818878,11.0,28.0
boxes,-0.7940000331818878,11.0,28.0
but results,-0.7940403000856917,37.0,76.0
pore,-0.7965640510840281,12.0,30.0
pacing,-0.7965640510840281,12.0,30.0
extensions,-0.7965640510840281,12.0,30.0
official guidance,-0.7965640510840281,12.0,30.0
injury prevention,-0.7965640510840281,12.0,30.0
electronic,-0.7965640510840281,12.0,30.0
easier to,-0.7965640510840281,12.0,30.0
every 1,-0.7965640510840281,12.0,30.0
aggressive,-0.7965640510840281,12.0,30.0
often has,-0.7965640510840281,12.0,30.0
benefits from,-0.7972897226865013,7.0,20.0
a last,-0.7972897226865013,7.0,20.0
rate but,-0.7972897226865013,7.0,20.0
the higher,-0.7972897226865013,7.0,20.0
volatility,-0.7972897226865013,7.0,20.0
tracks,-0.7972897226865013,7.0,20.0
height and,-0.7972897226865013,7.0,20.0
for longevity,-0.7972897226865013,7.0,20.0
making the,-0.7972897226865013,7.0,20.0
tests for,-0.7972897226865013,7.0,20.0
term harm,-0.7972897226865013,7.0,20.0
pushing,-0.7972897226865013,7.0,20.0
page is,-0.7972897226865013,7.0,20.0
changing the,-0.7972897226865013,7.0,20.0
met,-0.7972897226865013,7.0,20.0
traditions,-0.7972897226865013,7.0,20.0
rising,-0.7972897226865013,7.0,20.0
100 200,-0.7972897226865013,7.0,20.0
staff,-0.7972897226865013,7.0,20.0
correlation between,-0.7972897226865013,7.0,20.0
improper,-0.7972897226865013,7.0,20.0
places have,-0.7972897226865013,7.0,20.0
teaching,-0.7972897226865013,7.0,20.0
miles not,-0.7972897226865013,7.0,20.0
house,-0.7990705653447664,69.0,132.0
sustained,-0.7999300924661348,13.0,32.0
whether it's,-0.7999300924661348,13.0,32.0
a mechanic,-0.7999300924661348,13.0,32.0
suitable,-0.7999300924661348,13.0,32.0
batteries do,-0.7999300924661348,13.0,32.0
has an,-0.7999300924661348,13.0,32.0
is considered,-0.8006308713218672,22.0,49.0
meeting,-0.8006308713218672,22.0,49.0
in children,-0.8006308713218672,22.0,49.0
banks,-0.8006308713218672,22.0,49.0
the energy,-0.8010841723920671,28.0,60.0
health agencies,-0.8010841723920671,28.0,60.0
can give,-0.8026118702433868,38.0,78.0
it's often,-0.8026118702433868,38.0,78.0
fermentation,-0.8039374342165478,14.0,34.0
common for,-0.8039374342165478,14.0,34.0
and air,-0.8039374342165478,14.0,34.0
gasket,-0.8039374342165478,14.0,34.0
mass,-0.8039374342165478,14.0,34.0
higher in,-0.8039778643057416,6.0,18.0
personalized,-0.8039778643057416,6.0,18.0
on home,-0.8039778643057416,6.0,18.0
the goal,-0.8039778643057416,6.0,18.0
vpn or,-0.8039778643057416,6.0,18.0
proper notice,-0.8039778643057416,6.0,18.0
and older,-0.8039778643057416,6.0,18.0
5 15,-0.8039778643057416,6.0,18.0
mostly anecdotal,-0.8039778643057416,6.0,18.0
term retention,-0.8039778643057416,6.0,18.0
recommendations for,-0.8039778643057416,6.0,18.0
fraction of,-0.8039778643057416,6.0,18.0
nickel cadmium,-0.8039778643057416,6.0,18.0
are standard,-0.8039778643057416,6.0,18.0
kits are,-0.8039778643057416,6.0,18.0
offs,-0.8039778643057416,6.0,18.0
a pattern,-0.8039778643057416,6.0,18.0
some observational,-0.8039778643057416,6.0,18.0
no such,-0.8039778643057416,6.0,18.0
roofer,-0.8039778643057416,6.0,18.0
and search,-0.8039778643057416,6.0,18.0
matters but,-0.8039778643057416,6.0,18.0
battery drain,-0.8039778643057416,6.0,18.0
cause issues,-0.8039778643057416,6.0,18.0
flexibility but,-0.8039778643057416,6.0,18.0
possible and,-0.8039778643057416,6.0,18.0
wear the,-0.8039778643057416,6.0,18.0
can reveal,-0.8039778643057416,6.0,18.0
coffee can,-0.8039778643057416,6.0,18.0
cooking and,-0.8039778643057416,6.0,18.0
intolerance,-0.8039778643057416,6.0,18.0
posted,-0.8039778643057416,6.0,18.0
skills but,-0.8039778643057416,6.0,18.0
distemper,-0.8039778643057416,6.0,18.0
days to,-0.8039778643057416,6.0,18.0
suffer,-0.8039778643057416,6.0,18.0
insulin sensitivity,-0.8039778643057416,6.0,18.0
at 0,-0.8039778643057416,6.0,18.0
halve,-0.8039778643057416,6.0,18.0
car and,-0.8039778643057416,6.0,18.0
the name,-0.8039778643057416,6.0,18.0
the same,-0.8065388064331417,248.0,431.0
drugs,-0.8079082281111749,23.0,51.0
claim of,-0.8079082281111749,23.0,51.0
receipts,-0.8079082281111749,23.0,51.0
testing is,-0.8079082281111749,23.0,51.0
grounds are,-0.8079082281111749,23.0,51.0
plaque,-0.8083657297977035,34.0,71.0
equivalent,-0.8083657297977035,34.0,71.0
regularly and,-0.8084618796358377,15.0,36.0
is always,-0.8084618796358377,15.0,36.0
trickle,-0.8084618796358377,15.0,36.0
lab test,-0.8084618796358377,15.0,36.0
be in,-0.8134060942623553,16.0,38.0
study and,-0.8134060942623553,16.0,38.0
electrician,-0.8134060942623553,16.0,38.0
damage or,-0.8134060942623553,16.0,38.0
appropriate for,-0.8134060942623553,16.0,38.0
model and,-0.8134060942623553,16.0,38.0
cellular,-0.8134060942623553,16.0,38.0
high end,-0.8134060942623553,16.0,38.0
government website,-0.8148906808694725,5.0,16.0
wise if,-0.8148906808694725,5.0,16.0
varies but,-0.8148906808694725,5.0,16.0
routinely,-0.8148906808694725,5.0,16.0
for damage,-0.8148906808694725,5.0,16.0
and longer,-0.8148906808694725,5.0,16.0
warnings about,-0.8148906808694725,5.0,16.0
the toxic,-0.8148906808694725,5.0,16.0
clinically significant,-0.8148906808694725,5.0,16.0
30 years,-0.8148906808694725,5.0,16.0
failure is,-0.8148906808694725,5.0,16.0
guidance says,-0.8148906808694725,5.0,16.0
of work,-0.8148906808694725,5.0,16.0
and dilated,-0.8148906808694725,5.0,16.0
converts to,-0.8148906808694725,5.0,16.0
specific advice,-0.8148906808694725,5.0,16.0
for larger,-0.8148906808694725,5.0,16.0
and installation,-0.8148906808694725,5.0,16.0
effects the,-0.8148906808694725,5.0,16.0
specific and,-0.8148906808694725,5.0,16.0
aligned,-0.8148906808694725,5.0,16.0
of rent,-0.8148906808694725,5.0,16.0
to better,-0.8148906808694725,5.0,16.0
a rigid,-0.8148906808694725,5.0,16.0
when a,-0.8148906808694725,5.0,16.0
exercise does,-0.8148906808694725,5.0,16.0
minority,-0.8148906808694725,5.0,16.0
are essential,-0.8148906808694725,5.0,16.0
of people,-0.8148906808694725,5.0,16.0
widely accepted,-0.8148906808694725,5.0,16.0
your exact,-0.8148906808694725,5.0,16.0
regular vitamin,-0.8148906808694725,5.0,16.0
obstructions,-0.8148906808694725,5.0,16.0
benefits and,-0.8148906808694725,5.0,16.0
site is,-0.8148906808694725,5.0,16.0
under 10,-0.8148906808694725,5.0,16.0
leak or,-0.8148906808694725,5.0,16.0
controlling,-0.8148906808694725,5.0,16.0
catastrophic,-0.8148906808694725,5.0,16.0
the lowest,-0.8148906808694725,5.0,16.0
interval for,-0.8148906808694725,5.0,16.0
quoted,-0.8148906808694725,5.0,16.0
reviews show,-0.8148906808694725,5.0,16.0
3 000,-0.8151475908193891,78.0,148.0
native,-0.8152216512367662,24.0,53.0
pesticide,-0.8152216512367662,24.0,53.0
are small,-0.8166538732786752,35.0,73.0
transmission,-0.8171032356149652,30.0,64.0
regardless,-0.817997992399124,92.0,172.0
responsible,-0.8186928493099066,17.0,40.0
reflects,-0.8186928493099066,17.0,40.0
common guideline,-0.8186928493099066,17.0,40.0
aim,-0.8186928493099066,17.0,40.0
app,-0.8193813751134347,161.0,288.0
portion of,-0.8242601999489731,18.0,42.0
may come,-0.8242601999489731,18.0,42.0
a mix,-0.8242601999489731,18.0,42.0
laptops,-0.8242601999489731,18.0,42.0
static stretching,-0.8243947649643273,61.0,119.0
wet,-0.8258531137910622,93.0,174.0
evidence of,-0.8274609446323105,83.0,157.0
fuel economy,-0.8299098965583215,26.0,57.0
delayed,-0.8299098965583215,26.0,57.0
you'd need,-0.8330163899114869,37.0,77.0
savings,-0.8340415710188026,178.0,317.0
within the,-0.8360452198859248,20.0,46.0
indicates,-0.836058288399659,42.0,86.0
deposit,-0.8365596029359843,91.0,171.0
signs,-0.8371404198322612,70.0,135.0
thank,-0.8372660510773573,27.0,59.0
markets,-0.8372660510773573,27.0,59.0
documents,-0.8407833982690633,33.0,70.0
attention,-0.8411635901696711,47.0,95.0
answer,-0.842188194761873,21.0,48.0
connections,-0.842188194761873,21.0,48.0
regular use,-0.842188194761873,21.0,48.0
long term,-0.8422112715753652,191.0,339.0
policy,-0.8450236368051887,246.0,430.0
soreness,-0.8477423325561064,52.0,104.0
000 miles,-0.8479977341445833,147.0,266.0
delays,-0.8484589638706027,22.0,50.0
crash,-0.8485790447798484,34.0,72.0
evidence supports,-0.8519666153707528,29.0,63.0
are designed,-0.8523085883280442,44.0,90.0
but can,-0.8523085883280442,44.0,90.0
what's,-0.8548342326480493,23.0,52.0
more comfortable,-0.8555933905574391,11.0,29.0
outdoors,-0.8555933905574391,11.0,29.0
declines,-0.8555933905574391,11.0,29.0
last 5,-0.8555933905574391,11.0,29.0
for about,-0.8555933905574391,11.0,29.0
safety standards,-0.8555933905574391,11.0,29.0
for different,-0.8555933905574391,11.0,29.0
agencies recommend,-0.8555933905574391,11.0,29.0
encryption and,-0.8555933905574391,11.0,29.0
avoids,-0.8555933905574391,11.0,29.0
sealing and,-0.8555933905574391,11.0,29.0
or slightly,-0.8560810272884802,10.0,27.0
extraordinary,-0.8560810272884802,10.0,27.0
necessity,-0.8560810272884802,10.0,27.0
safety guidance,-0.8560810272884802,10.0,27.0
gigabit,-0.8560810272884802,10.0,27.0
intake and,-0.8560810272884802,10.0,27.0
prioritize,-0.8560810272884802,10.0,27.0
memory effect,-0.8560810272884802,10.0,27.0
3mm,-0.8560810272884802,10.0,27.0
an energy,-0.8560810272884802,10.0,27.0
contaminated,-0.8560810272884802,10.0,27.0
office deductions,-0.8560810272884802,10.0,27.0
the more,-0.8560810272884802,10.0,27.0
access to,-0.8560810272884802,10.0,27.0
dry and,-0.8560810272884802,10.0,27.0
to 0,-0.8560810272884802,10.0,27.0
wattage,-0.8560810272884802,10.0,27.0
in very,-0.8562962241219086,12.0,31.0
altitude,-0.8562962241219086,12.0,31.0
too broad,-0.8562962241219086,12.0,31.0
framing,-0.8562962241219086,12.0,31.0
and heat,-0.8562962241219086,12.0,31.0
escalate,-0.8562962241219086,12.0,31.0
model's,-0.8562962241219086,12.0,31.0
the airline,-0.8562962241219086,12.0,31.0
the 4,-0.8562962241219086,12.0,31.0
biology,-0.8562962241219086,12.0,31.0
not affect,-0.8563247119071925,35.0,74.0
d,-0.8566222764768382,107.0,199.0
errors,-0.8570443200149654,40.0,83.0
successfully,-0.8579551411582955,13.0,33.0
clock,-0.8579551411582955,13.0,33.0
healthy adults,-0.8579551411582955,13.0,33.0
data for,-0.8579551411582955,13.0,33.0
the two,-0.8579551411582955,13.0,33.0
lease and,-0.8579551411582955,13.0,33.0
acceptance,-0.8579551411582955,13.0,33.0
string,-0.8579551411582955,13.0,33.0
with many,-0.8579551411582955,13.0,33.0
compare it,-0.8579551411582955,13.0,33.0
petroleum,-0.8579551411582955,13.0,33.0
days for,-0.8579551411582955,13.0,33.0
margins,-0.8580698408667992,9.0,25.0
not 100,-0.8580698408667992,9.0,25.0
of sight,-0.8580698408667992,9.0,25.0
pilot,-0.8580698408667992,9.0,25.0
choice depends,-0.8580698408667992,9.0,25.0
famous,-0.8580698408667992,9.0,25.0
every 6,-0.8580698408667992,9.0,25.0
along,-0.8580698408667992,9.0,25.0
suggest that,-0.8580698408667992,9.0,25.0
pattern is,-0.8580698408667992,9.0,25.0
earnings,-0.8580698408667992,9.0,25.0
or water,-0.8580698408667992,9.0,25.0
budgeting,-0.8580698408667992,9.0,25.0
fact,-0.858834715018967,87.0,165.0
poor,-0.8589318390656175,104.0,194.0
licensed,-0.8593000470818593,30.0,65.0
with the,-0.8599403829370684,173.0,310.0
ideal conditions,-0.8603901055938188,14.0,35.0
tears,-0.8603901055938188,14.0,35.0
and storage,-0.8603901055938188,14.0,35.0
data recovery,-0.8603901055938188,14.0,35.0
preventive,-0.8603901055938188,14.0,35.0
laundry,-0.8612944747697524,24.0,54.0
is old,-0.8619804852548725,8.0,23.0
term studies,-0.8619804852548725,8.0,23.0
outbreaks,-0.8619804852548725,8.0,23.0
concerning,-0.8619804852548725,8.0,23.0
4 weeks,-0.8619804852548725,8.0,23.0
less likely,-0.8619804852548725,8.0,23.0
three to,-0.8619804852548725,8.0,23.0
the plastic,-0.8619804852548725,8.0,23.0
have reviewed,-0.8619804852548725,8.0,23.0
glass can,-0.8619804852548725,8.0,23.0
investigate,-0.8619804852548725,8.0,23.0
a two,-0.863460650787777,15.0,37.0
jurisdiction and,-0.863460650787777,15.0,37.0
cardio,-0.863460650787777,15.0,37.0
the high,-0.863460650787777,15.0,37.0
and most,-0.863460650787777,15.0,37.0
as long,-0.8640200765127176,36.0,76.0
is sometimes,-0.8670556773136794,16.0,39.0
the shop,-0.8670556773136794,16.0,39.0
a larger,-0.8670556773136794,16.0,39.0
difference between,-0.8670556773136794,16.0,39.0
have lower,-0.8670556773136794,16.0,39.0
yeast,-0.8670556773136794,16.0,39.0
lab tests,-0.8670556773136794,16.0,39.0
and high,-0.8678232424076243,25.0,56.0
your internet,-0.8678232424076243,25.0,56.0
studies with,-0.8683968362120811,7.0,21.0
conduct,-0.8683968362120811,7.0,21.0
plateau,-0.8683968362120811,7.0,21.0
fraction,-0.8683968362120811,7.0,21.0
connecting,-0.8683968362120811,7.0,21.0
symptoms in,-0.8683968362120811,7.0,21.0
at higher,-0.8683968362120811,7.0,21.0
the financial,-0.8683968362120811,7.0,21.0
specified in,-0.8683968362120811,7.0,21.0
installing,-0.8683968362120811,7.0,21.0
or heavy,-0.8683968362120811,7.0,21.0
or reverse,-0.8683968362120811,7.0,21.0
developmental,-0.8683968362120811,7.0,21.0
8 12,-0.8683968362120811,7.0,21.0
mail,-0.8683968362120811,7.0,21.0
plaque and,-0.8683968362120811,7.0,21.0
recommend replacement,-0.8683968362120811,7.0,21.0
credit and,-0.8683968362120811,7.0,21.0
latitude,-0.8683968362120811,7.0,21.0
human trials,-0.8683968362120811,7.0,21.0
predictive,-0.8683968362120811,7.0,21.0
fingerprinting,-0.8710862524303619,17.0,41.0
the country,-0.8710862524303619,17.0,41.0
heated,-0.8710862524303619,17.0,41.0
at a,-0.8718569489992556,55.0,110.0
indicator,-0.8727337400159838,42.0,87.0
independently,-0.8739120369499382,32.0,69.0
conventional,-0.8739120369499382,32.0,69.0
ticket,-0.8739120369499382,32.0,69.0
matching,-0.8739120369499382,32.0,69.0
restriction,-0.8744066201621105,26.0,58.0
accidental,-0.8744066201621105,26.0,58.0
conditioning,-0.8754804271085452,18.0,43.0
and temperature,-0.8754804271085452,18.0,43.0
starch,-0.8754804271085452,18.0,43.0
for work,-0.8754804271085452,18.0,43.0
patient,-0.8754804271085452,18.0,43.0
nearby,-0.8754804271085452,18.0,43.0
formulated for,-0.878153895435225,6.0,19.0
tied to,-0.878153895435225,6.0,19.0
very cold,-0.878153895435225,6.0,19.0
local landlord,-0.878153895435225,6.0,19.0
that does,-0.878153895435225,6.0,19.0
by weight,-0.878153895435225,6.0,19.0
postings,-0.878153895435225,6.0,19.0
comparison is,-0.878153895435225,6.0,19.0
wires,-0.878153895435225,6.0,19.0
gives the,-0.878153895435225,6.0,19.0
number the,-0.878153895435225,6.0,19.0
a card,-0.878153895435225,6.0,19.0
evs,-0.878153895435225,6.0,19.0
reasoning,-0.878153895435225,6.0,19.0
that's often,-0.878153895435225,6.0,19.0
precisely,-0.878153895435225,6.0,19.0
2000,-0.878153895435225,6.0,19.0
asked,-0.878153895435225,6.0,19.0
and insulation,-0.878153895435225,6.0,19.0
increases risk,-0.878153895435225,6.0,19.0
carriers,-0.878153895435225,6.0,19.0
count is,-0.878153895435225,6.0,19.0
only in,-0.878153895435225,6.0,19.0
bond,-0.878153895435225,6.0,19.0
not clinically,-0.878153895435225,6.0,19.0
your model,-0.878153895435225,6.0,19.0
good lighting,-0.878153895435225,6.0,19.0
from their,-0.878153895435225,6.0,19.0
for microwave,-0.878153895435225,6.0,19.0
scholars,-0.878153895435225,6.0,19.0
blanket rule,-0.878153895435225,6.0,19.0
unreasonable,-0.878153895435225,6.0,19.0
multiple causes,-0.878153895435225,6.0,19.0
applied,-0.8792594516501809,38.0,80.0
but no,-0.8793682630024329,79.0,152.0
came,-0.880179439510362,19.0,45.0
pain is,-0.880179439510362,19.0,45.0
not found,-0.8804834491796993,43.0,89.0
hour,-0.8809141825185075,133.0,244.0
and moisture,-0.8851348902225941,20.0,47.0
employer,-0.8868035784342518,39.0,82.0
exist,-0.8874272124517593,65.0,128.0
ion batteries,-0.8875696495672583,57.0,114.0
re,-0.8876916760659856,28.0,62.0
mechanism,-0.8900399004446177,73.0,142.0
until the,-0.8903066107448131,21.0,49.0
yield,-0.8903066107448131,21.0,49.0
may include,-0.8924901030376591,5.0,17.0
small the,-0.8924901030376591,5.0,17.0
recommended but,-0.8924901030376591,5.0,17.0
health or,-0.8924901030376591,5.0,17.0
require more,-0.8924901030376591,5.0,17.0
a similar,-0.8924901030376591,5.0,17.0
less accurate,-0.8924901030376591,5.0,17.0
thin layer,-0.8924901030376591,5.0,17.0
is most,-0.8924901030376591,5.0,17.0
recommendations are,-0.8924901030376591,5.0,17.0
to five,-0.8924901030376591,5.0,17.0
a code,-0.8924901030376591,5.0,17.0
adults but,-0.8924901030376591,5.0,17.0
24 48,-0.8924901030376591,5.0,17.0
your driving,-0.8924901030376591,5.0,17.0
the biggest,-0.8924901030376591,5.0,17.0
visas,-0.8924901030376591,5.0,17.0
the initial,-0.8924901030376591,5.0,17.0
well maintained,-0.8924901030376591,5.0,17.0
biggest,-0.8924901030376591,5.0,17.0
to their,-0.8924901030376591,5.0,17.0
copies of,-0.8924901030376591,5.0,17.0
claim likely,-0.8924901030376591,5.0,17.0
melatonin but,-0.8924901030376591,5.0,17.0
weak evidence,-0.8924901030376591,5.0,17.0
soil structure,-0.8924901030376591,5.0,17.0
scanned,-0.8924901030376591,5.0,17.0
exists but,-0.8924901030376591,5.0,17.0
acceptable for,-0.8924901030376591,5.0,17.0
has higher,-0.8924901030376591,5.0,17.0
it's about,-0.8924901030376591,5.0,17.0
for vitamin,-0.8924901030376591,5.0,17.0
or self,-0.8924901030376591,5.0,17.0
maintenance and,-0.8924901030376591,5.0,17.0
detergents are,-0.8924901030376591,5.0,17.0
they rarely,-0.8924901030376591,5.0,17.0
more consistent,-0.8924901030376591,5.0,17.0
anecdotal reports,-0.8924901030376591,5.0,17.0
maker,-0.8924901030376591,5.0,17.0
is ongoing,-0.8924901030376591,5.0,17.0
clear coat,-0.8924901030376591,5.0,17.0
length and,-0.8924901030376591,5.0,17.0
results in,-0.8924901030376591,5.0,17.0
the product's,-0.8924901030376591,5.0,17.0
fines,-0.8924901030376591,5.0,17.0
small,-0.8943402339779136,906.0,1502.0
attacks,-0.8943746693723383,29.0,64.0
find it,-0.895647842970908,35.0,75.0
cable,-0.895647842970908,35.0,75.0
and regular,-0.8956610345060813,22.0,51.0
potentially,-0.8956610345060813,22.0,51.0
four,-0.8957989970867953,45.0,93.0
studies suggest,-0.9006454349703957,89.0,170.0
wind,-0.9010743870716085,30.0,66.0
30 000,-0.9010743870716085,30.0,66.0
electricity,-0.9011699374631236,23.0,53.0
same,-0.9027563206813055,253.0,445.0
the time,-0.9077844866298377,31.0,68.0
prolonged,-0.9101434000985211,64.0,127.0
pets,-0.9125593012024074,25.0,57.0
together,-0.9125593012024074,25.0,57.0
confusion,-0.9125593012024074,25.0,57.0
interaction,-0.9144995078657367,32.0,70.0
display,-0.9147530405063709,12.0,32.0
are useful,-0.9147530405063709,12.0,32.0
testing and,-0.9147530405063709,12.0,32.0
for older,-0.9147530405063709,12.0,32.0
people who,-0.9147530405063709,12.0,32.0
a moisture,-0.9147530405063709,12.0,32.0
40 f,-0.914817693761612,13.0,34.0
breach,-0.914817693761612,13.0,34.0
official site,-0.914817693761612,13.0,34.0
ip address,-0.914817693761612,13.0,34.0
preferences,-0.914817693761612,13.0,34.0
a tool,-0.914817693761612,13.0,34.0
matter a,-0.914817693761612,13.0,34.0
often sufficient,-0.914817693761612,13.0,34.0
suppress,-0.914817693761612,13.0,34.0
weekend,-0.9157775449692639,14.0,36.0
negotiating,-0.9157775449692639,14.0,36.0
speed and,-0.9157775449692639,14.0,36.0
speed is,-0.9157775449692639,14.0,36.0
freelancers,-0.9157792479132434,11.0,30.0
lifting,-0.9157792479132434,11.0,30.0
sight,-0.9157792479132434,11.0,30.0
that all,-0.9157792479132434,11.0,30.0
addressing,-0.9157792479132434,11.0,30.0
compost tea,-0.9157792479132434,11.0,30.0
mobility,-0.9157792479132434,11.0,30.0
campaign,-0.9157792479132434,11.0,30.0
activation,-0.9157792479132434,11.0,30.0
so the,-0.9164822859445843,43.0,90.0
passport,-0.9171163713595171,38.0,81.0
not zero,-0.9174786936239326,15.0,38.0
redundancy,-0.9174786936239326,15.0,38.0
is subjective,-0.9174786936239326,15.0,38.0
floors,-0.9174786936239326,15.0,38.0
router and,-0.9174786936239326,15.0,38.0
doors,-0.9174786936239326,15.0,38.0
reasonable if,-0.9181488289765579,10.0,28.0
wild,-0.9181488289765579,10.0,28.0
compromise,-0.9181488289765579,10.0,28.0
stages model,-0.9181488289765579,10.0,28.0
extreme heat,-0.9181488289765579,10.0,28.0
failures,-0.9181488289765579,10.0,28.0
several hours,-0.9181488289765579,10.0,28.0
of 5,-0.9181488289765579,10.0,28.0
set the,-0.9181488289765579,10.0,28.0
can increase,-0.9181892125566175,61.0,122.0
contamination,-0.9184021599073138,26.0,59.0
cuts,-0.9184021599073138,26.0,59.0
holes,-0.9184021599073138,26.0,59.0
loan,-0.9188389138777818,73.0,143.0
for independent,-0.9197984865777922,16.0,40.0
spaces,-0.9197984865777922,16.0,40.0
vpn provider,-0.9197984865777922,16.0,40.0
aperture,-0.9197984865777922,16.0,40.0
a sales,-0.9197984865777922,16.0,40.0
tasks,-0.9220027562494365,53.0,108.0
separation,-0.9221933293479473,9.0,26.0
internet plan,-0.9221933293479473,9.0,26.0
animal studies,-0.9221933293479473,9.0,26.0
real time,-0.9221933293479473,9.0,26.0
bulk,-0.9221933293479473,9.0,26.0
phone use,-0.9221933293479473,9.0,26.0
vehicle manufacturer's,-0.9221933293479473,9.0,26.0
experience and,-0.9221933293479473,9.0,26.0
issuer,-0.9221933293479473,9.0,26.0
shows a,-0.9221933293479473,9.0,26.0
celiac gluten,-0.9221933293479473,9.0,26.0
spaced repetition,-0.9221933293479473,9.0,26.0
1 000,-0.9226380324346763,17.0,42.0
override,-0.9226380324346763,17.0,42.0
over long,-0.9226380324346763,17.0,42.0
the one,-0.9226380324346763,17.0,42.0
one year,-0.9226380324346763,17.0,42.0
clogged,-0.9226380324346763,17.0,42.0
phase,-0.9226380324346763,17.0,42.0
ability,-0.9243231799718896,27.0,61.0
assumptions,-0.9243231799718896,27.0,61.0
days,-0.9256778112675799,257.0,453.0
support a,-0.9259167710432527,18.0,44.0
seen,-0.9259167710432527,18.0,44.0
a new,-0.9270423145779634,58.0,117.0
built,-0.9279261258738554,34.0,74.0
inherently,-0.9279261258738554,34.0,74.0
remote access,-0.9283568625975475,8.0,24.0
is unclear,-0.9283568625975475,8.0,24.0
limited to,-0.9283568625975475,8.0,24.0
caffeine intake,-0.9283568625975475,8.0,24.0
dcm,-0.9283568625975475,8.0,24.0
always use,-0.9283568625975475,8.0,24.0
test or,-0.9283568625975475,8.0,24.0
refer,-0.9283568625975475,8.0,24.0
area is,-0.9283568625975475,8.0,24.0
for deep,-0.9283568625975475,8.0,24.0
forced,-0.9283568625975475,8.0,24.0
battery's,-0.9283568625975475,8.0,24.0
mesh is,-0.9283568625975475,8.0,24.0
bleach or,-0.9283568625975475,8.0,24.0
orchid,-0.9295684671252458,19.0,46.0
leather,-0.9295684671252458,19.0,46.0
intermittent,-0.9295684671252458,19.0,46.0
not absolute,-0.9295684671252458,19.0,46.0
comparable,-0.9312633934271853,40.0,85.0
and sometimes,-0.9330701110835934,50.0,103.0
guidelines recommend,-0.9335382096923477,20.0,48.0
run,-0.9339372560344126,111.0,209.0
sold,-0.9363503150894639,29.0,65.0
entry requirements,-0.9372484791679416,7.0,22.0
negative effects,-0.9372484791679416,7.0,22.0
indicates a,-0.9372484791679416,7.0,22.0
it from,-0.9372484791679416,7.0,22.0
sleep time,-0.9372484791679416,7.0,22.0
indeed,-0.9372484791679416,7.0,22.0
limits for,-0.9372484791679416,7.0,22.0
during pregnancy,-0.9372484791679416,7.0,22.0
brick,-0.9372484791679416,7.0,22.0
wifi signals,-0.9372484791679416,7.0,22.0
sources and,-0.9372484791679416,7.0,22.0
around 3,-0.9372484791679416,7.0,22.0
reviews for,-0.9372484791679416,7.0,22.0
without much,-0.9372484791679416,7.0,22.0
damage beyond,-0.9372484791679416,7.0,22.0
period and,-0.9372484791679416,7.0,22.0
lower risk,-0.9372484791679416,7.0,22.0
replacing at,-0.9372484791679416,7.0,22.0
strains,-0.9377801340114565,21.0,50.0
for all,-0.9381294570879083,115.0,216.0
planning,-0.9382849753526263,41.0,87.0
expected,-0.9413237623181154,36.0,78.0
ventilation,-0.9418202739139001,60.0,121.0
sleep quality,-0.9422556707015385,22.0,52.0
exaggeration,-0.9424358210819772,30.0,67.0
your owner's,-0.9437326311026839,139.0,257.0
debt,-0.945271271410787,42.0,89.0
the owner's,-0.946932184816062,23.0,54.0
lights,-0.946932184816062,23.0,54.0
end,-0.9482792369346934,77.0,151.0
economy,-0.9485577821056737,31.0,69.0
idea that,-0.9485577821056737,31.0,69.0
from old,-0.9497271234648467,6.0,20.0
12 years,-0.9497271234648467,6.0,20.0
and real,-0.9497271234648467,6.0,20.0
thousand,-0.9497271234648467,6.0,20.0
manual may,-0.9497271234648467,6.0,20.0
releases,-0.9497271234648467,6.0,20.0
composted,-0.9497271234648467,6.0,20.0
hours before,-0.9497271234648467,6.0,20.0
pick,-0.9497271234648467,6.0,20.0
the exclusive,-0.9497271234648467,6.0,20.0
milestones,-0.9497271234648467,6.0,20.0
accredited,-0.9497271234648467,6.0,20.0
performs,-0.9497271234648467,6.0,20.0
requires hundreds,-0.9497271234648467,6.0,20.0
cold climates,-0.9497271234648467,6.0,20.0
year rule,-0.9497271234648467,6.0,20.0
80 figure,-0.9497271234648467,6.0,20.0
and public,-0.9497271234648467,6.0,20.0
adjustable,-0.9497271234648467,6.0,20.0
yes but,-0.9497271234648467,6.0,20.0
edible,-0.9497271234648467,6.0,20.0
a space,-0.9497271234648467,6.0,20.0
the cap,-0.9497271234648467,6.0,20.0
around 7,-0.9497271234648467,6.0,20.0
radiofrequency radiation,-0.9497271234648467,6.0,20.0
at recommended,-0.9497271234648467,6.0,20.0
disclosed,-0.9497271234648467,6.0,20.0
maternal,-0.9497271234648467,6.0,20.0
load and,-0.9497271234648467,6.0,20.0
often is,-0.9497271234648467,6.0,20.0
logging,-0.9497271234648467,6.0,20.0
practice for,-0.9497271234648467,6.0,20.0
but too,-0.9497271234648467,6.0,20.0
specific policy,-0.9497271234648467,6.0,20.0
faster when,-0.9497271234648467,6.0,20.0
and back,-0.9497271234648467,6.0,20.0
but this,-0.9497271234648467,6.0,20.0
problem is,-0.9497271234648467,6.0,20.0
results for,-0.9497271234648467,6.0,20.0
ranking,-0.9497271234648467,6.0,20.0
habitual,-0.9497271234648467,6.0,20.0
situations,-0.951781907153788,24.0,56.0
browsing,-0.951781907153788,24.0,56.0
structured,-0.951781907153788,24.0,56.0
match,-0.9545857043383936,70.0,139.0
repairs,-0.9546696405540345,38.0,82.0
offers,-0.955085063086016,66.0,132.0
area,-0.9554511817278417,188.0,340.0
probiotics,-0.9567810871208119,25.0,58.0
machine,-0.9595561160258814,49.0,102.0
writing,-0.9614107807314656,101.0,193.0
break down,-0.9619093153752643,26.0,60.0
regardless of,-0.9619493817726299,75.0,148.0
text,-0.9622946027189558,67.0,134.0
percent,-0.9622946027189558,67.0,134.0
in writing,-0.9635643510919534,63.0,127.0
studied,-0.9657412900487098,59.0,120.0
needed for,-0.9660154976758422,45.0,95.0
it's in,-0.9670458677689168,5.0,18.0
the levels,-0.9670458677689168,5.0,18.0
and when,-0.9670458677689168,5.0,18.0
withhold,-0.9670458677689168,5.0,18.0
recommend testing,-0.9670458677689168,5.0,18.0
and specific,-0.9670458677689168,5.0,18.0
has less,-0.9670458677689168,5.0,18.0
greens,-0.9670458677689168,5.0,18.0
often less,-0.9670458677689168,5.0,18.0
no major,-0.9670458677689168,5.0,18.0
automated,-0.9670458677689168,5.0,18.0
test kits,-0.9670458677689168,5.0,18.0
side effect,-0.9670458677689168,5.0,18.0
a 40,-0.9670458677689168,5.0,18.0
are well,-0.9670458677689168,5.0,18.0
and load,-0.9670458677689168,5.0,18.0
fixed number,-0.9670458677689168,5.0,18.0
most are,-0.9670458677689168,5.0,18.0
required in,-0.9670458677689168,5.0,18.0
converts,-0.9670458677689168,5.0,18.0
50 figure,-0.9670458677689168,5.0,18.0
antibodies,-0.9670458677689168,5.0,18.0
study design,-0.9670458677689168,5.0,18.0
extracts,-0.9670458677689168,5.0,18.0
single study,-0.9670458677689168,5.0,18.0
but exact,-0.9670458677689168,5.0,18.0
is difficult,-0.9670458677689168,5.0,18.0
and to,-0.9670458677689168,5.0,18.0
in advance,-0.9670458677689168,5.0,18.0
a persistent,-0.9670458677689168,5.0,18.0
only about,-0.9670458677689168,5.0,18.0
the provider's,-0.9670458677689168,5.0,18.0
a fixed,-0.9674982790333646,91.0,176.0
protectors,-0.9701456383988889,14.0,37.0
developed,-0.9701456383988889,14.0,37.0
your device,-0.9701456383988889,14.0,37.0
cleaning and,-0.9701456383988889,14.0,37.0
profile,-0.9701456383988889,14.0,37.0
is complex,-0.9701456383988889,14.0,37.0
encrypted,-0.9701456383988889,14.0,37.0
that blue,-0.970555906765761,15.0,39.0
the driver's,-0.970555906765761,15.0,39.0
schools,-0.970555906765761,15.0,39.0
delete,-0.970555906765761,15.0,39.0
clauses,-0.970555906765761,15.0,39.0
relevance,-0.9705709547387299,13.0,35.0
more the,-0.9705709547387299,13.0,35.0
for reducing,-0.9705709547387299,13.0,35.0
or contact,-0.9705709547387299,13.0,35.0
consistency and,-0.9705709547387299,13.0,35.0
screening,-0.9705709547387299,13.0,35.0
data shows,-0.9705709547387299,13.0,35.0
excluded,-0.9716694694265531,16.0,41.0
protections,-0.9716694694265531,16.0,41.0
pressure and,-0.9716694694265531,16.0,41.0
unclear,-0.9719967574489815,12.0,33.0
study was,-0.9719967574489815,12.0,33.0
environments,-0.9719967574489815,12.0,33.0
and personal,-0.9719967574489815,12.0,33.0
students,-0.9719967574489815,12.0,33.0
system and,-0.9719967574489815,12.0,33.0
age alone,-0.9719967574489815,12.0,33.0
unsupported,-0.9724848125916562,28.0,64.0
a legal,-0.9724848125916562,28.0,64.0
trials show,-0.9733790026286788,17.0,43.0
runs,-0.9733790026286788,17.0,43.0
license,-0.9733790026286788,17.0,43.0
lens quality,-0.9733790026286788,17.0,43.0
humans,-0.9735465740878653,51.0,106.0
antenna,-0.9746312116478644,11.0,31.0
chargers,-0.9746312116478644,11.0,31.0
the required,-0.9746312116478644,11.0,31.0
facing,-0.9746312116478644,11.0,31.0
8 weeks,-0.9746312116478644,11.0,31.0
considering,-0.9746312116478644,11.0,31.0
a much,-0.9746312116478644,11.0,31.0
windows are,-0.9746312116478644,11.0,31.0
at very,-0.9746312116478644,11.0,31.0
running,-0.9751966121280448,117.0,221.0
since,-0.9755965630412673,18.0,45.0
falls,-0.9755965630412673,18.0,45.0
causal,-0.9779035470246963,29.0,66.0
hard inquiries,-0.9779035470246963,29.0,66.0
100 000,-0.9779035470246963,29.0,66.0
preventing,-0.9779035470246963,29.0,66.0
raises,-0.9782494391745811,19.0,47.0
unknown,-0.9782494391745811,19.0,47.0
the top,-0.9782494391745811,19.0,47.0
trends,-0.9782494391745811,19.0,47.0
ask your,-0.9782494391745811,19.0,47.0
procedures,-0.9787408943854983,10.0,29.0
adaptation,-0.9787408943854983,10.0,29.0
can block,-0.9787408943854983,10.0,29.0
some countries,-0.9787408943854983,10.0,29.0
c and,-0.9787408943854983,10.0,29.0
months of,-0.9787408943854983,10.0,29.0
low pressure,-0.9787408943854983,10.0,29.0
and reduces,-0.9787408943854983,10.0,29.0
of water,-0.9794904143882923,36.0,79.0
and what,-0.9794904143882923,36.0,79.0
core,-0.980475612384249,52.0,108.0
position,-0.980475612384249,52.0,108.0
condition and,-0.9812770254079027,20.0,49.0
reject,-0.9812770254079027,20.0,49.0
flight,-0.9812770254079027,20.0,49.0
ph and,-0.9812770254079027,20.0,49.0
the sidewall,-0.9833936000012602,30.0,68.0
can tell,-0.9846284354478382,21.0,51.0
but are,-0.9846284354478382,21.0,51.0
line of,-0.9846728410318675,9.0,27.0
disruption,-0.9846728410318675,9.0,27.0
provide the,-0.9846728410318675,9.0,27.0
sharpness,-0.9846728410318675,9.0,27.0
responsibility,-0.9846728410318675,9.0,27.0
6 or,-0.9846728410318675,9.0,27.0
for both,-0.9846728410318675,9.0,27.0
number and,-0.9846728410318675,9.0,27.0
space and,-0.9846728410318675,9.0,27.0
particularly,-0.9846728410318675,9.0,27.0
laptop,-0.9857070050039026,37.0,81.0
steps,-0.9864352294886716,48.0,101.0
exposure and,-0.988260658470597,22.0,53.0
starting,-0.9886165947619239,119.0,225.0
skill,-0.9889448347764763,31.0,70.0
credit score,-0.9889448347764763,31.0,70.0
down,-0.9895818877803654,159.0,293.0
your specific,-0.9902050514580966,79.0,156.0
can report,-0.9911106603068139,4.0,16.0
generally show,-0.9911106603068139,4.0,16.0
lots,-0.9911106603068139,4.0,16.0
sources that's,-0.9911106603068139,4.0,16.0
the ideal,-0.9911106603068139,4.0,16.0
people some,-0.9911106603068139,4.0,16.0
tools like,-0.9911106603068139,4.0,16.0
manufacturing,-0.9911106603068139,4.0,16.0
point and,-0.9911106603068139,4.0,16.0
it used,-0.9911106603068139,4.0,16.0
is documented,-0.9911106603068139,4.0,16.0
tests but,-0.9911106603068139,4.0,16.0
handling and,-0.9911106603068139,4.0,16.0
and better,-0.9911106603068139,4.0,16.0
than 2,-0.9911106603068139,4.0,16.0
advice to,-0.9911106603068139,4.0,16.0
the shop's,-0.9911106603068139,4.0,16.0
removes the,-0.9911106603068139,4.0,16.0
uv blocking,-0.9911106603068139,4.0,16.0
over 10,-0.9911106603068139,4.0,16.0
to certain,-0.9911106603068139,4.0,16.0
impressions,-0.9911106603068139,4.0,16.0
and weather,-0.9911106603068139,4.0,16.0
passenger,-0.9911106603068139,4.0,16.0
at 100,-0.9919247675067943,38.0,83.0
mixed some,-0.9921371189804641,23.0,55.0
questions,-0.9921371189804641,23.0,55.0
involves,-0.9921371189804641,23.0,55.0
sometimes,-0.9925751847367458,269.0,477.0
one in,-0.9928874909258593,8.0,25.0
the property,-0.9928874909258593,8.0,25.0
osteoarthritis,-0.9928874909258593,8.0,25.0
likely an,-0.9928874909258593,8.0,25.0
finishes,-0.9928874909258593,8.0,25.0
indicator of,-0.9928874909258593,8.0,25.0
cannot deduct,-0.9928874909258593,8.0,25.0
a simplification,-0.9928874909258593,8.0,25.0
or replacement,-0.9928874909258593,8.0,25.0
10 years,-0.9942471869748106,44.0,94.0
exclusively,-0.9945483535271419,32.0,72.0
offer,-0.995863135079568,160.0,295.0
in that,-0.9962265407415463,24.0,57.0
full discharge,-0.9962265407415463,24.0,57.0
the most,-0.9973753487751376,99.0,191.0
and ask,-0.9998684933336528,50.0,105.0
risk the,-1.0001963253791304,33.0,74.0
independent reviews,-1.0001963253791304,33.0,74.0
the source,-1.000502042346714,25.0,59.0
effective than,-1.000502042346714,25.0,59.0
3 2,-1.000502042346714,25.0,59.0
only for,-1.000502042346714,25.0,59.0
comfort,-1.0017413400532398,114.0,217.0
is faster,-1.0040094498197119,7.0,23.0
parts stores,-1.0040094498197119,7.0,23.0
temperature changes,-1.0040094498197119,7.0,23.0
conclude,-1.0040094498197119,7.0,23.0
appraiser,-1.0040094498197119,7.0,23.0
a list,-1.0040094498197119,7.0,23.0
cadmium,-1.0040094498197119,7.0,23.0
printed,-1.0040094498197119,7.0,23.0
automation,-1.0040094498197119,7.0,23.0
used by,-1.0040094498197119,7.0,23.0
different media,-1.0040094498197119,7.0,23.0
frames,-1.0040094498197119,7.0,23.0
what they,-1.0040094498197119,7.0,23.0
proving,-1.0040094498197119,7.0,23.0
on attachment,-1.0040094498197119,7.0,23.0
consulate,-1.0040094498197119,7.0,23.0
gives,-1.0056490144699894,69.0,139.0
historians,-1.0058818417896196,34.0,76.0
sell,-1.0065315737915836,51.0,107.0
word,-1.0065315737915836,51.0,107.0
charge,-1.0074597840300992,212.0,383.0
in your,-1.0084529929278656,122.0,231.0
no consistent,-1.0095215154745627,27.0,63.0
type of,-1.0095215154745627,27.0,63.0
output,-1.011598794368612,35.0,78.0
link,-1.011824387201029,188.0,343.0
late,-1.0132187911692918,105.0,202.0
improving,-1.014227826296465,28.0,65.0
grief,-1.0144319570113345,66.0,134.0
especially in,-1.014483477884933,57.0,118.0
structure,-1.016754211849966,42.0,91.0
not universally,-1.016754211849966,42.0,91.0
capped,-1.0189085511694655,6.0,21.0
f for,-1.0189085511694655,6.0,21.0
don't eliminate,-1.0189085511694655,6.0,21.0
battery degradation,-1.0189085511694655,6.0,21.0
your insurance,-1.0189085511694655,6.0,21.0
companion,-1.0189085511694655,6.0,21.0
concerns about,-1.0189085511694655,6.0,21.0
infant sleep,-1.0189085511694655,6.0,21.0
challenge it,-1.0189085511694655,6.0,21.0
degrade over,-1.0189085511694655,6.0,21.0
intervals but,-1.0189085511694655,6.0,21.0
than just,-1.0189085511694655,6.0,21.0
degradation but,-1.0189085511694655,6.0,21.0
of research,-1.0189085511694655,6.0,21.0
student loan,-1.0189085511694655,6.0,21.0
ambient,-1.0189085511694655,6.0,21.0
no there's,-1.0189085511694655,6.0,21.0
the 40,-1.0189085511694655,6.0,21.0
exempt,-1.0189085511694655,6.0,21.0
and you'll,-1.0189085511694655,6.0,21.0
consumed,-1.0189085511694655,6.0,21.0
exclusion,-1.0189085511694655,6.0,21.0
allergy,-1.0197516719750583,53.0,111.0
lifespan,-1.0211618453877196,58.0,120.0
the impact,-1.0227016172364463,16.0,42.0
to water,-1.0227016172364463,16.0,42.0
superior,-1.0227016172364463,16.0,42.0
cold is,-1.0227016172364463,16.0,42.0
cup,-1.022729832284174,15.0,40.0
monitors,-1.022729832284174,15.0,40.0
your router,-1.0233383375721765,17.0,44.0
30 60,-1.0233383375721765,17.0,44.0
absorbs,-1.0233383375721765,17.0,44.0
real estate,-1.0233383375721765,17.0,44.0
can explain,-1.0233383375721765,17.0,44.0
or poor,-1.02353740324869,14.0,38.0
match the,-1.02353740324869,14.0,38.0
exist but,-1.02353740324869,14.0,38.0
mixed,-1.0247922704200418,215.0,389.0
establish,-1.0252645958286744,13.0,36.0
weddings,-1.0252645958286744,13.0,36.0
narrow,-1.0252645958286744,13.0,36.0
extensive,-1.0252645958286744,13.0,36.0
or ask,-1.0262455518665476,19.0,48.0
priority,-1.0262455518665476,19.0,48.0
pediatric,-1.0262455518665476,19.0,48.0
event,-1.026571713502394,49.0,104.0
investigated,-1.0280852248868892,12.0,34.0
ability to,-1.0280852248868892,12.0,34.0
oxidation,-1.0280852248868892,12.0,34.0
warns,-1.0280852248868892,12.0,34.0
protein intake,-1.030870313622524,21.0,52.0
terms and,-1.030870313622524,21.0,52.0
nickel,-1.030870313622524,21.0,52.0
means the,-1.030870313622524,21.0,52.0
paint,-1.0311505877675182,85.0,168.0
lube,-1.0322173086363673,11.0,32.0
speech,-1.0322173086363673,11.0,32.0
or call,-1.0322173086363673,11.0,32.0
for low,-1.0322173086363673,11.0,32.0
official government,-1.0322173086363673,11.0,32.0
gap,-1.033693026569126,22.0,54.0
is associated,-1.033693026569126,22.0,54.0
fda has,-1.033693026569126,22.0,54.0
you must,-1.0368002232510605,23.0,56.0
rinsing,-1.0368002232510605,23.0,56.0
the glass,-1.0368002232510605,23.0,56.0
b,-1.0379380924459451,10.0,30.0
holds,-1.0379380924459451,10.0,30.0
loneliness,-1.0379380924459451,10.0,30.0
transport,-1.0379380924459451,10.0,30.0
non celiac,-1.0379380924459451,10.0,30.0
microbes,-1.0379380924459451,10.0,30.0
price,-1.0385705696374,137.0,258.0
not specific,-1.0388348973736772,5.0,19.0
fizzing,-1.0388348973736772,5.0,19.0
two different,-1.0388348973736772,5.0,19.0
the highest,-1.0388348973736772,5.0,19.0
charge and,-1.0388348973736772,5.0,19.0
justice,-1.0388348973736772,5.0,19.0
fix is,-1.0388348973736772,5.0,19.0
98,-1.0388348973736772,5.0,19.0
risk with,-1.0388348973736772,5.0,19.0
humidity and,-1.0388348973736772,5.0,19.0
and synthetic,-1.0388348973736772,5.0,19.0
smart speakers,-1.0388348973736772,5.0,19.0
often in,-1.0388348973736772,5.0,19.0
not override,-1.0388348973736772,5.0,19.0
or legal,-1.0388348973736772,5.0,19.0
300 500,-1.0388348973736772,5.0,19.0
consume,-1.0388348973736772,5.0,19.0
for cracks,-1.0388348973736772,5.0,19.0
myth is,-1.0388348973736772,5.0,19.0
the 6,-1.0388348973736772,5.0,19.0
1 500,-1.0388348973736772,5.0,19.0
replacement at,-1.0388348973736772,5.0,19.0
not 30,-1.0388348973736772,5.0,19.0
defense,-1.0388348973736772,5.0,19.0
though some,-1.040157481839852,24.0,58.0
component,-1.040157481839852,24.0,58.0
foam,-1.0414223400852662,46.0,99.0
and test,-1.0437350979534397,25.0,60.0
restricted,-1.0456057061353399,9.0,28.0
air leaks,-1.0456057061353399,9.0,28.0
4 000,-1.0456057061353399,9.0,28.0
both are,-1.0456057061353399,9.0,28.0
organizations recommend,-1.0456057061353399,9.0,28.0
work the,-1.0456057061353399,9.0,28.0
uses a,-1.0456057061353399,9.0,28.0
in older,-1.0456057061353399,9.0,28.0
conversational,-1.0456057061353399,9.0,28.0
safety data,-1.0456057061353399,9.0,28.0
a tenant,-1.0456057061353399,9.0,28.0
domestic,-1.0456057061353399,9.0,28.0
design and,-1.0456057061353399,9.0,28.0
are high,-1.0456057061353399,9.0,28.0
and usage,-1.0456057061353399,9.0,28.0
changes but,-1.0456057061353399,9.0,28.0
the official,-1.0459219675387428,155.0,289.0
uneven,-1.0474843964498066,62.0,128.0
optional,-1.047507319124408,26.0,62.0
labels,-1.052195630354589,58.0,121.0
registration,-1.055548709939949,28.0,66.0
purposes,-1.0556911775076105,8.0,26.0
and exclusively,-1.0556911775076105,8.0,26.0
plate,-1.0556911775076105,8.0,26.0
radar,-1.0556911775076105,8.0,26.0
the blanket,-1.0556911775076105,8.0,26.0
is primarily,-1.0556911775076105,8.0,26.0
and reduced,-1.0556911775076105,8.0,26.0
beginners,-1.0556911775076105,8.0,26.0
cultures,-1.0556911775076105,8.0,26.0
72,-1.0556911775076105,8.0,26.0
are rarely,-1.0556911775076105,8.0,26.0
advice is,-1.05695945066555,68.0,139.0
in most,-1.0575768642443966,85.0,169.0
manual is,-1.0579274123950473,43.0,94.0
encryption,-1.058582903520459,59.0,123.0
often have,-1.0597649591413953,49.0,105.0
varied,-1.0597810827257266,29.0,68.0
starting point,-1.060206794813271,37.0,83.0
significant,-1.0615160524441059,252.0,453.0
surface,-1.0632707659938074,184.0,339.0
iu,-1.0637432351791651,44.0,96.0
dietary,-1.0644792853186604,55.0,116.0
top,-1.0644792853186604,55.0,116.0
full,-1.0644973481698305,358.0,629.0
subjective,-1.065561906259973,38.0,85.0
not qualify,-1.0656555635168818,4.0,17.0
the statement,-1.0656555635168818,4.0,17.0
corroded,-1.0656555635168818,4.0,17.0
exceeding,-1.0656555635168818,4.0,17.0
noise ordinances,-1.0656555635168818,4.0,17.0
negotiate or,-1.0656555635168818,4.0,17.0
rare the,-1.0656555635168818,4.0,17.0
light performance,-1.0656555635168818,4.0,17.0
with multiple,-1.0656555635168818,4.0,17.0
typically need,-1.0656555635168818,4.0,17.0
insulation can,-1.0656555635168818,4.0,17.0
rapidly,-1.0656555635168818,4.0,17.0
however it,-1.0656555635168818,4.0,17.0
hours the,-1.0656555635168818,4.0,17.0
excessive unless,-1.0656555635168818,4.0,17.0
the tool,-1.0656555635168818,4.0,17.0
tor,-1.0656555635168818,4.0,17.0
pest management,-1.0656555635168818,4.0,17.0
announced,-1.0656555635168818,4.0,17.0
year or,-1.0656555635168818,4.0,17.0
hire a,-1.0656555635168818,4.0,17.0
personal preference,-1.0656555635168818,4.0,17.0
what happens,-1.0656555635168818,4.0,17.0
good the,-1.0656555635168818,4.0,17.0
areas with,-1.0656555635168818,4.0,17.0
card's,-1.0656555635168818,4.0,17.0
are acceptable,-1.0656555635168818,4.0,17.0
conditions that's,-1.0656555635168818,4.0,17.0
labels and,-1.0656555635168818,4.0,17.0
recommending,-1.0656555635168818,4.0,17.0
a dispute,-1.0656555635168818,4.0,17.0
violation,-1.0656555635168818,4.0,17.0
can't give,-1.0656555635168818,4.0,17.0
processing,-1.065675711597073,78.0,157.0
objects,-1.0685931959645487,31.0,72.0
hard,-1.0686595843263968,232.0,420.0
ask whether,-1.0688271412664854,7.0,24.0
tenant laws,-1.0688271412664854,7.0,24.0
at lower,-1.0688271412664854,7.0,24.0
reasonably,-1.0688271412664854,7.0,24.0
tied,-1.0688271412664854,7.0,24.0
behind the,-1.0688271412664854,7.0,24.0
checklist,-1.0688271412664854,7.0,24.0
abdominal,-1.0688271412664854,7.0,24.0
enhance,-1.0688271412664854,7.0,24.0
sufficient the,-1.0688271412664854,7.0,24.0
sensory,-1.0688271412664854,7.0,24.0
handles,-1.0688271412664854,7.0,24.0
capacity and,-1.0688271412664854,7.0,24.0
billing,-1.0688271412664854,7.0,24.0
paper is,-1.0688271412664854,7.0,24.0
widely recommended,-1.0688271412664854,7.0,24.0
only if,-1.06955654707565,45.0,98.0
not as,-1.0712585611862016,61.0,127.0
cost,-1.0721147425356063,260.0,467.0
on time,-1.0725436845224883,17.0,45.0
a water,-1.0725436845224883,17.0,45.0
which are,-1.0725436845224883,17.0,45.0
forward,-1.0725436845224883,17.0,45.0
led,-1.072788983085155,18.0,47.0
airlines,-1.072788983085155,18.0,47.0
range is,-1.072788983085155,18.0,47.0
consolidation,-1.072788983085155,18.0,47.0
nearly,-1.0729261053282482,16.0,43.0
and less,-1.0729261053282482,16.0,43.0
tools,-1.0732086510357837,66.0,136.0
modern engines,-1.0735788954600882,19.0,49.0
workers,-1.0735788954600882,19.0,49.0
come from,-1.0738414207883868,75.0,152.0
content and,-1.0740358335460665,15.0,41.0
came from,-1.0740358335460665,15.0,41.0
in fact,-1.0740358335460665,15.0,41.0
hiding,-1.0740358335460665,15.0,41.0
disputes,-1.0740358335460665,15.0,41.0
timing and,-1.0740358335460665,15.0,41.0
that's correct,-1.0740358335460665,15.0,41.0
oven,-1.0748435397330693,20.0,51.0
the overall,-1.0748435397330693,20.0,51.0
crashes,-1.0748435397330693,20.0,51.0
safe label,-1.0748435397330693,20.0,51.0
night vision,-1.0759932172512026,14.0,39.0
a modest,-1.0759932172512026,14.0,39.0
the warranty,-1.076350224365067,40.0,89.0
secure,-1.076350224365067,40.0,89.0
according to,-1.076523744303492,21.0,53.0
according,-1.076523744303492,21.0,53.0
but still,-1.076523744303492,21.0,53.0
lightning,-1.076523744303492,21.0,53.0
information,-1.078319869975298,157.0,294.0
matter more,-1.0789182787906677,126.0,241.0
art,-1.0789450554838194,13.0,37.0
the process,-1.0789450554838194,13.0,37.0
epoxy,-1.0789450554838194,13.0,37.0
night,-1.0801906944378359,119.0,229.0
sensor size,-1.080936354597772,23.0,57.0
common and,-1.080936354597772,23.0,57.0
protective,-1.080936354597772,23.0,57.0
placing,-1.080936354597772,23.0,57.0
mandatory,-1.0825009227405005,34.0,78.0
image,-1.0825009227405005,34.0,78.0
over,-1.0826348054854205,656.0,1118.0
the 3,-1.083063168353576,58.0,122.0
specific to,-1.0830722835246664,12.0,35.0
manufacturer's recommended,-1.0830722835246664,12.0,35.0
90 days,-1.0830722835246664,12.0,35.0
charity,-1.0830722835246664,12.0,35.0
wheat,-1.0830722835246664,12.0,35.0
club,-1.0830722835246664,12.0,35.0
bottom,-1.0830722835246664,12.0,35.0
often use,-1.083588306829588,24.0,59.0
conditions but,-1.083588306829588,24.0,59.0
mode,-1.0845023459674346,101.0,198.0
and duration,-1.0858844803892531,6.0,22.0
showing a,-1.0858844803892531,6.0,22.0
dyes,-1.0858844803892531,6.0,22.0
in different,-1.0858844803892531,6.0,22.0
with proven,-1.0858844803892531,6.0,22.0
staples,-1.0858844803892531,6.0,22.0
preference not,-1.0858844803892531,6.0,22.0
replicate,-1.0858844803892531,6.0,22.0
surfactants,-1.0858844803892531,6.0,22.0
independently before,-1.0858844803892531,6.0,22.0
the bottom,-1.0858844803892531,6.0,22.0
to match,-1.0858844803892531,6.0,22.0
possibly carcinogenic,-1.0858844803892531,6.0,22.0
local building,-1.0858844803892531,6.0,22.0
rotate,-1.0858844803892531,6.0,22.0
anecdote,-1.0858844803892531,6.0,22.0
part time,-1.0858844803892531,6.0,22.0
if one,-1.0858844803892531,6.0,22.0
issue a,-1.0858844803892531,6.0,22.0
beta,-1.0858844803892531,6.0,22.0
matter the,-1.0858844803892531,6.0,22.0
beginner,-1.0858844803892531,6.0,22.0
falling,-1.0858844803892531,6.0,22.0
carry a,-1.0858844803892531,6.0,22.0
vary in,-1.0858844803892531,6.0,22.0
carrier's,-1.0858844803892531,6.0,22.0
permitted,-1.0858844803892531,6.0,22.0
conditions not,-1.0858844803892531,6.0,22.0
exclusions,-1.0872169478194853,42.0,93.0
considered a,-1.088600525441437,11.0,33.0
functional,-1.088600525441437,11.0,33.0
some older,-1.088600525441437,11.0,33.0
your vehicle,-1.088600525441437,11.0,33.0
that no,-1.088600525441437,11.0,33.0
availability,-1.088600525441437,11.0,33.0
screens,-1.0889666019094517,73.0,149.0
provide a,-1.0896214803089634,26.0,63.0
value,-1.0908449220635354,179.0,332.0
deduction,-1.092671473307208,43.0,95.0
inconsistent,-1.0927524614217494,49.0,106.0
the 10,-1.0929501475147514,27.0,65.0
spec,-1.0929501475147514,27.0,65.0
bypass,-1.0958148560161565,10.0,31.0
is optional,-1.0958148560161565,10.0,31.0
alarms,-1.0958148560161565,10.0,31.0
season and,-1.0958148560161565,10.0,31.0
the store,-1.0958148560161565,10.0,31.0
the red,-1.0958148560161565,10.0,31.0
unless there,-1.0958148560161565,10.0,31.0
leak,-1.0967460395197328,118.0,228.0
registered,-1.0970148888833684,37.0,84.0
coolant,-1.0970148888833684,37.0,84.0
near,-1.102303843885131,96.0,190.0
region and,-1.1050808893073385,9.0,29.0
lender,-1.1050808893073385,9.0,29.0
cartridge,-1.1050808893073385,9.0,29.0
proportion,-1.1050808893073385,9.0,29.0
exposure to,-1.1050808893073385,9.0,29.0
vegetable,-1.1050808893073385,9.0,29.0
download,-1.1050808893073385,9.0,29.0
sensitivity,-1.1054844854481414,80.0,162.0
a separate,-1.1078703562831942,31.0,73.0
unless the,-1.1078703562831942,31.0,73.0
robust,-1.1078703562831942,31.0,73.0
must provide,-1.1080977725506638,5.0,20.0
30 figure,-1.1080977725506638,5.0,20.0
for optimal,-1.1080977725506638,5.0,20.0
quality evidence,-1.1080977725506638,5.0,20.0
adults and,-1.1080977725506638,5.0,20.0
in open,-1.1080977725506638,5.0,20.0
always is,-1.1080977725506638,5.0,20.0
descriptions,-1.1080977725506638,5.0,20.0
letters,-1.1080977725506638,5.0,20.0
often based,-1.1080977725506638,5.0,20.0
not sufficient,-1.1080977725506638,5.0,20.0
inches of,-1.1080977725506638,5.0,20.0
products with,-1.1080977725506638,5.0,20.0
skilled,-1.1080977725506638,5.0,20.0
and consistency,-1.1080977725506638,5.0,20.0
absorbs moisture,-1.1080977725506638,5.0,20.0
never pay,-1.1080977725506638,5.0,20.0
requirements for,-1.1080977725506638,5.0,20.0
routes,-1.1080977725506638,5.0,20.0
warrant,-1.1080977725506638,5.0,20.0
rule comes,-1.1080977725506638,5.0,20.0
to 80,-1.1080977725506638,5.0,20.0
batch,-1.1080977725506638,5.0,20.0
comparative,-1.1080977725506638,5.0,20.0
looking for,-1.1080977725506638,5.0,20.0
can suppress,-1.1080977725506638,5.0,20.0
the film,-1.1080977725506638,5.0,20.0
tolerable upper,-1.1080977725506638,5.0,20.0
electrical,-1.1090874913474822,46.0,101.0
court,-1.1090874913474822,46.0,101.0
the irs,-1.1119224593785029,32.0,75.0
hardness,-1.1119224593785029,32.0,75.0
can suggest,-1.11687563229857,8.0,27.0
provider's,-1.11687563229857,8.0,27.0
by industry,-1.11687563229857,8.0,27.0
times and,-1.11687563229857,8.0,27.0
high mileage,-1.11687563229857,8.0,27.0
presence,-1.11687563229857,8.0,27.0
on high,-1.11687563229857,8.0,27.0
generally safer,-1.11687563229857,8.0,27.0
while the,-1.11687563229857,8.0,27.0
coverage and,-1.11687563229857,8.0,27.0
cheaper than,-1.11687563229857,8.0,27.0
their official,-1.11687563229857,8.0,27.0
a 50,-1.1202705217998838,19.0,50.0
where you,-1.1202705217998838,19.0,50.0
to reach,-1.1202705217998838,19.0,50.0
sufficient for,-1.1202705217998838,19.0,50.0
history and,-1.1202705217998838,19.0,50.0
tenants,-1.1202705217998838,19.0,50.0
probability,-1.1202705217998838,19.0,50.0
the legal,-1.1202705217998838,19.0,50.0
determine,-1.1203254727164798,34.0,79.0
octane,-1.1203497026023699,18.0,48.0
and depends,-1.1203497026023699,18.0,48.0
limits and,-1.1210212657894412,17.0,46.0
is debated,-1.1210212657894412,17.0,46.0
hundreds of,-1.1216059266018228,21.0,54.0
at your,-1.1223724209033252,16.0,44.0
2 hours,-1.1223724209033252,16.0,44.0
napoleon,-1.1223724209033252,16.0,44.0
good idea,-1.1225071103208717,87.0,175.0
door,-1.122858044218393,111.0,217.0
data and,-1.1229044774610635,22.0,56.0
mark,-1.1229044774610635,22.0,56.0
the 50,-1.1229044774610635,22.0,56.0
for people,-1.1229044774610635,22.0,56.0
miles or,-1.1229044774610635,22.0,56.0
leakage,-1.1245072569738568,15.0,42.0
effective yes,-1.1245072569738568,15.0,42.0
panels,-1.1245072569738568,15.0,42.0
addresses,-1.1245072569738568,15.0,42.0
market data,-1.1245597761387538,23.0,58.0
default,-1.1246565280621623,35.0,81.0
flexibility,-1.1246565280621623,35.0,81.0
numbers,-1.1262080297708315,79.0,161.0
grounds,-1.1267362873175348,70.0,145.0
000 mile,-1.1271764497566532,43.0,96.0
in good,-1.1275510256488952,14.0,40.0
adjustment,-1.1275510256488952,14.0,40.0
law and,-1.1275510256488952,14.0,40.0
split,-1.131293924386745,26.0,64.0
often more,-1.131293924386745,26.0,64.0
teaspoon,-1.131655807911219,13.0,38.0
refrigerant,-1.131655807911219,13.0,38.0
use in,-1.131655807911219,13.0,38.0
thought,-1.131655807911219,13.0,38.0
men,-1.131655807911219,13.0,38.0
systems can,-1.131655807911219,13.0,38.0
endurance,-1.131655807911219,13.0,38.0
adjuster,-1.1318338749476258,7.0,25.0
prescribing information,-1.1318338749476258,7.0,25.0
creating,-1.1318338749476258,7.0,25.0
records of,-1.1318338749476258,7.0,25.0
your main,-1.1318338749476258,7.0,25.0
results some,-1.1318338749476258,7.0,25.0
risk factor,-1.1318338749476258,7.0,25.0
fitting,-1.1318338749476258,7.0,25.0
more a,-1.1318338749476258,7.0,25.0
flushing is,-1.1318338749476258,7.0,25.0
outlet,-1.1318338749476258,7.0,25.0
parent,-1.1318338749476258,7.0,25.0
decay,-1.1318338749476258,7.0,25.0
or low,-1.1318338749476258,7.0,25.0
most home,-1.1318338749476258,7.0,25.0
total cost,-1.1318338749476258,7.0,25.0
for 30,-1.1318338749476258,7.0,25.0
field,-1.1322977378803298,44.0,98.0
company,-1.1337747216094707,93.0,186.0
benefit for,-1.1340269683320243,27.0,66.0
copies,-1.1340269683320243,27.0,66.0
cancellation,-1.1364992640505898,51.0,111.0
interactions,-1.137008119845509,12.0,36.0
send a,-1.137008119845509,12.0,36.0
bug,-1.137008119845509,12.0,36.0
loan forgiveness,-1.137008119845509,12.0,36.0
contexts,-1.137008119845509,12.0,36.0
where the,-1.137008119845509,12.0,36.0
main risk,-1.137008119845509,12.0,36.0
sampling,-1.1372805011641955,4.0,18.0
maillard reaction,-1.1372805011641955,4.0,18.0
cited as,-1.1372805011641955,4.0,18.0
and requires,-1.1372805011641955,4.0,18.0
efficiency but,-1.1372805011641955,4.0,18.0
individual differences,-1.1372805011641955,4.0,18.0
independent lab,-1.1372805011641955,4.0,18.0
and modest,-1.1372805011641955,4.0,18.0
vpn encrypts,-1.1372805011641955,4.0,18.0
no studies,-1.1372805011641955,4.0,18.0
organisations have,-1.1372805011641955,4.0,18.0
typical savings,-1.1372805011641955,4.0,18.0
upper intake,-1.1372805011641955,4.0,18.0
600 800,-1.1372805011641955,4.0,18.0
security patches,-1.1372805011641955,4.0,18.0
features like,-1.1372805011641955,4.0,18.0
benefit of,-1.1372805011641955,4.0,18.0
derived from,-1.1372805011641955,4.0,18.0
30 to,-1.1372805011641955,4.0,18.0
age of,-1.1372805011641955,4.0,18.0
needs and,-1.1372805011641955,4.0,18.0
with age,-1.1372805011641955,4.0,18.0
and used,-1.1372805011641955,4.0,18.0
knowledge the,-1.1372805011641955,4.0,18.0
solution,-1.1373535111855222,67.0,140.0
charging,-1.1374181166045212,197.0,365.0
mg,-1.138069035064005,38.0,87.0
brands,-1.138634958968238,57.0,122.0
regulator,-1.1400807703283955,29.0,70.0
contaminants,-1.1400807703283955,29.0,70.0
a vpn,-1.143253645946213,68.0,142.0
sections,-1.1438392851874275,11.0,34.0
fed,-1.1438392851874275,11.0,34.0
layout,-1.1438392851874275,11.0,34.0
energy audit,-1.1438392851874275,11.0,34.0
25,-1.1443075253537196,58.0,124.0
the first,-1.1443854634127797,82.0,167.0
seconds,-1.147293215199702,40.0,91.0
far more,-1.1503567159734585,32.0,76.0
a family,-1.1508201763574062,6.0,23.0
circuits,-1.1508201763574062,6.0,23.0
planners,-1.1508201763574062,6.0,23.0
decreases,-1.1508201763574062,6.0,23.0
and research,-1.1508201763574062,6.0,23.0
distortion,-1.1508201763574062,6.0,23.0
800 iu,-1.1508201763574062,6.0,23.0
and potential,-1.1508201763574062,6.0,23.0
and higher,-1.1508201763574062,6.0,23.0
is 1,-1.1508201763574062,6.0,23.0
results and,-1.1508201763574062,6.0,23.0
designs,-1.1508201763574062,6.0,23.0
it prevents,-1.1508201763574062,6.0,23.0
bans,-1.1508201763574062,6.0,23.0
uses the,-1.1508201763574062,6.0,23.0
to 100,-1.1508201763574062,6.0,23.0
report or,-1.1508201763574062,6.0,23.0
income is,-1.1508201763574062,6.0,23.0
attachment or,-1.1508201763574062,6.0,23.0
000 7,-1.1508201763574062,6.0,23.0
within 24,-1.1508201763574062,6.0,23.0
shop's,-1.1508201763574062,6.0,23.0
device and,-1.1508201763574062,6.0,23.0
cover,-1.1513110186978717,104.0,206.0
repeated,-1.1519732297421093,41.0,93.0
prompt,-1.1524398355127126,10.0,32.0
for large,-1.1524398355127126,10.0,32.0
severe conditions,-1.1524398355127126,10.0,32.0
insulating,-1.1524398355127126,10.0,32.0
progression,-1.1524398355127126,10.0,32.0
fishing,-1.1524398355127126,10.0,32.0
light exposure,-1.1524398355127126,10.0,32.0
copyright,-1.1524398355127126,10.0,32.0
drag,-1.1524398355127126,10.0,32.0
a factor,-1.1524398355127126,10.0,32.0
parts,-1.152873670878478,92.0,185.0
small studies,-1.1565175133470116,75.0,155.0
currently,-1.1631799064055042,9.0,30.0
and timing,-1.1631799064055042,9.0,30.0
studies including,-1.1631799064055042,9.0,30.0
breakdown,-1.1631799064055042,9.0,30.0
that was,-1.1631799064055042,9.0,30.0
a 2,-1.1631799064055042,9.0,30.0
less important,-1.1631799064055042,9.0,30.0
validation,-1.1631799064055042,9.0,30.0
cavity,-1.1631799064055042,9.0,30.0
interest rate,-1.1631799064055042,9.0,30.0
have similar,-1.1631799064055042,9.0,30.0
upgrades,-1.1631799064055042,9.0,30.0
without the,-1.1631799064055042,9.0,30.0
lenses,-1.1657101215464667,36.0,84.0
not mandatory,-1.1659900414579096,20.0,53.0
have specific,-1.1663405068986783,19.0,51.0
be done,-1.1663405068986783,19.0,51.0
an exaggeration,-1.1663405068986783,19.0,51.0
drain,-1.166598795680256,72.0,150.0
cutoff,-1.1667141896853932,22.0,57.0
scope,-1.1667141896853932,22.0,57.0
the home,-1.1667141896853932,22.0,57.0
may require,-1.1676841875905155,23.0,59.0
sessions,-1.1676841875905155,23.0,59.0
margin,-1.168795972855095,17.0,47.0
spring,-1.168795972855095,17.0,47.0
no that,-1.1690013244659918,24.0,61.0
stretching,-1.1693882934614226,111.0,219.0
the test,-1.1710684801621516,16.0,45.0
diuretic,-1.1710684801621516,16.0,45.0
bills,-1.1710684801621516,16.0,45.0
digital eye,-1.1710684801621516,16.0,45.0
productivity,-1.1710684801621516,16.0,45.0
the work,-1.1710684801621516,16.0,45.0
dead zones,-1.1710684801621516,16.0,45.0
cracks,-1.1724293245052941,63.0,134.0
debris,-1.1725352889332308,26.0,65.0
diuretic effect,-1.1741755793939426,15.0,43.0
soluble,-1.1741755793939426,15.0,43.0
season,-1.1746882672800996,58.0,125.0
either,-1.174692015231751,27.0,67.0
and show,-1.175044763122254,5.0,21.0
reliable source,-1.175044763122254,5.0,21.0
and exclusions,-1.175044763122254,5.0,21.0
explain what,-1.175044763122254,5.0,21.0
minimum thickness,-1.175044763122254,5.0,21.0
pressure relief,-1.175044763122254,5.0,21.0
50 30,-1.175044763122254,5.0,21.0
no study,-1.175044763122254,5.0,21.0
collision,-1.175044763122254,5.0,21.0
30 20,-1.175044763122254,5.0,21.0
tire's,-1.175044763122254,5.0,21.0
bulb,-1.175044763122254,5.0,21.0
usually has,-1.175044763122254,5.0,21.0
that test,-1.175044763122254,5.0,21.0
service has,-1.175044763122254,5.0,21.0
an annual,-1.175044763122254,5.0,21.0
terms of,-1.175044763122254,5.0,21.0
on usage,-1.175044763122254,5.0,21.0
the tire's,-1.175044763122254,5.0,21.0
contractors,-1.175044763122254,5.0,21.0
diameter,-1.175044763122254,5.0,21.0
effects of,-1.175044763122254,5.0,21.0
lowest,-1.175044763122254,5.0,21.0
protecting,-1.175044763122254,5.0,21.0
overlap,-1.175044763122254,5.0,21.0
originally,-1.175044763122254,5.0,21.0
to create,-1.175044763122254,5.0,21.0
oils like,-1.175044763122254,5.0,21.0
research but,-1.175044763122254,5.0,21.0
by 10,-1.175044763122254,5.0,21.0
range for,-1.175044763122254,5.0,21.0
long you,-1.175044763122254,5.0,21.0
exact figure,-1.175044763122254,5.0,21.0
protection laws,-1.175044763122254,5.0,21.0
studentaid gov,-1.1765387883013134,8.0,28.0
studentaid,-1.1765387883013134,8.0,28.0
and social,-1.1765387883013134,8.0,28.0
small to,-1.1765387883013134,8.0,28.0
often say,-1.1765387883013134,8.0,28.0
no more,-1.1765387883013134,8.0,28.0
replicated,-1.1765387883013134,8.0,28.0
4 hours,-1.1765387883013134,8.0,28.0
examine,-1.1765387883013134,8.0,28.0
bar,-1.1765387883013134,8.0,28.0
guide for,-1.1765387883013134,8.0,28.0
about 20,-1.1765387883013134,8.0,28.0
exclusive and,-1.1765387883013134,8.0,28.0
years not,-1.1765387883013134,8.0,28.0
authentication,-1.1781153552372552,39.0,90.0
quotes,-1.1781153552372552,39.0,90.0
outperform,-1.178246528838433,14.0,41.0
restoration,-1.178246528838433,14.0,41.0
some research,-1.178246528838433,14.0,41.0
cleaning,-1.1785339186847505,240.0,440.0
medium,-1.1796605863853664,29.0,71.0
difference,-1.1813660552103764,161.0,306.0
20,-1.1831055005595386,438.0,770.0
year is,-1.183437605269422,13.0,39.0
alarm,-1.183437605269422,13.0,39.0
headache,-1.18536845112464,31.0,75.0
in cold,-1.18536845112464,31.0,75.0
porous,-1.1855200605140055,60.0,129.0
vaccines,-1.1855200605140055,60.0,129.0
grounding,-1.1856155855314556,48.0,107.0
supports,-1.1857393152467408,89.0,181.0
done,-1.1891001921237265,66.0,140.0
write,-1.1899395834445643,12.0,37.0
how they,-1.1899395834445643,12.0,37.0
curve,-1.1899395834445643,12.0,37.0
indicators,-1.1899395834445643,12.0,37.0
resumes,-1.1899395834445643,12.0,37.0
often the,-1.1899395834445643,12.0,37.0
simplification,-1.1899395834445643,12.0,37.0
auto,-1.191683832055639,33.0,79.0
a few,-1.1930489157317186,230.0,424.0
report to,-1.193148861455322,7.0,26.0
intervention,-1.193148861455322,7.0,26.0
requirement for,-1.193148861455322,7.0,26.0
both can,-1.193148861455322,7.0,26.0
graduated extinction,-1.193148861455322,7.0,26.0
2 32,-1.193148861455322,7.0,26.0
engineers,-1.193148861455322,7.0,26.0
particle,-1.193148861455322,7.0,26.0
emotional,-1.1950354877492422,34.0,81.0
deduct,-1.195416886615979,50.0,111.0
dispute,-1.1954840427967504,43.0,98.0
late payment,-1.1979878703868292,11.0,35.0
disclosure,-1.1979878703868292,11.0,35.0
most jurisdictions,-1.1979878703868292,11.0,35.0
prescribing,-1.1979878703868292,11.0,35.0
your jurisdiction,-1.1979878703868292,11.0,35.0
1000,-1.1979878703868292,11.0,35.0
co,-1.1979878703868292,11.0,35.0
cloud storage,-1.1979878703868292,11.0,35.0
against,-1.1980880377331755,354.0,632.0
sudden,-1.1999394540983566,44.0,100.0
them to,-1.1999394540983566,44.0,100.0
brand,-1.2008739920107552,78.0,162.0
chain,-1.202070553990006,36.0,85.0
instructions,-1.2027509266574006,83.0,171.0
soft,-1.204714418007646,121.0,238.0
two year,-1.206258424480863,4.0,19.0
yes studies,-1.206258424480863,4.0,19.0
resources like,-1.206258424480863,4.0,19.0
day of,-1.206258424480863,4.0,19.0
demonstrate,-1.206258424480863,4.0,19.0
status and,-1.206258424480863,4.0,19.0
structure and,-1.206258424480863,4.0,19.0
are about,-1.206258424480863,4.0,19.0
mineral deposits,-1.206258424480863,4.0,19.0
total protein,-1.206258424480863,4.0,19.0
suppression,-1.206258424480863,4.0,19.0
tests often,-1.206258424480863,4.0,19.0
on older,-1.206258424480863,4.0,19.0
by city,-1.206258424480863,4.0,19.0
of interest,-1.206258424480863,4.0,19.0
adverse effects,-1.206258424480863,4.0,19.0
but those,-1.206258424480863,4.0,19.0
adolescents,-1.206258424480863,4.0,19.0
maillard,-1.206258424480863,4.0,19.0
depends heavily,-1.206258424480863,4.0,19.0
likely the,-1.206258424480863,4.0,19.0
and pain,-1.206258424480863,4.0,19.0
wear can,-1.206258424480863,4.0,19.0
standing desks,-1.206258424480863,4.0,19.0
often advise,-1.206258424480863,4.0,19.0
credit scoring,-1.206258424480863,4.0,19.0
agency website,-1.206258424480863,4.0,19.0
but at,-1.206258424480863,4.0,19.0
the paper,-1.206258424480863,4.0,19.0
than 1,-1.2078764730745204,10.0,33.0
detectors,-1.2078764730745204,10.0,33.0
indirect,-1.2078764730745204,10.0,33.0
probiotic,-1.2078764730745204,10.0,33.0
can extend,-1.2078764730745204,10.0,33.0
filtration,-1.2078764730745204,10.0,33.0
a flat,-1.2078764730745204,10.0,33.0
fund,-1.2100126109513505,22.0,58.0
replacing the,-1.2103227538403933,23.0,60.0
examples,-1.2107006740426407,20.0,54.0
stated,-1.2110081563648358,24.0,62.0
of thumb,-1.2110081563648358,24.0,62.0
thumb,-1.2110081563648358,24.0,62.0
difficulty,-1.2118080089854595,19.0,52.0
ats,-1.2118080089854595,19.0,52.0
ask about,-1.2120304108752284,25.0,64.0
net,-1.2133558372694024,26.0,66.0
technology,-1.2135117508950095,18.0,50.0
your location,-1.2135117508950095,18.0,50.0
can see,-1.2135117508950095,18.0,50.0
or high,-1.2135117508950095,18.0,50.0
the company's,-1.2135117508950095,18.0,50.0
climate zone,-1.2138628856077613,6.0,24.0
enjoyment,-1.2138628856077613,6.0,24.0
interference and,-1.2138628856077613,6.0,24.0
coverage is,-1.2138628856077613,6.0,24.0
no most,-1.2138628856077613,6.0,24.0
tolerable,-1.2138628856077613,6.0,24.0
a lease,-1.2138628856077613,6.0,24.0
a stronger,-1.2138628856077613,6.0,24.0
can usually,-1.2138628856077613,6.0,24.0
unit is,-1.2138628856077613,6.0,24.0
de,-1.2138628856077613,6.0,24.0
for photos,-1.2138628856077613,6.0,24.0
dates and,-1.2138628856077613,6.0,24.0
and explain,-1.2138628856077613,6.0,24.0
and fda,-1.2138628856077613,6.0,24.0
privacy policy,-1.2138628856077613,6.0,24.0
and cooling,-1.2138628856077613,6.0,24.0
a definitive,-1.2138628856077613,6.0,24.0
wheel drive,-1.2138628856077613,6.0,24.0
for wet,-1.2138628856077613,6.0,24.0
objective,-1.2138628856077613,6.0,24.0
living,-1.2158914530224456,17.0,48.0
words,-1.2158914530224456,17.0,48.0
safety agencies,-1.2158914530224456,17.0,48.0
given,-1.2158914530224456,17.0,48.0
long,-1.2165335619580773,480.0,842.0
increasing,-1.216801044115743,28.0,70.0
additional,-1.2188713833271347,29.0,72.0
15 000,-1.219040735659838,16.0,46.0
flour,-1.219040735659838,16.0,46.0
oils and,-1.219040735659838,16.0,46.0
synthesis,-1.219040735659838,16.0,46.0
and age,-1.2199776210957818,9.0,31.0
algorithms,-1.2199776210957818,9.0,31.0
full frame,-1.2199776210957818,9.0,31.0
yoga,-1.2199776210957818,9.0,31.0
agency's,-1.2199776210957818,9.0,31.0
definitive,-1.221145126909993,30.0,74.0
related to,-1.2230705424538613,15.0,44.0
and then,-1.2230705424538613,15.0,44.0
guidance for,-1.2230705424538613,15.0,44.0
show modest,-1.2230705424538613,15.0,44.0
is some,-1.2230705424538613,15.0,44.0
account for,-1.2230705424538613,15.0,44.0
separate,-1.2232497699074336,82.0,170.0
verify the,-1.2232497699074336,82.0,170.0
can show,-1.2236038254560586,31.0,76.0
streaming,-1.2281133526310695,14.0,42.0
screen use,-1.2281133526310695,14.0,42.0
multiple quotes,-1.2281133526310695,14.0,42.0
partial,-1.2290117340559574,33.0,80.0
tell you,-1.2290117340559574,33.0,80.0
store,-1.2330556700728694,79.0,165.0
withdrawal,-1.2343286961079682,13.0,40.0
data but,-1.2343286961079682,13.0,40.0
cited but,-1.2347699341993101,8.0,29.0
2 years,-1.2347699341993101,8.0,29.0
discuss the,-1.2347699341993101,8.0,29.0
a pressure,-1.2347699341993101,8.0,29.0
and water,-1.235952165454831,64.0,138.0
are the,-1.235952165454831,64.0,138.0
dedicated,-1.2376052726562645,45.0,103.0
disinfectants,-1.239860671412802,5.0,22.0
and deep,-1.239860671412802,5.0,22.0
which often,-1.239860671412802,5.0,22.0
the ada,-1.239860671412802,5.0,22.0
comfortable and,-1.239860671412802,5.0,22.0
effect and,-1.239860671412802,5.0,22.0
21,-1.239860671412802,5.0,22.0
individual variation,-1.239860671412802,5.0,22.0
request the,-1.239860671412802,5.0,22.0
manufacturer instructions,-1.239860671412802,5.0,22.0
reviewed studies,-1.239860671412802,5.0,22.0
resource,-1.239860671412802,5.0,22.0
a private,-1.239860671412802,5.0,22.0
or app,-1.239860671412802,5.0,22.0
optical,-1.239860671412802,5.0,22.0
sudden and,-1.239860671412802,5.0,22.0
and poor,-1.239860671412802,5.0,22.0
legs,-1.239860671412802,5.0,22.0
contact with,-1.239860671412802,5.0,22.0
and require,-1.239860671412802,5.0,22.0
to 50,-1.239860671412802,5.0,22.0
prints,-1.239860671412802,5.0,22.0
for 5,-1.239860671412802,5.0,22.0
have low,-1.239860671412802,5.0,22.0
equity,-1.239860671412802,5.0,22.0
job search,-1.239860671412802,5.0,22.0
k,-1.239860671412802,5.0,22.0
gasoline,-1.239860671412802,5.0,22.0
is adequate,-1.239860671412802,5.0,22.0
structural damage,-1.239860671412802,5.0,22.0
freezer,-1.2419104712919247,12.0,38.0
will give,-1.2419104712919247,12.0,38.0
neutral,-1.2460844101524364,47.0,107.0
that's best,-1.2470977242860246,3.0,17.0
practice in,-1.2470977242860246,3.0,17.0
from high,-1.2470977242860246,3.0,17.0
no increased,-1.2470977242860246,3.0,17.0
no controlled,-1.2470977242860246,3.0,17.0
evidence to,-1.2470977242860246,3.0,17.0
no peer,-1.2470977242860246,3.0,17.0
improved sleep,-1.2470977242860246,3.0,17.0
replacement if,-1.2470977242860246,3.0,17.0
can reach,-1.2470977242860246,3.0,17.0
savings for,-1.2470977242860246,3.0,17.0
emphasizes,-1.2470977242860246,3.0,17.0
aligns,-1.2470977242860246,3.0,17.0
experts and,-1.2470977242860246,3.0,17.0
the early,-1.2470977242860246,3.0,17.0
warn about,-1.2470977242860246,3.0,17.0
are for,-1.2470977242860246,3.0,17.0
yes one,-1.2470977242860246,3.0,17.0
with strong,-1.2470977242860246,3.0,17.0
list a,-1.2470977242860246,3.0,17.0
on self,-1.2470977242860246,3.0,17.0
the facts,-1.2470977242860246,3.0,17.0
for self,-1.2470977242860246,3.0,17.0
objects and,-1.2470977242860246,3.0,17.0
speakers to,-1.2470977242860246,3.0,17.0
and epa,-1.2470977242860246,3.0,17.0
dose dependent,-1.2470977242860246,3.0,17.0
layer,-1.248259453746709,39.0,92.0
stability,-1.248259453746709,39.0,92.0
c,-1.2491659843090204,159.0,306.0
limit,-1.2502549449930298,170.0,325.0
distribution,-1.2510967987744808,11.0,36.0
tends,-1.2510967987744808,11.0,36.0
tends to,-1.2510967987744808,11.0,36.0
light and,-1.2524881317750547,23.0,61.0
and comfort,-1.2528798568911264,7.0,27.0
batteries are,-1.2528798568911264,7.0,27.0
it shows,-1.2528798568911264,7.0,27.0
temperatures and,-1.2528798568911264,7.0,27.0
complementary,-1.2528798568911264,7.0,27.0
troubleshooting,-1.2528798568911264,7.0,27.0
and short,-1.2528798568911264,7.0,27.0
common recommendation,-1.2528798568911264,7.0,27.0
encrypts traffic,-1.2528798568911264,7.0,27.0
risk in,-1.2528798568911264,7.0,27.0
control and,-1.2528798568911264,7.0,27.0
reaching,-1.2528798568911264,7.0,27.0
estate,-1.2530017093719752,25.0,65.0
ban,-1.2535862083415334,21.0,57.0
show the,-1.2537654753832468,26.0,67.0
potential,-1.254703020119676,49.0,111.0
not significantly,-1.2548586112597473,20.0,55.0
home remedy,-1.2548586112597473,20.0,55.0
penalty,-1.2548586112597473,20.0,55.0
most manufacturers,-1.2561511264101441,28.0,71.0
direction,-1.2566913223987979,19.0,53.0
relative,-1.2577210835444577,29.0,73.0
insurers,-1.2591545574822054,18.0,51.0
microwaves,-1.2591545574822054,18.0,51.0
pet,-1.2595125382594226,30.0,75.0
among,-1.2595125382594226,30.0,75.0
far,-1.2602198357955772,150.0,291.0
impact is,-1.2621835083830897,10.0,34.0
maps,-1.2621835083830897,10.0,34.0
regional,-1.2621835083830897,10.0,34.0
risk factors,-1.2621835083830897,10.0,34.0
the state,-1.2621835083830897,10.0,34.0
on public,-1.2621835083830897,10.0,34.0
a direct,-1.2623301892776277,17.0,49.0
built in,-1.2623301892776277,17.0,49.0
idea,-1.263549932644447,197.0,372.0
many manufacturers,-1.2660309665627996,33.0,81.0
moderate coffee,-1.2663142748379979,16.0,47.0
dilated,-1.2663142748379979,16.0,47.0
of your,-1.2703487292690698,76.0,161.0
in people,-1.2712202754184776,15.0,45.0
efficacy,-1.2712202754184776,15.0,45.0
communication,-1.2717866014103962,71.0,152.0
angles,-1.2728251432050122,4.0,20.0
for common,-1.2728251432050122,4.0,20.0
6 5,-1.2728251432050122,4.0,20.0
avoiding extreme,-1.2728251432050122,4.0,20.0
letting the,-1.2728251432050122,4.0,20.0
lease terms,-1.2728251432050122,4.0,20.0
law many,-1.2728251432050122,4.0,20.0
academic sources,-1.2728251432050122,4.0,20.0
and visa,-1.2728251432050122,4.0,20.0
proportion of,-1.2728251432050122,4.0,20.0
co2,-1.2728251432050122,4.0,20.0
far above,-1.2728251432050122,4.0,20.0
that people,-1.2728251432050122,4.0,20.0
blanket claim,-1.2728251432050122,4.0,20.0
analyser,-1.2728251432050122,4.0,20.0
a primary,-1.2728251432050122,4.0,20.0
deduct for,-1.2728251432050122,4.0,20.0
some high,-1.2728251432050122,4.0,20.0
independent audits,-1.2728251432050122,4.0,20.0
of how,-1.2728251432050122,4.0,20.0
home internet,-1.2728251432050122,4.0,20.0
or similar,-1.2728251432050122,4.0,20.0
with higher,-1.2728251432050122,4.0,20.0
moisture loss,-1.2728251432050122,4.0,20.0
with and,-1.2728251432050122,4.0,20.0
negotiation research,-1.2728251432050122,4.0,20.0
tyre pressure,-1.2728251432050122,4.0,20.0
interval,-1.2750166562593908,149.0,290.0
but its,-1.2751443379810536,6.0,25.0
or by,-1.2751443379810536,6.0,25.0
ion exchange,-1.2751443379810536,6.0,25.0
ago,-1.2751443379810536,6.0,25.0
soft inquiries,-1.2751443379810536,6.0,25.0
colony,-1.2751443379810536,6.0,25.0
midsole,-1.2751443379810536,6.0,25.0
a commonly,-1.2751443379810536,6.0,25.0
others have,-1.2751443379810536,6.0,25.0
debts,-1.2751443379810536,6.0,25.0
to assess,-1.2751443379810536,6.0,25.0
sizes are,-1.2751443379810536,6.0,25.0
braking,-1.2755429394001974,9.0,32.0
under normal,-1.2755429394001974,9.0,32.0
investigation,-1.2755429394001974,9.0,32.0
aeration,-1.2755429394001974,9.0,32.0
rule many,-1.2755429394001974,9.0,32.0
recommend avoiding,-1.2755429394001974,9.0,32.0
individual and,-1.2755429394001974,9.0,32.0
a more,-1.2767108176862656,54.0,121.0
show a,-1.2768438229022108,37.0,89.0
fare,-1.277183202988519,14.0,43.0
posts,-1.277183202988519,14.0,43.0
survival,-1.277183202988519,14.0,43.0
spaced,-1.277183202988519,14.0,43.0
a wired,-1.277183202988519,14.0,43.0
cardiomyopathy,-1.277183202988519,14.0,43.0
recycling,-1.277183202988519,14.0,43.0
half,-1.2811728291598807,55.0,123.0
wine,-1.2811728291598807,55.0,123.0
interior,-1.284365022738746,13.0,41.0
best practice,-1.284365022738746,13.0,41.0
nasal,-1.284365022738746,13.0,41.0
discharge,-1.2861528818586039,40.0,95.0
miles,-1.2900033089991156,209.0,394.0
locally,-1.291650689948548,8.0,30.0
multiply,-1.291650689948548,8.0,30.0
12 weeks,-1.291650689948548,8.0,30.0
civil,-1.291650689948548,8.0,30.0
is within,-1.291650689948548,8.0,30.0
noise and,-1.291650689948548,8.0,30.0
and professional,-1.291650689948548,8.0,30.0
the comparison,-1.291650689948548,8.0,30.0
synthetic,-1.2918827974463736,90.0,187.0
a requirement,-1.2929617829010973,12.0,39.0
ada,-1.2929617829010973,12.0,39.0
overstating,-1.2929617829010973,12.0,39.0
the range,-1.2929617829010973,12.0,39.0
installed,-1.2929617829010973,12.0,39.0
argue,-1.2929617829010973,12.0,39.0
while others,-1.2935532588251248,25.0,66.0
death,-1.2936806536623027,24.0,64.0
your isp,-1.2936806536623027,24.0,64.0
2 1,-1.2937737679297092,26.0,68.0
have different,-1.294192495487927,23.0,62.0
trust,-1.2943098735682388,27.0,70.0
pressure is,-1.2943098735682388,27.0,70.0
flushing,-1.2943098735682388,27.0,70.0
eligibility,-1.295132910681484,28.0,72.0
no you,-1.296541302617634,21.0,58.0
500,-1.2982980447997132,138.0,272.0
events,-1.2997503509647472,44.0,103.0
exists,-1.3008228791905645,32.0,80.0
upgrade,-1.3010079276691617,19.0,54.0
the lease,-1.3010079276691617,19.0,54.0
and service,-1.302708755265369,5.0,23.0
interest on,-1.302708755265369,5.0,23.0
adults the,-1.302708755265369,5.0,23.0
from reputable,-1.302708755265369,5.0,23.0
myth for,-1.302708755265369,5.0,23.0
that reduces,-1.302708755265369,5.0,23.0
unless there's,-1.302708755265369,5.0,23.0
as safe,-1.302708755265369,5.0,23.0
product's,-1.302708755265369,5.0,23.0
divide,-1.302708755265369,5.0,23.0
they should,-1.302708755265369,5.0,23.0
legal requirement,-1.302708755265369,5.0,23.0
however if,-1.302708755265369,5.0,23.0
drivetrain,-1.302708755265369,5.0,23.0
derived,-1.302708755265369,5.0,23.0
and cleaning,-1.302708755265369,5.0,23.0
intakes,-1.302708755265369,5.0,23.0
a clear,-1.3027474063638,33.0,82.0
flat,-1.3030395986592114,53.0,120.0
ai,-1.3030395986592114,53.0,120.0
series,-1.303213158172988,11.0,37.0
6 12,-1.303213158172988,11.0,37.0
for years,-1.303213158172988,11.0,37.0
figures,-1.303213158172988,11.0,37.0
trail,-1.3041979317449048,18.0,52.0
ordinary,-1.3041979317449048,18.0,52.0
training,-1.3051862336512146,212.0,400.0
is that,-1.3069485942423558,46.0,107.0
drywall,-1.3070883514908476,35.0,86.0
replacement every,-1.3111245690501065,7.0,28.0
work without,-1.3111245690501065,7.0,28.0
the repair,-1.3111245690501065,7.0,28.0
posture and,-1.3111245690501065,7.0,28.0
the alternator,-1.3111245690501065,7.0,28.0
and in,-1.3111245690501065,7.0,28.0
incidents,-1.3111245690501065,7.0,28.0
industries,-1.3111245690501065,7.0,28.0
32gb,-1.3111245690501065,7.0,28.0
publicly,-1.3111245690501065,7.0,28.0
maintains,-1.3111245690501065,7.0,28.0
has shown,-1.3111245690501065,7.0,28.0
instructions for,-1.3111245690501065,7.0,28.0
by an,-1.3111245690501065,7.0,28.0
can remove,-1.3114635270695563,55.0,124.0
or less,-1.3129129105711739,16.0,48.0
partly,-1.3129129105711739,16.0,48.0
recovery,-1.3146271713779114,145.0,285.0
can ask,-1.3146451688093421,38.0,92.0
website is,-1.3152471142227258,3.0,18.0
recommend cleaning,-1.3152471142227258,3.0,18.0
diy task,-1.3152471142227258,3.0,18.0
and insurance,-1.3152471142227258,3.0,18.0
yes most,-1.3152471142227258,3.0,18.0
predicts,-1.3152471142227258,3.0,18.0
visually,-1.3152471142227258,3.0,18.0
placebo controlled,-1.3152471142227258,3.0,18.0
of 10,-1.3152471142227258,3.0,18.0
protection agency,-1.3152471142227258,3.0,18.0
than raw,-1.3152471142227258,3.0,18.0
benefits i,-1.3152471142227258,3.0,18.0
that low,-1.3152471142227258,3.0,18.0
absence of,-1.3152471142227258,3.0,18.0
or manufacturer,-1.3152471142227258,3.0,18.0
or equivalent,-1.3152471142227258,3.0,18.0
raise the,-1.3152471142227258,3.0,18.0
tolerance and,-1.3152471142227258,3.0,18.0
is why,-1.3152471142227258,3.0,18.0
is included,-1.3152471142227258,3.0,18.0
french units,-1.3152471142227258,3.0,18.0
rigorous research,-1.3152471142227258,3.0,18.0
for mold,-1.3152471142227258,3.0,18.0
culinary,-1.3152471142227258,3.0,18.0
and distance,-1.3152471142227258,3.0,18.0
high caffeine,-1.3152471142227258,3.0,18.0
some cameras,-1.3152471142227258,3.0,18.0
be upselling,-1.3152471142227258,3.0,18.0
and english,-1.3152471142227258,3.0,18.0
and model,-1.3152471142227258,3.0,18.0
first then,-1.3154154255170152,10.0,35.0
had a,-1.3154154255170152,10.0,35.0
at typical,-1.3154154255170152,10.0,35.0
union,-1.3154154255170152,10.0,35.0
for non,-1.3154154255170152,10.0,35.0
number,-1.3159654035243638,331.0,602.0
life,-1.317446914946426,211.0,399.0
conditions the,-1.3254860068694947,14.0,44.0
the model,-1.3254860068694947,14.0,44.0
in real,-1.3254860068694947,14.0,44.0
bike,-1.3254860068694947,14.0,44.0
for preventing,-1.3254860068694947,14.0,44.0
safest,-1.32855003842152,59.0,132.0
heating,-1.3297152783268298,52.0,119.0
serving,-1.329939417255265,9.0,33.0
recommend using,-1.329939417255265,9.0,33.0
polysomnography,-1.329939417255265,9.0,33.0
lag,-1.329939417255265,9.0,33.0
they cannot,-1.329939417255265,9.0,33.0
against using,-1.329939417255265,9.0,33.0
complex,-1.3328613242588068,60.0,134.0
temperature and,-1.3334196400352458,27.0,71.0
empirical,-1.3335803998866465,13.0,42.0
candidates,-1.3335803998866465,13.0,42.0
caps,-1.3335803998866465,13.0,42.0
writing and,-1.3335803998866465,13.0,42.0
day for,-1.3335803998866465,13.0,42.0
concise,-1.3347828338529861,6.0,26.0
water soluble,-1.3347828338529861,6.0,26.0
for official,-1.3347828338529861,6.0,26.0
systems and,-1.3347828338529861,6.0,26.0
ideally,-1.3347828338529861,6.0,26.0
interpret,-1.3347828338529861,6.0,26.0
ceramic coatings,-1.3347828338529861,6.0,26.0
and injury,-1.3347828338529861,6.0,26.0
energy expenditure,-1.3347828338529861,6.0,26.0
the evening,-1.3347828338529861,6.0,26.0
power and,-1.3347828338529861,6.0,26.0
health and,-1.3352357559361983,30.0,77.0
best,-1.3368740366855314,418.0,749.0
and networking,-1.337185742913833,4.0,21.0
insulation and,-1.337185742913833,4.0,21.0
savings from,-1.337185742913833,4.0,21.0
and testing,-1.337185742913833,4.0,21.0
is insufficient,-1.337185742913833,4.0,21.0
range from,-1.337185742913833,4.0,21.0
exposed to,-1.337185742913833,4.0,21.0
the measurement,-1.337185742913833,4.0,21.0
a guest,-1.337185742913833,4.0,21.0
test kit,-1.337185742913833,4.0,21.0
batteries degrade,-1.337185742913833,4.0,21.0
powered,-1.337185742913833,4.0,21.0
often include,-1.337185742913833,4.0,21.0
epa recommends,-1.337185742913833,4.0,21.0
may cover,-1.337185742913833,4.0,21.0
many recruiters,-1.337185742913833,4.0,21.0
work from,-1.337185742913833,4.0,21.0
visa type,-1.337185742913833,4.0,21.0
and speed,-1.337185742913833,4.0,21.0
suppress melatonin,-1.337185742913833,4.0,21.0
page or,-1.337185742913833,4.0,21.0
pediatrics recommends,-1.337185742913833,4.0,21.0
accounts for,-1.337185742913833,4.0,21.0
grocery,-1.337185742913833,4.0,21.0
fixtures,-1.337185742913833,4.0,21.0
consumption,-1.3415211874078667,62.0,138.0
drinkers,-1.3431319498429226,12.0,40.0
node,-1.3431319498429226,12.0,40.0
and light,-1.3431319498429226,12.0,40.0
improvement in,-1.3431319498429226,12.0,40.0
changes in,-1.3447745381016356,19.0,55.0
record,-1.3469002621708288,37.0,91.0
clouds,-1.34725585039411,8.0,31.0
parents,-1.34725585039411,8.0,31.0
widespread,-1.34725585039411,8.0,31.0
owner,-1.34725585039411,8.0,31.0
studies found,-1.34725585039411,8.0,31.0
manual specifies,-1.34725585039411,8.0,31.0
stretches,-1.34725585039411,8.0,31.0
species and,-1.34725585039411,8.0,31.0
severity,-1.3486602901923594,18.0,53.0
current,-1.3487440311723877,332.0,606.0
compounds,-1.3516065027667186,39.0,95.0
meaning,-1.3533219769311542,17.0,51.0
failed,-1.3533219769311542,17.0,51.0
see the,-1.3541344160005597,40.0,97.0
agree,-1.354380905545842,11.0,38.0
later,-1.3552280262091396,145.0,287.0
the difference,-1.3567472797293059,51.0,118.0
the current,-1.3567677101030626,41.0,99.0
pressure can,-1.3588592644764383,16.0,49.0
porous materials,-1.3588592644764383,16.0,49.0
wary of,-1.3588592644764383,16.0,49.0
designed for,-1.359498876848059,42.0,101.0
says,-1.3604473239348196,108.0,222.0
fact that,-1.363733930845785,5.0,24.0
than 30,-1.363733930845785,5.0,24.0
good starting,-1.363733930845785,5.0,24.0
around 6,-1.363733930845785,5.0,24.0
magnitude,-1.363733930845785,5.0,24.0
on screen,-1.363733930845785,5.0,24.0
proven ingredients,-1.363733930845785,5.0,24.0
are used,-1.363733930845785,5.0,24.0
determine the,-1.363733930845785,5.0,24.0
flush is,-1.363733930845785,5.0,24.0
improve energy,-1.363733930845785,5.0,24.0
repair and,-1.363733930845785,5.0,24.0
cancer research,-1.363733930845785,5.0,24.0
set by,-1.363733930845785,5.0,24.0
screws,-1.363733930845785,5.0,24.0
compliance,-1.363733930845785,5.0,24.0
official sources,-1.363733930845785,5.0,24.0
pay for,-1.365389170793641,15.0,47.0
or no,-1.365389170793641,15.0,47.0
a fair,-1.3676228487746438,10.0,36.0
density,-1.3676228487746438,10.0,36.0
personality,-1.3679718568888612,7.0,29.0
state the,-1.3679718568888612,7.0,29.0
positions,-1.3679718568888612,7.0,29.0
microbial,-1.3679718568888612,7.0,29.0
100,-1.3685716055796726,242.0,455.0
cards,-1.3712720112315397,46.0,109.0
are common,-1.3712720112315397,46.0,109.0
conflict,-1.372023238373774,28.0,74.0
high quality,-1.372023238373774,28.0,74.0
many jurisdictions,-1.372023238373774,28.0,74.0
context,-1.372100201056708,69.0,152.0
frequently,-1.372162040391328,27.0,72.0
ordinance,-1.3730500406291506,14.0,45.0
extinction,-1.3730500406291506,14.0,45.0
load test,-1.3730500406291506,14.0,45.0
admissions,-1.374181874791316,32.0,82.0
fixed,-1.3743492266390478,172.0,335.0
country and,-1.3746376052882967,24.0,66.0
tpms,-1.3746376052882967,24.0,66.0
48,-1.3746376052882967,24.0,66.0
form,-1.3753558063909521,56.0,128.0
gaps,-1.3766013655051426,34.0,86.0
test can,-1.3783615690990159,22.0,62.0
new,-1.3787613060447312,220.0,418.0
files,-1.379739340906465,36.0,90.0
react to,-1.3809243269401354,3.0,19.0
and replacing,-1.3809243269401354,3.0,19.0
correct a,-1.3809243269401354,3.0,19.0
classified,-1.3809243269401354,3.0,19.0
majority of,-1.3809243269401354,3.0,19.0
and plant,-1.3809243269401354,3.0,19.0
study that,-1.3809243269401354,3.0,19.0
your report,-1.3809243269401354,3.0,19.0
japanese,-1.3809243269401354,3.0,19.0
it appears,-1.3809243269401354,3.0,19.0
a machine,-1.3809243269401354,3.0,19.0
fees for,-1.3809243269401354,3.0,19.0
are cold,-1.3809243269401354,3.0,19.0
below 4,-1.3809243269401354,3.0,19.0
97,-1.3809243269401354,3.0,19.0
more energy,-1.3809243269401354,3.0,19.0
wildlife agency,-1.3809243269401354,3.0,19.0
health bodies,-1.3809243269401354,3.0,19.0
to 15,-1.3809243269401354,3.0,19.0
minimize,-1.3809243269401354,3.0,19.0
costs but,-1.3809243269401354,3.0,19.0
a source,-1.3809243269401354,3.0,19.0
codes and,-1.3809243269401354,3.0,19.0
simple diy,-1.3809243269401354,3.0,19.0
sites often,-1.3809243269401354,3.0,19.0
name plus,-1.3809243269401354,3.0,19.0
a threshold,-1.3809243269401354,3.0,19.0
sidewall max,-1.3809243269401354,3.0,19.0
no modern,-1.3809243269401354,3.0,19.0
emissions,-1.380978364119164,21.0,60.0
dilated cardiomyopathy,-1.382006676673076,13.0,43.0
a precise,-1.382006676673076,13.0,43.0
local housing,-1.382006676673076,13.0,43.0
explained,-1.383225793649954,9.0,34.0
defects,-1.383225793649954,9.0,34.0
to 3,-1.383225793649954,9.0,34.0
if available,-1.383225793649954,9.0,34.0
consensus,-1.384145398136744,50.0,117.0
24,-1.3852774093589286,72.0,158.0
extreme,-1.3910129795780641,67.0,149.0
air,-1.391783640600195,313.0,577.0
scientists,-1.392457042586664,12.0,41.0
supporting,-1.392457042586664,12.0,41.0
older adults,-1.392457042586664,12.0,41.0
3 6,-1.392457042586664,12.0,41.0
most homes,-1.392457042586664,12.0,41.0
identify the,-1.392457042586664,12.0,41.0
purpose,-1.392559218181342,18.0,54.0
consent,-1.3928849955603848,6.0,27.0
for current,-1.3928849955603848,6.0,27.0
little to,-1.3928849955603848,6.0,27.0
usb,-1.3928849955603848,6.0,27.0
of about,-1.3928849955603848,6.0,27.0
servers,-1.3928849955603848,6.0,27.0
how many,-1.3928849955603848,6.0,27.0
volunteer,-1.3928849955603848,6.0,27.0
maximum,-1.3952163444832224,68.0,151.0
that a,-1.3978502261019248,54.0,125.0
the interval,-1.3979148083214668,17.0,52.0
helmets,-1.3979148083214668,17.0,52.0
animals,-1.3979148083214668,17.0,52.0
80 of,-1.399519683783362,4.0,22.0
pumps,-1.399519683783362,4.0,22.0
one time,-1.399519683783362,4.0,22.0
register,-1.399519683783362,4.0,22.0
resistance and,-1.399519683783362,4.0,22.0
experimental,-1.399519683783362,4.0,22.0
childhood,-1.399519683783362,4.0,22.0
for employees,-1.399519683783362,4.0,22.0
credit utilization,-1.399519683783362,4.0,22.0
replication,-1.399519683783362,4.0,22.0
and accidental,-1.399519683783362,4.0,22.0
formulation,-1.399519683783362,4.0,22.0
soluble vitamins,-1.399519683783362,4.0,22.0
about 3,-1.399519683783362,4.0,22.0
browser fingerprinting,-1.399519683783362,4.0,22.0
probability of,-1.399519683783362,4.0,22.0
lab studies,-1.4016541174927946,8.0,32.0
to no,-1.4016541174927946,8.0,32.0
materials and,-1.4016541174927946,8.0,32.0
industry and,-1.4016541174927946,8.0,32.0
pixels,-1.4016541174927946,8.0,32.0
better approach,-1.4016541174927946,8.0,32.0
orientation,-1.4016541174927946,8.0,32.0
placard,-1.4041748436556425,16.0,50.0
in low,-1.4041748436556425,16.0,50.0
no fixed,-1.4046411346658754,11.0,39.0
compatible,-1.4046411346658754,11.0,39.0
eviction,-1.4046411346658754,11.0,39.0
tire rotation,-1.4046411346658754,11.0,39.0
anecdotal,-1.4059984851983736,47.0,112.0
you the,-1.4089262954000994,48.0,114.0
environment,-1.409655418920917,30.0,79.0
debated,-1.4099138846979926,31.0,81.0
vehicles,-1.4099138846979926,31.0,81.0
pipe,-1.4099138846979926,31.0,81.0
largely,-1.4105451005091965,27.0,73.0
cycle,-1.4105544968176036,65.0,146.0
mountain,-1.4114574946127496,15.0,48.0
wedding,-1.4114574946127496,15.0,48.0
limited,-1.4121532379009387,234.0,444.0
support the,-1.4127874427632787,25.0,69.0
time,-1.4128584595016696,870.0,1501.0
a blanket,-1.4144985452360546,24.0,67.0
a written,-1.4145565349925588,66.0,148.0
play,-1.4159395937558672,37.0,93.0
suggest,-1.417137929586806,276.0,516.0
risk of,-1.418841313661538,101.0,212.0
and read,-1.418852894199683,10.0,37.0
range and,-1.418852894199683,10.0,37.0
customer service,-1.418852894199683,10.0,37.0
can negotiate,-1.418852894199683,10.0,37.0
significant effect,-1.418852894199683,10.0,37.0
land,-1.418852894199683,10.0,37.0
for high,-1.4193001757951775,22.0,63.0
they also,-1.422486502574599,21.0,61.0
infant,-1.422486502574599,21.0,61.0
the aap,-1.4230654068329642,5.0,25.0
study the,-1.4230654068329642,5.0,25.0
are inconsistent,-1.4230654068329642,5.0,25.0
formulations,-1.4230654068329642,5.0,25.0
the bureau,-1.4230654068329642,5.0,25.0
held,-1.4230654068329642,5.0,25.0
5 and,-1.4230654068329642,5.0,25.0
developer,-1.4235027582766762,7.0,30.0
contrast,-1.4235027582766762,7.0,30.0
heavily on,-1.4235027582766762,7.0,30.0
imaging,-1.4235027582766762,7.0,30.0
rating,-1.4244704583078927,53.0,124.0
the car,-1.4253229545085777,42.0,103.0
max,-1.4262713904841509,20.0,59.0
coffee,-1.4266608175562274,205.0,395.0
performance and,-1.4296738837324612,13.0,44.0
which is,-1.4300598956489459,113.0,234.0
posture,-1.430861138579463,88.0,189.0
60,-1.4332337451984687,136.0,275.0
some jurisdictions,-1.435456459871648,9.0,35.0
oil life,-1.435456459871648,9.0,35.0
but even,-1.435456459871648,9.0,35.0
to provide,-1.435456459871648,9.0,35.0
commonly cited,-1.435456459871648,9.0,35.0
slightly lower,-1.435456459871648,9.0,35.0
or check,-1.4359115182639168,18.0,55.0
privacy,-1.4382774749346487,110.0,229.0
lighting,-1.4383500724681473,65.0,147.0
lighting and,-1.4409709572614102,12.0,42.0
suggested,-1.4409709572614102,12.0,42.0
management,-1.4416309346505132,142.0,286.0
wary,-1.441930576997463,17.0,53.0
identification,-1.441930576997463,17.0,53.0
roads,-1.441930576997463,17.0,53.0
listings,-1.441930576997463,17.0,53.0
typically requires,-1.4443531510050047,3.0,20.0
example of,-1.4443531510050047,3.0,20.0
rises,-1.4443531510050047,3.0,20.0
yes they,-1.4443531510050047,3.0,20.0
visual inspection,-1.4443531510050047,3.0,20.0
manufacturer's maintenance,-1.4443531510050047,3.0,20.0
insufficient evidence,-1.4443531510050047,3.0,20.0
on credit,-1.4443531510050047,3.0,20.0
no adverse,-1.4443531510050047,3.0,20.0
norms,-1.4443531510050047,3.0,20.0
efficiency and,-1.4443531510050047,3.0,20.0
windows and,-1.4443531510050047,3.0,20.0
on deliberate,-1.4443531510050047,3.0,20.0
screen time,-1.4466971621578757,33.0,86.0
different,-1.4471442148698805,296.0,552.0
less than,-1.4481552676664402,60.0,138.0
incognito mode,-1.4485765886999282,27.0,74.0
rule of,-1.4485765886999282,27.0,74.0
so a,-1.4488801114707486,16.0,51.0
be wary,-1.4488801114707486,16.0,51.0
fluid,-1.4489545567000341,117.0,242.0
tenancy,-1.4489664334149104,36.0,92.0
toothpastes,-1.4495472451726563,6.0,28.0
carbon dioxide,-1.4495472451726563,6.0,28.0
but less,-1.4495472451726563,6.0,28.0
range but,-1.4495472451726563,6.0,28.0
selection,-1.4495472451726563,6.0,28.0
brightness and,-1.4495472451726563,6.0,28.0
residues,-1.4499736542466404,26.0,72.0
sidewall,-1.4500884761369444,37.0,94.0
wall,-1.4528067404775273,39.0,98.0
central,-1.4528067404775273,39.0,98.0
flights,-1.4540323162102635,11.0,40.0
35,-1.4540323162102635,11.0,40.0
after exercise,-1.4540323162102635,11.0,40.0
get multiple,-1.4540323162102635,11.0,40.0
data the,-1.4549087381195274,8.0,33.0
circadian,-1.4549087381195274,8.0,33.0
for each,-1.4549087381195274,8.0,33.0
terrain,-1.4549087381195274,8.0,33.0
scales,-1.4549087381195274,8.0,33.0
economists,-1.4549087381195274,8.0,33.0
and ensure,-1.4549087381195274,8.0,33.0
occupational,-1.4568790922435875,15.0,49.0
finger,-1.459984890699519,4.0,23.0
to 6,-1.459984890699519,4.0,23.0
coffee drinkers,-1.459984890699519,4.0,23.0
exposes,-1.459984890699519,4.0,23.0
poultry,-1.459984890699519,4.0,23.0
legislation,-1.459984890699519,4.0,23.0
and non,-1.459984890699519,4.0,23.0
wildlife agencies,-1.459984890699519,4.0,23.0
home and,-1.459984890699519,4.0,23.0
exceeds,-1.459984890699519,4.0,23.0
relationship,-1.4605509618196015,55.0,129.0
practice,-1.4633157519163786,339.0,626.0
synthetic oils,-1.4660673434947444,14.0,47.0
loading,-1.4660673434947444,14.0,47.0
on climate,-1.4660673434947444,14.0,47.0
contact,-1.4664624618466717,228.0,437.0
lack,-1.466864025800637,57.0,133.0
mortgage,-1.46789134582525,20.0,60.0
called,-1.46789134582525,20.0,60.0
low cost,-1.469149482544101,10.0,38.0
cartridges,-1.469149482544101,10.0,38.0
levels are,-1.469149482544101,10.0,38.0
can confirm,-1.469149482544101,10.0,38.0
the camera,-1.469149482544101,10.0,38.0
count,-1.469665354054117,66.0,150.0
baking,-1.470108843873615,148.0,298.0
family,-1.4710568178253962,48.0,116.0
rough,-1.4733403648724657,59.0,137.0
forms,-1.476610367042766,13.0,45.0
are mixed,-1.476610367042766,13.0,45.0
and adjust,-1.476610367042766,13.0,45.0
typically last,-1.476610367042766,13.0,45.0
cabin,-1.476610367042766,13.0,45.0
minutes of,-1.476610367042766,13.0,45.0
but often,-1.476610367042766,13.0,45.0
learning,-1.477225163819198,93.0,200.0
forces,-1.4777913743809397,7.0,31.0
specific conditions,-1.4777913743809397,7.0,31.0
or official,-1.4777913743809397,7.0,31.0
highest,-1.4777913743809397,7.0,31.0
years depending,-1.4777913743809397,7.0,31.0
many devices,-1.4777913743809397,7.0,31.0
and performance,-1.4777913743809397,7.0,31.0
can measure,-1.4777913743809397,7.0,31.0
distances,-1.4777913743809397,7.0,31.0
official website,-1.4787332551380135,18.0,56.0
exposed,-1.4787332551380135,18.0,56.0
calculate,-1.4787332551380135,18.0,56.0
percentages,-1.4787332551380135,18.0,56.0
rarely,-1.4798090694573927,99.0,211.0
neither,-1.4808188659404213,5.0,26.0
a public,-1.4808188659404213,5.0,26.0
in adults,-1.4808188659404213,5.0,26.0
strike,-1.4808188659404213,5.0,26.0
or look,-1.4808188659404213,5.0,26.0
responsive,-1.4808188659404213,5.0,26.0
century,-1.4808188659404213,5.0,26.0
ingredients are,-1.4808188659404213,5.0,26.0
resistance but,-1.4808188659404213,5.0,26.0
show small,-1.4808188659404213,5.0,26.0
formation,-1.4808188659404213,5.0,26.0
application,-1.4833200954034014,62.0,143.0
your home,-1.4849585442124367,38.0,97.0
input,-1.4853869444567722,17.0,54.0
by state,-1.4853869444567722,17.0,54.0
for at,-1.4866818737138319,9.0,36.0
bluetooth,-1.4866818737138319,9.0,36.0
ip,-1.487351825829037,40.0,101.0
the 2,-1.488705584595537,12.0,43.0
rate is,-1.488705584595537,12.0,43.0
slightly more,-1.488705584595537,12.0,43.0
universally,-1.4899083465438736,55.0,130.0
non,-1.4903394883873513,226.0,435.0
injury risk,-1.4903520573697742,25.0,71.0
required,-1.4917632773505989,219.0,423.0
entry,-1.4919645355105493,43.0,107.0
exact percentage,-1.4929945528898445,16.0,52.0
exclusive,-1.493033782970913,24.0,69.0
few,-1.4949980377595093,273.0,516.0
the tire,-1.496194270146075,23.0,67.0
equipment,-1.4998800358045012,22.0,65.0
decades,-1.4998800358045012,22.0,65.0
blocking,-1.4998800358045012,22.0,65.0
shorter,-1.500929827549263,81.0,179.0
from clinical,-1.501532523735729,2.0,18.0
science and,-1.501532523735729,2.0,18.0
also test,-1.501532523735729,2.0,18.0
culture and,-1.501532523735729,2.0,18.0
time yes,-1.501532523735729,2.0,18.0
sizes vary,-1.501532523735729,2.0,18.0
definition of,-1.501532523735729,2.0,18.0
each part,-1.501532523735729,2.0,18.0
they suggest,-1.501532523735729,2.0,18.0
osmosis can,-1.501532523735729,2.0,18.0
standardised,-1.501532523735729,2.0,18.0
rate depends,-1.501532523735729,2.0,18.0
reports or,-1.501532523735729,2.0,18.0
commission has,-1.501532523735729,2.0,18.0
while a,-1.501532523735729,2.0,18.0
clinic and,-1.501532523735729,2.0,18.0
noted that,-1.501532523735729,2.0,18.0
plausible but,-1.501532523735729,2.0,18.0
dioxide,-1.502590513572143,11.0,41.0
all you,-1.5048570578666591,6.0,29.0
use for,-1.5048570578666591,6.0,29.0
improvements in,-1.5048570578666591,6.0,29.0
extraction,-1.5048570578666591,6.0,29.0
societies,-1.5048570578666591,6.0,29.0
knees,-1.5048570578666591,6.0,29.0
at 2,-1.5048570578666591,6.0,29.0
better no,-1.5048570578666591,6.0,29.0
populations,-1.5048570578666591,6.0,29.0
tax authority's,-1.5048570578666591,6.0,29.0
under load,-1.505727378554689,3.0,21.0
levels in,-1.505727378554689,3.0,21.0
informal,-1.505727378554689,3.0,21.0
countries have,-1.505727378554689,3.0,21.0
french and,-1.505727378554689,3.0,21.0
vpn server,-1.505727378554689,3.0,21.0
and recent,-1.505727378554689,3.0,21.0
adsorption,-1.505727378554689,3.0,21.0
be inspected,-1.505727378554689,3.0,21.0
pages for,-1.505727378554689,3.0,21.0
updates can,-1.505727378554689,3.0,21.0
helps for,-1.505727378554689,3.0,21.0
bereavement,-1.505727378554689,3.0,21.0
needed in,-1.505727378554689,3.0,21.0
consumption and,-1.505727378554689,3.0,21.0
across all,-1.505727378554689,3.0,21.0
correct approach,-1.505727378554689,3.0,21.0
at 5,-1.505727378554689,3.0,21.0
the fair,-1.505727378554689,3.0,21.0
speed tests,-1.505727378554689,3.0,21.0
frequency,-1.507012106366397,76.0,170.0
55,-1.5070780615262314,8.0,34.0
anti dandruff,-1.5070780615262314,8.0,34.0
allowance,-1.5070780615262314,8.0,34.0
majority,-1.5070780615262314,8.0,34.0
6 8,-1.5070780615262314,8.0,34.0
agreed,-1.5070780615262314,8.0,34.0
a cochrane,-1.5070780615262314,8.0,34.0
processing times,-1.509044593902373,20.0,61.0
and individual,-1.509044593902373,20.0,61.0
challenge,-1.5115699180893352,14.0,48.0
office deduction,-1.5115699180893352,14.0,48.0
definition,-1.5115699180893352,14.0,48.0
news,-1.5115699180893352,14.0,48.0
years and,-1.5115699180893352,14.0,48.0
bias,-1.5146507921919277,19.0,59.0
trips,-1.5146507921919277,19.0,59.0
a rough,-1.5168463042533071,34.0,90.0
low light,-1.5173851740412565,32.0,86.0
practices,-1.5173851740412565,32.0,86.0
essential for,-1.518553618567256,10.0,39.0
capture,-1.518553618567256,10.0,39.0
tank is,-1.518553618567256,10.0,39.0
refuse,-1.518553618567256,10.0,39.0
what is,-1.518553618567256,10.0,39.0
trace,-1.518553618567256,10.0,39.0
studies support,-1.518721063429831,4.0,24.0
infrastructure,-1.518721063429831,4.0,24.0
shifted,-1.518721063429831,4.0,24.0
usda recommends,-1.518721063429831,4.0,24.0
warranty in,-1.518721063429831,4.0,24.0
for peer,-1.518721063429831,4.0,24.0
nuisance,-1.518721063429831,4.0,24.0
style and,-1.518721063429831,4.0,24.0
every 30,-1.518721063429831,4.0,24.0
sleep in,-1.518721063429831,4.0,24.0
p 500,-1.518721063429831,4.0,24.0
interference from,-1.518721063429831,4.0,24.0
the mechanic,-1.518721063429831,4.0,24.0
periods and,-1.518721063429831,4.0,24.0
study or,-1.518721063429831,4.0,24.0
buyers,-1.518721063429831,4.0,24.0
the printer,-1.518721063429831,4.0,24.0
possibly,-1.5201047955420173,40.0,102.0
resale,-1.5201047955420173,40.0,102.0
rule is,-1.5207519303471508,128.0,265.0
frame,-1.5212251580735563,41.0,104.0
?,-1.5212251580735563,41.0,104.0
appliance,-1.5228429098616658,13.0,46.0
offices,-1.5228429098616658,13.0,46.0
at high,-1.5236146981890875,27.0,76.0
extender,-1.5258915292020006,26.0,74.0
remote,-1.5258915292020006,26.0,74.0
estimate,-1.5276796920435662,120.0,251.0
protection,-1.527988122588762,256.0,489.0
regulation,-1.5283007749323132,17.0,55.0
radiofrequency,-1.5283007749323132,17.0,55.0
the claim,-1.528532392186102,361.0,668.0
research suggests,-1.5285829527224344,25.0,72.0
employees,-1.5285829527224344,25.0,72.0
burnout,-1.5285829527224344,25.0,72.0
controls,-1.5285829527224344,25.0,72.0
nitrogen,-1.5287275515238303,46.0,114.0
satisfaction,-1.5309056337799403,7.0,32.0
hypertension,-1.5309056337799403,7.0,32.0
previous,-1.5309056337799403,7.0,32.0
inspections,-1.5309056337799403,7.0,32.0
infestation,-1.5309056337799403,7.0,32.0
to measure,-1.5309056337799403,7.0,32.0
slightly above,-1.5309056337799403,7.0,32.0
a gauge,-1.5309056337799403,7.0,32.0
the trolley,-1.5309056337799403,7.0,32.0
trolley problem,-1.5309056337799403,7.0,32.0
unemployment,-1.5309056337799403,7.0,32.0
nasa,-1.5309056337799403,7.0,32.0
qualified,-1.5309056337799403,7.0,32.0
can advise,-1.5309056337799403,7.0,32.0
programmes,-1.5309056337799403,7.0,32.0
log,-1.5317264479891028,24.0,70.0
detergents,-1.5317264479891028,24.0,70.0
reliable than,-1.535690963006763,12.0,44.0
but in,-1.535690963006763,12.0,44.0
physical activity,-1.5369489261177096,9.0,37.0
degrades,-1.5369489261177096,9.0,37.0
the strongest,-1.5370982832572706,5.0,27.0
that moderate,-1.5370982832572706,5.0,27.0
who and,-1.5370982832572706,5.0,27.0
square footage,-1.5370982832572706,5.0,27.0
your network,-1.5370982832572706,5.0,27.0
absence,-1.5370982832572706,5.0,27.0
desks,-1.5370982832572706,5.0,27.0
web,-1.5370982832572706,5.0,27.0
etiquette,-1.5370982832572706,5.0,27.0
and router,-1.5370982832572706,5.0,27.0
the report,-1.5370982832572706,5.0,27.0
a sample,-1.5370982832572706,5.0,27.0
and clinical,-1.5370982832572706,5.0,27.0
note the,-1.5370982832572706,5.0,27.0
screen,-1.537543085616933,171.0,342.0
drug,-1.544315832144676,21.0,64.0
enforcement,-1.5458673538568648,15.0,51.0
or in,-1.5458673538568648,15.0,51.0
airline,-1.549743506152659,20.0,62.0
elevated,-1.5503495772366347,11.0,42.0
driver,-1.5503495772366347,11.0,42.0
project,-1.5509456096119627,36.0,95.0
brightness,-1.5509456096119627,36.0,95.0
supply,-1.5509915616082695,35.0,93.0
long periods,-1.551100551798768,37.0,97.0
it on,-1.5524852615623894,32.0,87.0
cap,-1.5524852615623894,32.0,87.0
nutrition,-1.5527594185546634,94.0,205.0
attachment,-1.5534924629386924,31.0,85.0
knowledge,-1.5547872028634286,30.0,83.0
thermal,-1.5547872028634286,30.0,83.0
behavioral,-1.5558941514661404,19.0,60.0
climate and,-1.5558941514661404,19.0,60.0
dns,-1.5558941514661404,19.0,60.0
whether you,-1.5563921834295114,29.0,81.0
and lower,-1.5564325216400061,14.0,49.0
figure is,-1.5577440549557557,101.0,218.0
duration and,-1.5582160281632602,8.0,35.0
biological,-1.5582160281632602,8.0,35.0
factor in,-1.5582160281632602,8.0,35.0
tire wear,-1.5582160281632602,8.0,35.0
even then,-1.5582160281632602,8.0,35.0
accessible,-1.5582160281632602,8.0,35.0
strongest,-1.5582160281632602,8.0,35.0
they provide,-1.5582160281632602,8.0,35.0
at different,-1.5582160281632602,8.0,35.0
over a,-1.5583324424142984,28.0,79.0
independent tests,-1.5583324424142984,28.0,79.0
and no,-1.5583324424142984,28.0,79.0
insurer,-1.5583324424142984,28.0,79.0
live,-1.5585465239913177,59.0,140.0
recordings,-1.5588940302126209,6.0,30.0
serial,-1.5588940302126209,6.0,30.0
inhibit,-1.5588940302126209,6.0,30.0
library,-1.5588940302126209,6.0,30.0
scoring models,-1.5588940302126209,6.0,30.0
to fully,-1.5588940302126209,6.0,30.0
load calculation,-1.5588940302126209,6.0,30.0
also the,-1.5588940302126209,6.0,30.0
and soil,-1.5588940302126209,6.0,30.0
that's safer,-1.5588940302126209,6.0,30.0
role,-1.5612651187426427,60.0,142.0
visible,-1.5618215419096126,102.0,220.0
years or,-1.5628458568940462,18.0,58.0
economic,-1.5628458568940462,18.0,58.0
feeders,-1.5628458568940462,18.0,58.0
commercial,-1.562932315283643,48.0,119.0
industry surveys,-1.5633469150127175,2.0,19.0
and at,-1.5633469150127175,2.0,19.0
the public,-1.5633469150127175,2.0,19.0
for consumer,-1.5633469150127175,2.0,19.0
your normal,-1.5633469150127175,2.0,19.0
80 capacity,-1.5633469150127175,2.0,19.0
needed yes,-1.5633469150127175,2.0,19.0
tested if,-1.5633469150127175,2.0,19.0
cybersecurity,-1.5633469150127175,2.0,19.0
how often,-1.5633469150127175,2.0,19.0
mechanic can,-1.5633469150127175,2.0,19.0
the annual,-1.5633469150127175,2.0,19.0
document everything,-1.5633469150127175,2.0,19.0
in general,-1.5633469150127175,2.0,19.0
is nearly,-1.5633469150127175,2.0,19.0
patch and,-1.5633469150127175,2.0,19.0
levels but,-1.5633469150127175,2.0,19.0
the fsi,-1.5633469150127175,2.0,19.0
from a,-1.5639075900935802,224.0,436.0
matched,-1.5652159556645884,3.0,22.0
the router's,-1.5652159556645884,3.0,22.0
the s,-1.5652159556645884,3.0,22.0
identified,-1.5652159556645884,3.0,22.0
recommended the,-1.5652159556645884,3.0,22.0
a generic,-1.5652159556645884,3.0,22.0
proposed,-1.5652159556645884,3.0,22.0
degrade faster,-1.5652159556645884,3.0,22.0
code or,-1.5652159556645884,3.0,22.0
gardening,-1.5652159556645884,3.0,22.0
gingivitis,-1.5652159556645884,3.0,22.0
for 8,-1.5652159556645884,3.0,22.0
the statute,-1.5652159556645884,3.0,22.0
spatial,-1.5652159556645884,3.0,22.0
provide an,-1.5652159556645884,3.0,22.0
cognitive psychology,-1.5652159556645884,3.0,22.0
clinical guidelines,-1.5652159556645884,3.0,22.0
a wide,-1.5652159556645884,3.0,22.0
advisories,-1.5652159556645884,3.0,22.0
killer,-1.5652159556645884,3.0,22.0
error,-1.5665784703365782,50.0,123.0
manufacturers often,-1.5671036408678738,10.0,40.0
reasonable approach,-1.5671036408678738,10.0,40.0
boards,-1.5671036408678738,10.0,40.0
hire,-1.5671036408678738,10.0,40.0
test and,-1.5683968439952072,13.0,47.0
research and,-1.5683968439952072,13.0,47.0
60 minutes,-1.5683968439952072,13.0,47.0
the standard,-1.5685304484175586,51.0,125.0
chlorine,-1.570047532025862,24.0,71.0
table,-1.570047532025862,24.0,71.0
credit card,-1.570047532025862,24.0,71.0
bearing,-1.570047532025862,24.0,71.0
location and,-1.570688181895477,17.0,56.0
14,-1.570688181895477,17.0,56.0
platforms,-1.570688181895477,17.0,56.0
software,-1.5726248997127745,80.0,180.0
children,-1.5726915836233806,99.0,215.0
absolute,-1.5740487309239,73.0,167.0
and lack,-1.575852377647266,4.0,25.0
supported a,-1.575852377647266,4.0,25.0
chest,-1.575852377647266,4.0,25.0
plan also,-1.575852377647266,4.0,25.0
1 4,-1.575852377647266,4.0,25.0
that only,-1.575852377647266,4.0,25.0
registry,-1.575852377647266,4.0,25.0
months for,-1.575852377647266,4.0,25.0
years for,-1.575852377647266,4.0,25.0
engines and,-1.575852377647266,4.0,25.0
protection for,-1.575852377647266,4.0,25.0
report that,-1.575852377647266,4.0,25.0
department's,-1.575852377647266,4.0,25.0
effects,-1.5789168140955026,289.0,549.0
discuss,-1.5794014020722884,117.0,248.0
your lease,-1.5795243623352881,16.0,54.0
confidence,-1.5795243623352881,16.0,54.0
patients,-1.5795243623352881,16.0,54.0
complaints,-1.5795243623352881,16.0,54.0
coverage,-1.5817877248587555,151.0,309.0
ask if,-1.5819554175684012,12.0,45.0
dependent,-1.5819554175684012,12.0,45.0
comprehensive,-1.5819554175684012,12.0,45.0
walkers,-1.5829079552130034,7.0,33.0
dating,-1.5829079552130034,7.0,33.0
are less,-1.5840652395250343,21.0,65.0
texts,-1.5840652395250343,21.0,65.0
components,-1.5840652395250343,21.0,65.0
line,-1.5840693661403444,76.0,173.0
breed,-1.5863012665766518,9.0,38.0
rate and,-1.5863012665766518,9.0,38.0
manual the,-1.5863012665766518,9.0,38.0
contracts,-1.5873152666604189,32.0,88.0
reach,-1.5875064669269223,69.0,160.0
is an,-1.5882374360515665,134.0,279.0
tax,-1.5886272046890255,170.0,343.0
mile,-1.589212390555194,60.0,143.0
is typically,-1.5894740506846672,15.0,52.0
3 4,-1.5894740506846672,15.0,52.0
3 years,-1.5899999699126504,20.0,63.0
or your,-1.5903323943829852,30.0,84.0
wear and,-1.5917660565247638,47.0,118.0
varying,-1.5919974510709831,5.0,28.0
termination,-1.5919974510709831,5.0,28.0
the internet,-1.5919974510709831,5.0,28.0
extreme temperatures,-1.5919974510709831,5.0,28.0
settings,-1.5923169892790654,92.0,203.0
whether it,-1.5946349687674097,28.0,80.0
aluminum,-1.5946349687674097,28.0,80.0
million,-1.5966739179378193,19.0,61.0
deductible,-1.5973337562612813,27.0,78.0
any cold,-1.5973413201915203,11.0,43.0
list of,-1.5973413201915203,11.0,43.0
realistic,-1.5978524587036287,141.0,292.0
fees,-1.5984742836006596,168.0,340.0
the effect,-1.5987778911598782,247.0,478.0
audio,-1.6004380644784038,26.0,76.0
the total,-1.6006767492558203,14.0,50.0
a sensible,-1.6006767492558203,14.0,50.0
cell,-1.6039824670278897,25.0,74.0
for business,-1.6039824670278897,25.0,74.0
income,-1.6073886380376785,96.0,211.0
statutory,-1.6080054546468967,24.0,72.0
car's,-1.6080054546468967,24.0,72.0
cortisol,-1.6080054546468967,24.0,72.0
it yes,-1.6083725996503206,8.0,36.0
locations,-1.6083725996503206,8.0,36.0
american heart,-1.6083725996503206,8.0,36.0
expenditure,-1.6083725996503206,8.0,36.0
of food,-1.6083725996503206,8.0,36.0
press,-1.6083725996503206,8.0,36.0
compared with,-1.6083725996503206,8.0,36.0
glucose,-1.6083725996503206,8.0,36.0
certifications,-1.6083725996503206,8.0,36.0
to about,-1.6083725996503206,8.0,36.0
is to,-1.6112391295952972,103.0,224.0
tests and,-1.6117307949427366,6.0,31.0
that high,-1.6117307949427366,6.0,31.0
per hour,-1.6117307949427366,6.0,31.0
shifts,-1.6117307949427366,6.0,31.0
requests,-1.6117307949427366,6.0,31.0
the fact,-1.6117307949427366,6.0,31.0
on testing,-1.6117307949427366,6.0,31.0
the maintenance,-1.6117307949427366,6.0,31.0
nature,-1.6117307949427366,6.0,31.0
warnings,-1.6125500087783486,23.0,70.0
loans,-1.6125500087783486,23.0,70.0
customer,-1.6125645712755838,17.0,57.0
4k,-1.6125645712755838,17.0,57.0
ophthalmology,-1.6125645712755838,17.0,57.0
insufficient,-1.6125645712755838,17.0,57.0
you would,-1.613296151483253,13.0,48.0
bathroom,-1.613296151483253,13.0,48.0
composting,-1.6148354458561702,10.0,41.0
aware of,-1.617093802700379,40.0,105.0
clinical trials,-1.6177385022033193,36.0,97.0
intensity,-1.6193116536759506,34.0,93.0
career,-1.6204627019339695,33.0,91.0
employee,-1.621974329770485,16.0,55.0
60 days,-1.6229670753976553,3.0,23.0
your vehicle's,-1.6229670753976553,3.0,23.0
failure rates,-1.6229670753976553,3.0,23.0
local network,-1.6229670753976553,3.0,23.0
the salesperson,-1.6229670753976553,3.0,23.0
to higher,-1.6229670753976553,3.0,23.0
depleted,-1.6229670753976553,3.0,23.0
the audit,-1.6229670753976553,3.0,23.0
fish and,-1.6229670753976553,3.0,23.0
resistance training,-1.6229670753976553,3.0,23.0
controlled study,-1.6229670753976553,3.0,23.0
sulfate,-1.6229670753976553,3.0,23.0
stain removal,-1.6229670753976553,3.0,23.0
psychology research,-1.6229670753976553,3.0,23.0
frequent short,-1.6229670753976553,3.0,23.0
performed,-1.6229670753976553,3.0,23.0
produced,-1.6229670753976553,3.0,23.0
threshold for,-1.6229670753976553,3.0,23.0
rights organisation,-1.6229670753976553,3.0,23.0
store is,-1.6229670753976553,3.0,23.0
17,-1.62313492440107,2.0,20.0
glass but,-1.62313492440107,2.0,20.0
furniture and,-1.62313492440107,2.0,20.0
an arbitrary,-1.62313492440107,2.0,20.0
is moderate,-1.62313492440107,2.0,20.0
policies and,-1.62313492440107,2.0,20.0
attacker,-1.62313492440107,2.0,20.0
what's covered,-1.62313492440107,2.0,20.0
2005,-1.62313492440107,2.0,20.0
and drain,-1.62313492440107,2.0,20.0
found small,-1.62313492440107,2.0,20.0
on battery,-1.62313492440107,2.0,20.0
scenarios,-1.62313492440107,2.0,20.0
covered and,-1.62313492440107,2.0,20.0
security experts,-1.62313492440107,2.0,20.0
and infrared,-1.62313492440107,2.0,20.0
longitudinal,-1.62313492440107,2.0,20.0
you'd want,-1.62313492440107,2.0,20.0
councils,-1.62313492440107,2.0,20.0
or noise,-1.62313492440107,2.0,20.0
well below,-1.62313492440107,2.0,20.0
but effect,-1.62313492440107,2.0,20.0
transparent,-1.62313492440107,2.0,20.0
cases of,-1.62313492440107,2.0,20.0
control for,-1.62313492440107,2.0,20.0
the section,-1.62313492440107,2.0,20.0
leaking,-1.6275256863651992,12.0,46.0
effect depends,-1.6275256863651992,12.0,46.0
pre,-1.6288211728695094,74.0,171.0
for adults,-1.629825412922024,20.0,64.0
used,-1.631409514993766,380.0,708.0
higher risk,-1.6314897057593662,4.0,26.0
me the,-1.6314897057593662,4.0,26.0
not specifically,-1.6314897057593662,4.0,26.0
photographers,-1.6314897057593662,4.0,26.0
distinction,-1.6314897057593662,4.0,26.0
gallons,-1.6314897057593662,4.0,26.0
organisations recommend,-1.6314897057593662,4.0,26.0
required the,-1.6314897057593662,4.0,26.0
similar to,-1.6325142171431004,15.0,53.0
legal aid,-1.6338558245301562,7.0,34.0
rolling resistance,-1.6338558245301562,7.0,34.0
test with,-1.6338558245301562,7.0,34.0
rear,-1.6338558245301562,7.0,34.0
length of,-1.6338558245301562,7.0,34.0
and local,-1.6344924865236994,55.0,135.0
programme,-1.6347795926825135,9.0,39.0
size of,-1.6347795926825135,9.0,39.0
ceiling,-1.6347795926825135,9.0,39.0
trolley,-1.6347795926825135,9.0,39.0
reasonable,-1.6364440821636188,267.0,515.0
proteins,-1.6370024981685,19.0,62.0
also have,-1.6370024981685,19.0,62.0
poison,-1.6372152313851962,26.0,77.0
on soil,-1.6435956765217692,11.0,44.0
clinical trial,-1.6435956765217692,11.0,44.0
severe service,-1.6435956765217692,11.0,44.0
benchmark,-1.6435956765217692,11.0,44.0
yes that,-1.6435956765217692,11.0,44.0
none,-1.6450123035876536,18.0,60.0
by country,-1.6450123035876536,18.0,60.0
most evidence,-1.6456012648399898,5.0,29.0
moisture meter,-1.6456012648399898,5.0,29.0
advice from,-1.6456012648399898,5.0,29.0
safety organisations,-1.6456012648399898,5.0,29.0
the airline's,-1.6456012648399898,5.0,29.0
thirds,-1.6456012648399898,5.0,29.0
credit cards,-1.6456012648399898,5.0,29.0
data or,-1.6456012648399898,5.0,29.0
addressed,-1.6456012648399898,5.0,29.0
durability,-1.6456083537238657,24.0,73.0
tenant rights,-1.6456083537238657,24.0,73.0
walls,-1.6458161251518026,71.0,166.0
professionals,-1.6491647614863156,39.0,104.0
600,-1.6495042511736056,38.0,102.0
is on,-1.6517606915417182,35.0,96.0
meal,-1.653278056672355,48.0,122.0
your country,-1.6539446816657877,17.0,58.0
ask them,-1.6539446816657877,17.0,58.0
universal rule,-1.6543781949816057,49.0,124.0
assessment,-1.6543781949816057,49.0,124.0
per day,-1.654441117220999,33.0,92.0
there isn't,-1.6561423354968299,22.0,69.0
companies,-1.657312129620258,75.0,174.0
viewing,-1.6575635576609404,13.0,49.0
baseline,-1.6575635576609404,13.0,49.0
to 5,-1.6575941381105037,8.0,37.0
are in,-1.6575941381105037,8.0,37.0
safest approach,-1.6575941381105037,8.0,37.0
courts,-1.6575941381105037,8.0,37.0
batteries,-1.658117641836274,169.0,345.0
resolution,-1.658222225917133,31.0,88.0
leading to,-1.6617826889734526,10.0,42.0
dermatologists recommend,-1.6617826889734526,10.0,42.0
embassy,-1.663270817235603,29.0,84.0
edges,-1.663433807715827,6.0,32.0
fully charge,-1.663433807715827,6.0,32.0
museum,-1.663433807715827,6.0,32.0
security is,-1.663433807715827,6.0,32.0
subjective and,-1.663433807715827,6.0,32.0
credits,-1.663433807715827,6.0,32.0
in french,-1.663433807715827,6.0,32.0
mbps,-1.6639027694022337,16.0,56.0
vendor,-1.6639027694022337,16.0,56.0
observational studies,-1.6639027694022337,16.0,56.0
and compare,-1.6663316007997844,28.0,82.0
dates,-1.6683639057403767,58.0,142.0
important than,-1.6697876589765963,27.0,80.0
common,-1.670470863810747,641.0,1150.0
cold compress,-1.6724270355690736,12.0,47.0
source for,-1.6724270355690736,12.0,47.0
degree,-1.6724270355690736,12.0,47.0
pattern,-1.6752798231603159,81.0,186.0
is common,-1.67644074387282,62.0,150.0
detail,-1.6768918073332133,19.0,63.0
summary,-1.6768918073332133,19.0,63.0
find the,-1.6768918073332133,19.0,63.0
a peer,-1.679111462767279,3.0,24.0
be tested,-1.679111462767279,3.0,24.0
tub,-1.679111462767279,3.0,24.0
rates but,-1.679111462767279,3.0,24.0
basement,-1.679111462767279,3.0,24.0
rf,-1.679111462767279,3.0,24.0
the absolute,-1.679111462767279,3.0,24.0
the diuretic,-1.679111462767279,3.0,24.0
standards and,-1.679111462767279,3.0,24.0
for moisture,-1.679111462767279,3.0,24.0
determines,-1.679111462767279,3.0,24.0
of service,-1.679111462767279,3.0,24.0
the plumber,-1.679111462767279,3.0,24.0
the safest,-1.6805051645982017,43.0,113.0
the original,-1.6807463090115695,44.0,115.0
m,-1.681070837556075,2.0,21.0
of motion,-1.681070837556075,2.0,21.0
trade commission,-1.681070837556075,2.0,21.0
the eu,-1.681070837556075,2.0,21.0
control or,-1.681070837556075,2.0,21.0
popularized by,-1.681070837556075,2.0,21.0
they refuse,-1.681070837556075,2.0,21.0
they find,-1.681070837556075,2.0,21.0
and measure,-1.681070837556075,2.0,21.0
ignores,-1.681070837556075,2.0,21.0
pitcher,-1.681070837556075,2.0,21.0
standards like,-1.681070837556075,2.0,21.0
and repair,-1.681070837556075,2.0,21.0
trials are,-1.681070837556075,2.0,21.0
and wildlife,-1.681070837556075,2.0,21.0
blue,-1.6817912830820112,132.0,280.0
on driving,-1.6824219084005037,9.0,40.0
maintained,-1.6824219084005037,9.0,40.0
transfers,-1.6824219084005037,9.0,40.0
rolling,-1.6828640976337848,24.0,74.0
from home,-1.6838022987115615,7.0,35.0
aap,-1.6838022987115615,7.0,35.0
demonstrated,-1.6838022987115615,7.0,35.0
guidelines from,-1.6838022987115615,7.0,35.0
inventory,-1.6838022987115615,7.0,35.0
format,-1.6838022987115615,7.0,35.0
houseplant,-1.6838022987115615,7.0,35.0
heart association,-1.6838022987115615,7.0,35.0
contractor,-1.6838022987115615,7.0,35.0
glass,-1.685250944157032,143.0,300.0
a load,-1.6853991436975868,18.0,61.0
documentation and,-1.6857324559115978,4.0,27.0
legal minimum,-1.6857324559115978,4.0,27.0
a qualified,-1.6857324559115978,4.0,27.0
primary source,-1.6857324559115978,4.0,27.0
with photos,-1.6857324559115978,4.0,27.0
horizontal,-1.6857324559115978,4.0,27.0
sleep onset,-1.6857324559115978,4.0,27.0
have higher,-1.6857324559115978,4.0,27.0
states have,-1.6857324559115978,4.0,27.0
as a,-1.6869087265012297,326.0,620.0
cold weather,-1.6873911291177857,14.0,52.0
of ophthalmology,-1.6891408450617154,11.0,45.0
welcome if,-1.6891408450617154,11.0,45.0
payback,-1.6891408450617154,11.0,45.0
links,-1.690232812984592,32.0,91.0
tell,-1.6925517600237487,69.0,164.0
45,-1.6942441331927585,22.0,70.0
company's,-1.6942441331927585,22.0,70.0
a typical,-1.6948426217593562,17.0,59.0
are based,-1.6948426217593562,17.0,59.0
are needed,-1.6948426217593562,17.0,59.0
historical,-1.6961562063657736,58.0,143.0
schedule,-1.697043169162826,141.0,297.0
on oil,-1.697986813542811,5.0,30.0
inspectors,-1.697986813542811,5.0,30.0
institute estimates,-1.697986813542811,5.0,30.0
and credit,-1.697986813542811,5.0,30.0
volume and,-1.697986813542811,5.0,30.0
conflicts,-1.697986813542811,5.0,30.0
low back,-1.697986813542811,5.0,30.0
acetic,-1.697986813542811,5.0,30.0
guest network,-1.697986813542811,5.0,30.0
acetic acid,-1.697986813542811,5.0,30.0
contaminant,-1.697986813542811,5.0,30.0
is available,-1.697986813542811,5.0,30.0
not peer,-1.697986813542811,5.0,30.0
the authoritative,-1.697986813542811,5.0,30.0
can request,-1.697986813542811,5.0,30.0
years the,-1.697986813542811,5.0,30.0
was a,-1.7012206164472792,13.0,50.0
whether they,-1.7012206164472792,13.0,50.0
rates and,-1.7012206164472792,13.0,50.0
12 months,-1.7053250956678496,16.0,57.0
amps,-1.705923741787128,8.0,38.0
a minimum,-1.705923741787128,8.0,38.0
has specific,-1.705923741787128,8.0,38.0
direct,-1.7066275358029064,91.0,206.0
car,-1.7092678252597353,203.0,408.0
filter,-1.7109228349116232,173.0,355.0
not universal,-1.7112728660081362,43.0,114.0
identify,-1.7114255714572493,45.0,118.0
inches,-1.7117160208240827,46.0,120.0
book,-1.7129266749839072,39.0,106.0
or with,-1.7140640266167932,6.0,33.0
resale value,-1.7140640266167932,6.0,33.0
whether a,-1.7140640266167932,6.0,33.0
accuracy,-1.7141355478784988,50.0,128.0
transfer,-1.7150230630106709,51.0,130.0
models,-1.7162642851628558,68.0,163.0
peak,-1.7163532944336666,19.0,64.0
point is,-1.7166833644061033,12.0,48.0
transit,-1.716964981007634,15.0,55.0
height,-1.719540949308574,55.0,138.0
tear,-1.7195782406325744,34.0,96.0
far below,-1.7197802968178615,24.0,75.0
front,-1.7216588467754297,33.0,94.0
vaccine,-1.7216588467754297,33.0,94.0
120,-1.72402988518828,32.0,92.0
diagnostic,-1.7267117685212792,31.0,90.0
major,-1.72829102329227,144.0,304.0
organisation,-1.7292637549964454,9.0,41.0
inflated,-1.7292637549964454,9.0,41.0
allowed,-1.7297267987735907,30.0,88.0
agents,-1.729899347743033,14.0,53.0
those with,-1.732796447648301,7.0,36.0
to 1,-1.732796447648301,7.0,36.0
records,-1.733045929183701,75.0,177.0
action,-1.733099391811202,29.0,86.0
iso,-1.733765035159338,3.0,25.0
is research,-1.733765035159338,3.0,25.0
0 1,-1.733765035159338,3.0,25.0
critics,-1.733765035159338,3.0,25.0
that range,-1.733765035159338,3.0,25.0
medicine journals,-1.733765035159338,3.0,25.0
are certified,-1.733765035159338,3.0,25.0
and recommend,-1.733765035159338,3.0,25.0
but with,-1.733765035159338,3.0,25.0
over 1,-1.733765035159338,3.0,25.0
data sheets,-1.733765035159338,3.0,25.0
65,-1.733765035159338,3.0,25.0
often with,-1.733765035159338,3.0,25.0
shorter range,-1.733765035159338,3.0,25.0
was not,-1.734003419742116,11.0,46.0
immigration,-1.7368563349305197,28.0,84.0
faces,-1.7373062585296788,2.0,22.0
integrity,-1.7373062585296788,2.0,22.0
effective approach,-1.7373062585296788,2.0,22.0
then check,-1.7373062585296788,2.0,22.0
water immersion,-1.7373062585296788,2.0,22.0
on vitamin,-1.7373062585296788,2.0,22.0
they must,-1.7373062585296788,2.0,22.0
a 1,-1.7373062585296788,2.0,22.0
the contact,-1.7373062585296788,2.0,22.0
service is,-1.7373062585296788,2.0,22.0
reach professional,-1.7373062585296788,2.0,22.0
independent testing,-1.7373062585296788,2.0,22.0
the tub,-1.7373062585296788,2.0,22.0
idea the,-1.7373062585296788,2.0,22.0
working proficiency,-1.7373062585296788,2.0,22.0
professional working,-1.7373062585296788,2.0,22.0
urban,-1.7373062585296788,2.0,22.0
implementation,-1.7373062585296788,2.0,22.0
wilderness,-1.738670104924872,4.0,28.0
and note,-1.738670104924872,4.0,28.0
not list,-1.738670104924872,4.0,28.0
profiles,-1.738670104924872,4.0,28.0
and context,-1.738670104924872,4.0,28.0
15 years,-1.738670104924872,4.0,28.0
compensation,-1.7390401226937564,21.0,69.0
injury,-1.7407583611325887,126.0,272.0
individuals,-1.741027083325705,27.0,82.0
degrade,-1.7421522849615978,48.0,125.0
the idea,-1.7438684957727797,51.0,131.0
the role,-1.7442877886163701,13.0,51.0
a formal,-1.7468234742275597,20.0,67.0
the vehicle,-1.7468234742275597,20.0,67.0
obstacles,-1.7492243088305726,5.0,31.0
isolation,-1.7492243088305726,5.0,31.0
flood insurance,-1.7492243088305726,5.0,31.0
a router,-1.7492243088305726,5.0,31.0
can file,-1.7492243088305726,5.0,31.0
programs,-1.7527564430804985,59.0,147.0
recognition,-1.7534015427947127,8.0,39.0
an upsell,-1.7534015427947127,8.0,39.0
needed the,-1.7534015427947127,8.0,39.0
language acquisition,-1.7534015427947127,8.0,39.0
traffic and,-1.7534479756976602,10.0,44.0
differences in,-1.7534479756976602,10.0,44.0
95,-1.7534479756976602,10.0,44.0
trials have,-1.7534479756976602,10.0,44.0
reviews often,-1.7540306855401275,1.0,19.0
searchable,-1.7540306855401275,1.0,19.0
fair credit,-1.7540306855401275,1.0,19.0
1990s,-1.7540306855401275,1.0,19.0
books like,-1.7540306855401275,1.0,19.0
discussions,-1.7540306855401275,1.0,19.0
test will,-1.7540306855401275,1.0,19.0
found similar,-1.7540306855401275,1.0,19.0
replacement interval,-1.7540306855401275,1.0,19.0
was based,-1.7540306855401275,1.0,19.0
printout of,-1.7540306855401275,1.0,19.0
cohort studies,-1.7540306855401275,1.0,19.0
yes follow,-1.7540306855401275,1.0,19.0
safety guidelines,-1.7540306855401275,1.0,19.0
america,-1.7540306855401275,1.0,19.0
valve and,-1.7540306855401275,1.0,19.0
introduced,-1.7540306855401275,1.0,19.0
was popularized,-1.7540306855401275,1.0,19.0
9 c,-1.7540306855401275,1.0,19.0
guidance often,-1.7540306855401275,1.0,19.0
published guidance,-1.7540306855401275,1.0,19.0
the nhtsa,-1.7540306855401275,1.0,19.0
significant reduction,-1.7540306855401275,1.0,19.0
can inhibit,-1.7540306855401275,1.0,19.0
can challenge,-1.7540306855401275,1.0,19.0
daily fluid,-1.7540306855401275,1.0,19.0
s department,-1.7540306855401275,1.0,19.0
discuss this,-1.7540306855401275,1.0,19.0
managers,-1.7549065510185422,33.0,95.0
client,-1.7563643147386978,24.0,76.0
appears,-1.7563643147386978,24.0,76.0
behaviour,-1.7563643147386978,24.0,76.0
windows,-1.7575604799370994,113.0,249.0
helmet,-1.7584085846285773,15.0,56.0
community,-1.7584085846285773,15.0,56.0
general population,-1.7584085846285773,15.0,56.0
or local,-1.7584085846285773,15.0,56.0
owner's manual,-1.759373004017984,162.0,338.0
vendors,-1.7603173010484334,12.0,49.0
ev,-1.7603173010484334,12.0,49.0
and health,-1.7603173010484334,12.0,49.0
motor,-1.7603173010484334,12.0,49.0
simplified,-1.7603173010484334,12.0,49.0
clause,-1.760571720852567,31.0,91.0
mechanical,-1.760571720852567,31.0,91.0
dead,-1.762561602637771,65.0,159.0
shark,-1.7636775013418706,6.0,34.0
wheel bearing,-1.7636775013418706,6.0,34.0
they can't,-1.7636775013418706,6.0,34.0
photos of,-1.7636775013418706,6.0,34.0
psychological,-1.7648422010425928,18.0,63.0
attic,-1.7693537240806998,22.0,72.0
recommended pressure,-1.771503896766483,45.0,120.0
0 5,-1.7718654470054107,14.0,54.0
reliability,-1.7718654470054107,14.0,54.0
style,-1.7720806803504765,50.0,130.0
rigorous,-1.7720806803504765,50.0,130.0
be checked,-1.7752454833222082,17.0,61.0
climates,-1.7752454833222082,17.0,61.0
connected,-1.7753384179830425,9.0,42.0
hiring managers,-1.7753384179830425,9.0,42.0
4 ghz,-1.7753384179830425,9.0,42.0
energy savings,-1.7753384179830425,9.0,42.0
below the,-1.7782085080668815,11.0,47.0
installation is,-1.780883742606954,7.0,37.0
and security,-1.780883742606954,7.0,37.0
goods,-1.780883742606954,7.0,37.0
shown that,-1.780883742606954,7.0,37.0
of evidence,-1.780883742606954,7.0,37.0
legal,-1.781650924263238,163.0,341.0
oils,-1.7822724960259169,114.0,252.0
18,-1.7850306960825064,20.0,68.0
is far,-1.7852551164359398,34.0,98.0
always check,-1.7867097224846191,16.0,59.0
is in,-1.7867097224846191,16.0,59.0
stand,-1.7867845137241325,13.0,52.0
the destination,-1.7870310750682756,3.0,26.0
determine if,-1.7870310750682756,3.0,26.0
guidance and,-1.7870310750682756,3.0,26.0
manufacturer guidance,-1.7870310750682756,3.0,26.0
and power,-1.7870310750682756,3.0,26.0
salesperson,-1.7870310750682756,3.0,26.0
roofing,-1.7870310750682756,3.0,26.0
and small,-1.7870310750682756,3.0,26.0
on cold,-1.7870310750682756,3.0,26.0
makers,-1.7870310750682756,3.0,26.0
around 1,-1.7870310750682756,3.0,26.0
wage,-1.7870310750682756,3.0,26.0
recruiting,-1.7870310750682756,3.0,26.0
test data,-1.7870310750682756,3.0,26.0
partially,-1.7870310750682756,3.0,26.0
scan for,-1.7870310750682756,3.0,26.0
studies comparing,-1.7870310750682756,3.0,26.0
crowded,-1.7870310750682756,3.0,26.0
stated that,-1.7870310750682756,3.0,26.0
statement,-1.787204624466289,64.0,158.0
less,-1.7872834311121912,481.0,892.0
recorded,-1.7903834840389024,4.0,29.0
waiver,-1.7903834840389024,4.0,29.0
habitability,-1.7903834840389024,4.0,29.0
commonly,-1.790887298951892,32.0,94.0
confounding,-1.791973935074319,2.0,23.0
nfpa,-1.791973935074319,2.0,23.0
overpay,-1.791973935074319,2.0,23.0
announcements,-1.791973935074319,2.0,23.0
generally advise,-1.791973935074319,2.0,23.0
voltage and,-1.791973935074319,2.0,23.0
king,-1.791973935074319,2.0,23.0
proficiency in,-1.791973935074319,2.0,23.0
books and,-1.791973935074319,2.0,23.0
a cost,-1.791973935074319,2.0,23.0
retrieval,-1.791973935074319,2.0,23.0
those in,-1.791973935074319,2.0,23.0
federal trade,-1.791973935074319,2.0,23.0
detergent and,-1.791973935074319,2.0,23.0
site or,-1.791973935074319,2.0,23.0
human,-1.7931286302875973,104.0,234.0
mechanism is,-1.7940364079863016,19.0,66.0
specified,-1.7940364079863016,19.0,66.0
tend to,-1.7982236690500124,10.0,45.0
tend,-1.7982236690500124,10.0,45.0
brake pad,-1.7982236690500124,10.0,45.0
lack of,-1.7991884495477382,23.0,75.0
stores,-1.7991884495477382,23.0,75.0
arbitrary,-1.7993517655614166,15.0,57.0
the foreign,-1.7993778805857286,5.0,32.0
valves,-1.7993778805857286,5.0,32.0
airline's,-1.7993778805857286,5.0,32.0
compare with,-1.7993778805857286,5.0,32.0
or consumer,-1.7993778805857286,5.0,32.0
proven anti,-1.7993778805857286,5.0,32.0
is overstating,-1.7993778805857286,5.0,32.0
no many,-1.8000649719701434,8.0,40.0
an association,-1.8000649719701434,8.0,40.0
checked,-1.8008297570456089,50.0,131.0
can reduce,-1.8016766308604013,255.0,505.0
best way,-1.8033502903450287,12.0,50.0
setup,-1.8033502903450287,12.0,50.0
but is,-1.803362156302984,42.0,115.0
speeds,-1.803362156302984,42.0,115.0
version,-1.8039217966624999,18.0,64.0
variable,-1.8039217966624999,18.0,64.0
is less,-1.8060487447783604,58.0,147.0
recruiters,-1.8070706391003286,39.0,109.0
status,-1.8087215468745035,38.0,107.0
paper,-1.8094653866898145,61.0,153.0
your region,-1.8096113483967795,1.0,20.0
for fluoride,-1.8096113483967795,1.0,20.0
on coffee,-1.8096113483967795,1.0,20.0
the methodology,-1.8096113483967795,1.0,20.0
of strength,-1.8096113483967795,1.0,20.0
to daily,-1.8096113483967795,1.0,20.0
popularised by,-1.8096113483967795,1.0,20.0
formal study,-1.8096113483967795,1.0,20.0
medical sources,-1.8096113483967795,1.0,20.0
data i,-1.8096113483967795,1.0,20.0
strength in,-1.8096113483967795,1.0,20.0
99 of,-1.8096113483967795,1.0,20.0
some trials,-1.8096113483967795,1.0,20.0
and window,-1.8096113483967795,1.0,20.0
agency for,-1.8096113483967795,1.0,20.0
guides like,-1.8096113483967795,1.0,20.0
economics,-1.8096113483967795,1.0,20.0
sizes and,-1.8096113483967795,1.0,20.0
contract law,-1.8096113483967795,1.0,20.0
manufacturer support,-1.8096113483967795,1.0,20.0
mandate,-1.8096113483967795,1.0,20.0
view,-1.8106007784290643,37.0,105.0
codes,-1.8106007784290643,37.0,105.0
a 2013,-1.812325885997884,6.0,35.0
increased risk,-1.812325885997884,6.0,35.0
about 5,-1.812325885997884,6.0,35.0
extenders,-1.81330627056716,14.0,55.0
your car's,-1.81330627056716,14.0,55.0
tests show,-1.8142474339039483,21.0,71.0
is only,-1.814473593235326,78.0,186.0
generic,-1.81477577514174,17.0,62.0
under the,-1.8164085261821454,26.0,82.0
activity,-1.8183263437150943,112.0,250.0
samples,-1.8206771129833939,9.0,43.0
cadr,-1.8217798389780786,11.0,48.0
conditions like,-1.8217798389780786,11.0,48.0
the main,-1.8264136236704236,121.0,267.0
speakers,-1.826699621385251,16.0,60.0
negotiate,-1.8275445254509806,31.0,93.0
are required,-1.8281063988545116,7.0,38.0
car batteries,-1.8281063988545116,7.0,38.0
reductions,-1.8281063988545116,7.0,38.0
task,-1.828564087570094,24.0,78.0
and battery,-1.8287292762895384,13.0,53.0
driving conditions,-1.8287292762895384,13.0,53.0
open,-1.8296957380900796,122.0,269.0
mileage,-1.8305070313729235,54.0,140.0
treat it,-1.8322788071915397,19.0,67.0
congestion,-1.8322788071915397,19.0,67.0
recommendation,-1.8388767572649445,78.0,187.0
feet from,-1.8390020183631666,3.0,27.0
point you,-1.8390020183631666,3.0,27.0
noting,-1.8390020183631666,3.0,27.0
and manufacturers,-1.8390020183631666,3.0,27.0
to 2,-1.8390020183631666,3.0,27.0
say to,-1.8390020183631666,3.0,27.0
tester,-1.8390020183631666,3.0,27.0
assessments,-1.8409458635945197,4.0,30.0
useful than,-1.8409458635945197,4.0,30.0
about 10,-1.8409458635945197,4.0,30.0
homeowners,-1.8409458635945197,4.0,30.0
costs vary,-1.8409458635945197,4.0,30.0
recent reviews,-1.8409458635945197,4.0,30.0
will,-1.8409965709682778,717.0,1294.0
composition,-1.8423303814590364,10.0,46.0
muscle soreness,-1.8423303814590364,10.0,46.0
or when,-1.8423303814590364,10.0,46.0
pressure for,-1.8423303814590364,10.0,46.0
drivers,-1.8425882599910621,18.0,65.0
6 months,-1.8444698943970281,36.0,104.0
quality and,-1.8444698943970281,36.0,104.0
overinflated,-1.8451908070857141,2.0,24.0
reviews of,-1.8451908070857141,2.0,24.0
lb,-1.8451908070857141,2.0,24.0
organisations and,-1.8451908070857141,2.0,24.0
a guide,-1.8451908070857141,2.0,24.0
study of,-1.8451908070857141,2.0,24.0
can read,-1.8451908070857141,2.0,24.0
pad wear,-1.8451908070857141,2.0,24.0
organizations have,-1.8451908070857141,2.0,24.0
heating and,-1.8451908070857141,2.0,24.0
popularised,-1.8451908070857141,2.0,24.0
aged,-1.8451908070857141,2.0,24.0
below that,-1.8451908070857141,2.0,24.0
council's,-1.8451908070857141,2.0,24.0
widely by,-1.8458026742009248,12.0,51.0
r value,-1.8458026742009248,12.0,51.0
reviews have,-1.8458026742009248,12.0,51.0
markers,-1.8458026742009248,12.0,51.0
multi,-1.8459489950529413,8.0,41.0
regulators,-1.8459489950529413,8.0,41.0
remedy with,-1.8459489950529413,8.0,41.0
seeing the,-1.8459489950529413,8.0,41.0
pressures,-1.8459489950529413,8.0,41.0
how much,-1.8459489950529413,8.0,41.0
cyclists,-1.848506261161229,5.0,33.0
13,-1.848506261161229,5.0,33.0
randomised controlled,-1.848506261161229,5.0,33.0
red cross,-1.848506261161229,5.0,33.0
material,-1.850266023227691,71.0,174.0
detergent,-1.850266023227691,71.0,174.0
evening,-1.8513120973333859,21.0,72.0
efficient,-1.851352497993531,26.0,83.0
zone,-1.8532531753876467,33.0,98.0
the vpn,-1.8538746961370423,17.0,63.0
the common,-1.8542378818448413,14.0,56.0
path,-1.8542378818448413,14.0,56.0
range of,-1.8542378818448413,14.0,56.0
adequate,-1.858229026906641,54.0,141.0
approach if,-1.8600568870179728,6.0,36.0
state and,-1.8600568870179728,6.0,36.0
no there,-1.8600568870179728,6.0,36.0
often around,-1.8600568870179728,6.0,36.0
adjusted,-1.8600568870179728,6.0,36.0
allowing,-1.8600568870179728,6.0,36.0
and home,-1.8600568870179728,6.0,36.0
for home,-1.8600568870179728,6.0,36.0
was small,-1.8600568870179728,6.0,36.0
on how,-1.8603141939416916,20.0,70.0
3 5,-1.8606660416681222,31.0,94.0
rebate,-1.863603593107672,1.0,21.0
classroom,-1.863603593107672,1.0,21.0
achieved,-1.863603593107672,1.0,21.0
the findings,-1.863603593107672,1.0,21.0
american animal,-1.863603593107672,1.0,21.0
nitrates,-1.863603593107672,1.0,21.0
old and,-1.863603593107672,1.0,21.0
cited study,-1.863603593107672,1.0,21.0
heuristic not,-1.863603593107672,1.0,21.0
reports show,-1.863603593107672,1.0,21.0
minutes before,-1.863603593107672,1.0,21.0
and cdc,-1.863603593107672,1.0,21.0
hospital association,-1.863603593107672,1.0,21.0
damage for,-1.863603593107672,1.0,21.0
calculated,-1.863603593107672,1.0,21.0
acceleration,-1.863603593107672,1.0,21.0
films can,-1.863603593107672,1.0,21.0
but none,-1.863603593107672,1.0,21.0
me your,-1.863603593107672,1.0,21.0
known study,-1.863603593107672,1.0,21.0
some cities,-1.863603593107672,1.0,21.0
sample sizes,-1.863603593107672,1.0,21.0
then compare,-1.863603593107672,1.0,21.0
of allergy,-1.863603593107672,1.0,21.0
wise always,-1.863603593107672,1.0,21.0
yes in,-1.863603593107672,1.0,21.0
of blue,-1.863603593107672,1.0,21.0
dxomark,-1.863603593107672,1.0,21.0
animal hospital,-1.863603593107672,1.0,21.0
fast the,-1.863603593107672,1.0,21.0
outcomes,-1.8642615667308085,98.0,226.0
the router,-1.8647127044106928,63.0,159.0
clinic,-1.8647398612175639,11.0,49.0
applies to,-1.8647398612175639,11.0,49.0
common in,-1.8647398612175639,11.0,49.0
report and,-1.8647398612175639,11.0,49.0
com,-1.865309153012513,9.0,44.0
a widely,-1.865309153012513,9.0,44.0
business use,-1.8701349702563814,19.0,68.0
destination,-1.8701396667660881,13.0,54.0
ask what,-1.8745036787345999,7.0,39.0
perception,-1.8745036787345999,7.0,39.0
studies showing,-1.8745036787345999,7.0,39.0
compare the,-1.8745669480282086,28.0,88.0
address,-1.8785968274956337,73.0,179.0
cardiovascular,-1.8797950413380622,15.0,59.0
the manufacturer,-1.8800505672781052,27.0,86.0
retirement,-1.8800505672781052,27.0,86.0
mechanic,-1.8800505672781052,27.0,86.0
produces,-1.885792954837032,10.0,47.0
internal,-1.8866108877976908,49.0,132.0
pad thickness,-1.8876937653232724,12.0,52.0
regions,-1.8876937653232724,12.0,52.0
percentage of,-1.8880284393770292,21.0,73.0
access,-1.8893258387982088,90.0,212.0
melatonin,-1.8893939272861446,32.0,97.0
sensible approach,-1.889760936758791,3.0,28.0
keep all,-1.889760936758791,3.0,28.0
to point,-1.889760936758791,3.0,28.0
indices,-1.889760936758791,3.0,28.0
these are,-1.889760936758791,3.0,28.0
studies often,-1.889760936758791,3.0,28.0
api,-1.889760936758791,3.0,28.0
standards for,-1.889760936758791,3.0,28.0
and inspection,-1.890423873091475,4.0,31.0
hvac,-1.890423873091475,4.0,31.0
magazines,-1.890423873091475,4.0,31.0
authority or,-1.890423873091475,4.0,31.0
study showing,-1.890423873091475,4.0,31.0
dot,-1.890423873091475,4.0,31.0
standardized,-1.8910863238083955,8.0,42.0
domain,-1.8910863238083955,8.0,42.0
seal,-1.8918198258632284,64.0,162.0
and tear,-1.8924876477853534,25.0,82.0
by age,-1.8966633763830303,5.0,34.0
remediation,-1.8966633763830303,5.0,34.0
randomised trials,-1.8966633763830303,5.0,34.0
state law,-1.8966633763830303,5.0,34.0
and for,-1.8966633763830303,5.0,34.0
manufacturers have,-1.8966633763830303,5.0,34.0
they advise,-1.8970604602033345,2.0,25.0
the increase,-1.8970604602033345,2.0,25.0
control group,-1.8970604602033345,2.0,25.0
act or,-1.8970604602033345,2.0,25.0
site for,-1.8970604602033345,2.0,25.0
inspector,-1.8970604602033345,2.0,25.0
found an,-1.8970604602033345,2.0,25.0
when to,-1.8970604602033345,2.0,25.0
outline the,-1.8970604602033345,2.0,25.0
local council,-1.8970604602033345,2.0,25.0
750 class,-1.8970604602033345,2.0,25.0
overkill but,-1.8970604602033345,2.0,25.0
toxicology,-1.8970604602033345,2.0,25.0
attenuate,-1.8970604602033345,2.0,25.0
year the,-1.8970604602033345,2.0,25.0
rider weight,-1.8970604602033345,2.0,25.0
sleep research,-1.8970604602033345,2.0,25.0
no single,-1.8980738171368052,30.0,93.0
cycles,-1.9018588755755024,38.0,110.0
inquiries,-1.9044761750614358,37.0,108.0
rental,-1.9053392688974027,16.0,62.0
more than,-1.9064411167811877,295.0,582.0
of labor,-1.906914655738043,6.0,37.0
paediatric,-1.906914655738043,6.0,37.0
restrictions,-1.9071098331612502,11.0,50.0
page for,-1.9092620993417468,9.0,45.0
but clinical,-1.9092620993417468,9.0,45.0
the rate,-1.9092620993417468,9.0,45.0
process,-1.9098412739179464,77.0,188.0
experts,-1.9132804952949167,54.0,143.0
inquiry,-1.9139421937759287,34.0,102.0
types,-1.9149702502567574,49.0,133.0
animal poison,-1.9161329015076456,1.0,22.0
dual process,-1.9161329015076456,1.0,22.0
code requires,-1.9161329015076456,1.0,22.0
organizational,-1.9161329015076456,1.0,22.0
2016 study,-1.9161329015076456,1.0,22.0
a section,-1.9161329015076456,1.0,22.0
of insurance,-1.9161329015076456,1.0,22.0
elisabeth kübler,-1.9161329015076456,1.0,22.0
science studies,-1.9161329015076456,1.0,22.0
the institute,-1.9161329015076456,1.0,22.0
sec,-1.9161329015076456,1.0,22.0
appears in,-1.9161329015076456,1.0,22.0
n,-1.9161329015076456,1.0,22.0
extension guides,-1.9161329015076456,1.0,22.0
app to,-1.9161329015076456,1.0,22.0
and organizations,-1.9161329015076456,1.0,22.0
yes some,-1.9161329015076456,1.0,22.0
the wi,-1.9161329015076456,1.0,22.0
elisabeth,-1.9161329015076456,1.0,22.0
are published,-1.9161329015076456,1.0,22.0
also publish,-1.9161329015076456,1.0,22.0
fact sheet,-1.9161329015076456,1.0,22.0
specify a,-1.9161329015076456,1.0,22.0
period,-1.9167616671400864,92.0,217.0
browser,-1.9176178643860775,46.0,127.0
timelines,-1.9201121605084854,7.0,40.0
the last,-1.9201121605084854,7.0,40.0
engines,-1.9205911695029831,67.0,169.0
finding,-1.921770834069028,32.0,98.0
use of,-1.9244043625595353,21.0,74.0
uv,-1.9247217082518384,85.0,204.0
policies,-1.9253236140239367,71.0,177.0
the tank,-1.9271873638430004,25.0,83.0
size is,-1.9286348476977484,10.0,48.0
listing,-1.9286348476977484,10.0,48.0
85,-1.9286348476977484,10.0,48.0
bandwidth,-1.9308237265253068,17.0,65.0
for their,-1.9308237265253068,17.0,65.0
weight and,-1.934543384014002,24.0,81.0
measuring,-1.9346340984577637,14.0,58.0
meter,-1.9346340984577637,14.0,58.0
unless,-1.9348792583115857,228.0,466.0
for security,-1.9355076051906295,8.0,43.0
conservation,-1.9355076051906295,8.0,43.0
workplace,-1.9355076051906295,8.0,43.0
authoritative source,-1.9388782856125006,4.0,32.0
review and,-1.9388782856125006,4.0,32.0
of health,-1.9388782856125006,4.0,32.0
reports of,-1.9393827750556174,3.0,29.0
of each,-1.9393827750556174,3.0,29.0
warn that,-1.9393827750556174,3.0,29.0
common cold,-1.9393827750556174,3.0,29.0
10 30,-1.9393827750556174,3.0,29.0
ombudsman,-1.9393827750556174,3.0,29.0
association has,-1.9393827750556174,3.0,29.0
cpsc,-1.9393827750556174,3.0,29.0
require one,-1.9393827750556174,3.0,29.0
show average,-1.9393827750556174,3.0,29.0
specify the,-1.9393827750556174,3.0,29.0
aid website,-1.9393827750556174,3.0,29.0
working,-1.9404807364213195,57.0,150.0
pest,-1.9425050259398222,23.0,79.0
volts,-1.9438988580802192,5.0,35.0
spanish,-1.9438988580802192,5.0,35.0
panel,-1.9447260245401736,19.0,70.0
needed if,-1.9447260245401736,19.0,70.0
certified to,-1.9476751187425352,2.0,26.0
iot,-1.9476751187425352,2.0,26.0
fsi,-1.9476751187425352,2.0,26.0
distinguish between,-1.9476751187425352,2.0,26.0
a detailed,-1.9476751187425352,2.0,26.0
local storage,-1.9476751187425352,2.0,26.0
service or,-1.9476751187425352,2.0,26.0
in pediatrics,-1.9476751187425352,2.0,26.0
dental associations,-1.9476751187425352,2.0,26.0
and cooking,-1.9476751187425352,2.0,26.0
at 4,-1.9476751187425352,2.0,26.0
anders,-1.9476751187425352,2.0,26.0
compare to,-1.9476751187425352,2.0,26.0
failure,-1.9483415312265069,96.0,226.0
photos and,-1.948909904989141,11.0,51.0
related,-1.9493680318538602,44.0,124.0
and many,-1.9501543998864523,71.0,178.0
32,-1.9511215090089942,22.0,77.0
viscosity,-1.9514235560761648,13.0,56.0
go to,-1.9514235560761648,13.0,56.0
randomized trials,-1.952561897825282,9.0,46.0
manual and,-1.9529401335898369,6.0,38.0
not on,-1.9529401335898369,6.0,38.0
maintaining,-1.9529401335898369,6.0,38.0
reputable,-1.9552627342919555,75.0,186.0
leaks,-1.959610565664542,78.0,192.0
varies widely,-1.9616042332915464,25.0,84.0
5 years,-1.9636960666143835,30.0,95.0
revenue,-1.9649659774659431,7.0,41.0
degrees,-1.9649659774659431,7.0,41.0
and state,-1.9649659774659431,7.0,41.0
short,-1.9659019267472604,267.0,537.0
if it's,-1.9660636069704374,140.0,309.0
species,-1.96729715991092,56.0,149.0
correct if,-1.9673093395923262,1.0,23.0
and was,-1.9673093395923262,1.0,23.0
yes keep,-1.9673093395923262,1.0,23.0
buzz,-1.9673093395923262,1.0,23.0
around 0,-1.9673093395923262,1.0,23.0
principle is,-1.9673093395923262,1.0,23.0
tyre manufacturers,-1.9673093395923262,1.0,23.0
add an,-1.9673093395923262,1.0,23.0
product safety,-1.9673093395923262,1.0,23.0
services often,-1.9673093395923262,1.0,23.0
cleanup,-1.9673093395923262,1.0,23.0
that's fair,-1.9673093395923262,1.0,23.0
risk yes,-1.9673093395923262,1.0,23.0
groups like,-1.9673093395923262,1.0,23.0
cisa,-1.9673093395923262,1.0,23.0
can outline,-1.9673093395923262,1.0,23.0
confounders,-1.9673093395923262,1.0,23.0
bicarbonate,-1.9673093395923262,1.0,23.0
hr,-1.9686953788742605,17.0,66.0
production,-1.9691763326069696,29.0,93.0
via,-1.9692763613592836,24.0,82.0
structural,-1.9697679507511934,65.0,167.0
supplementation,-1.9698645752923858,12.0,54.0
charts,-1.9698645752923858,12.0,54.0
specs,-1.9705439090450654,20.0,73.0
mobile,-1.9708782355070613,10.0,49.0
post,-1.9712619615388756,49.0,135.0
features,-1.9730723947047508,35.0,106.0
logs,-1.9741273353572215,14.0,59.0
recording,-1.9741273353572215,14.0,59.0
edge,-1.9741273353572215,14.0,59.0
jurisdiction,-1.976629126799832,45.0,127.0
no the,-1.9770923182918234,73.0,183.0
motion,-1.9814787899113384,19.0,71.0
reserve,-1.9863646898419098,4.0,33.0
bureau of,-1.9863646898419098,4.0,33.0
variability,-1.9863646898419098,4.0,33.0
yes especially,-1.9863646898419098,4.0,33.0
utilities,-1.9863646898419098,4.0,33.0
behind,-1.986505079442887,22.0,78.0
up the,-1.986505079442887,22.0,78.0
a home,-1.986505079442887,22.0,78.0
writers,-1.987935390200897,3.0,30.0
window replacement,-1.987935390200897,3.0,30.0
tread depth,-1.987935390200897,3.0,30.0
source is,-1.987935390200897,3.0,30.0
small sample,-1.987935390200897,3.0,30.0
of 1,-1.987935390200897,3.0,30.0
centers,-1.987935390200897,3.0,30.0
no rigorous,-1.987935390200897,3.0,30.0
limitations,-1.988338176976802,26.0,87.0
poison control,-1.990159193954231,11.0,52.0
providers,-1.990159193954231,11.0,52.0
on tire,-1.9902584902640326,5.0,36.0
coffee consumption,-1.9952330023229086,9.0,47.0
75,-1.9970542594110365,15.0,62.0
handbook,-1.997117278121781,2.0,27.0
always follow,-1.997117278121781,2.0,27.0
can describe,-1.997117278121781,2.0,27.0
guidance that's,-1.997117278121781,2.0,27.0
often attributed,-1.997117278121781,2.0,27.0
ul,-1.997117278121781,2.0,27.0
specifies the,-1.997117278121781,2.0,27.0
or uneven,-1.997117278121781,2.0,27.0
class hours,-1.997117278121781,2.0,27.0
generally say,-1.997117278121781,2.0,27.0
it lists,-1.997117278121781,2.0,27.0
hypertrophy,-1.997117278121781,2.0,27.0
and grip,-1.997117278121781,2.0,27.0
explain how,-1.997117278121781,2.0,27.0
least 3,-1.997117278121781,2.0,27.0
the fcc,-1.997117278121781,2.0,27.0
1 in,-1.998171356571625,6.0,39.0
payment history,-1.998171356571625,6.0,39.0
check their,-1.998171356571625,6.0,39.0
gardens,-1.998171356571625,6.0,39.0
suggesting,-1.998171356571625,6.0,39.0
overhead,-1.998171356571625,6.0,39.0
response,-2.000481313688237,48.0,134.0
head,-2.0019072860418543,29.0,94.0
contractor's word,-2.004171572672536,0.0,20.0
don't overpay,-2.004171572672536,0.0,20.0
on inflated,-2.004171572672536,0.0,20.0
need slightly,-2.004171572672536,0.0,20.0
yes don't,-2.004171572672536,0.0,20.0
academic studies,-2.004171572672536,0.0,20.0
was published,-2.004171572672536,0.0,20.0
international plumbing,-2.004171572672536,0.0,20.0
association or,-2.004171572672536,0.0,20.0
for how,-2.004171572672536,0.0,20.0
manufacturer documentation,-2.004171572672536,0.0,20.0
annals,-2.004171572672536,0.0,20.0
annals of,-2.004171572672536,0.0,20.0
epidemiological studies,-2.004171572672536,0.0,20.0
word that's,-2.004171572672536,0.0,20.0
energy efficient,-2.004171572672536,0.0,20.0
tech reviewers,-2.004171572672536,0.0,20.0
organizations explain,-2.004171572672536,0.0,20.0
database of,-2.004171572672536,0.0,20.0
dermatology found,-2.004171572672536,0.0,20.0
dermatology and,-2.004171572672536,0.0,20.0
tanks are,-2.004171572672536,0.0,20.0
foggy,-2.004171572672536,0.0,20.0
surveys by,-2.004171572672536,0.0,20.0
and google,-2.004171572672536,0.0,20.0
published a,-2.004171572672536,0.0,20.0
carbon can,-2.004171572672536,0.0,20.0
psychological science,-2.004171572672536,0.0,20.0
they emphasize,-2.004171572672536,0.0,20.0
ventilation calculation,-2.004171572672536,0.0,20.0
forwarding for,-2.004171572672536,0.0,20.0
verify incentives,-2.004171572672536,0.0,20.0
reports have,-2.004171572672536,0.0,20.0
statements on,-2.004171572672536,0.0,20.0
either is,-2.004171572672536,0.0,20.0
acute,-2.0066013646120475,20.0,74.0
listed,-2.0066013646120475,20.0,74.0
grip,-2.008096400087581,28.0,92.0
studies find,-2.0090970311388183,7.0,42.0
the cochrane,-2.0090970311388183,7.0,42.0
including the,-2.0090970311388183,7.0,42.0
blind,-2.010178356711298,12.0,55.0
thresholds,-2.010178356711298,12.0,55.0
would need,-2.0131687010169363,14.0,60.0
signal,-2.0156064331434127,123.0,280.0
low,-2.0162404229585156,532.0,999.0
national institutes,-2.0172300524079474,1.0,24.0
of charge,-2.0172300524079474,1.0,24.0
sometimes publish,-2.0172300524079474,1.0,24.0
epidemiological,-2.0172300524079474,1.0,24.0
in england,-2.0172300524079474,1.0,24.0
institutes of,-2.0172300524079474,1.0,24.0
found some,-2.0172300524079474,1.0,24.0
firms like,-2.0172300524079474,1.0,24.0
often suggest,-2.0172300524079474,1.0,24.0
services recommend,-2.0172300524079474,1.0,24.0
the blower,-2.0172300524079474,1.0,24.0
others find,-2.0172300524079474,1.0,24.0
a rigorous,-2.0172300524079474,1.0,24.0
attorney general,-2.0172300524079474,1.0,24.0
bathrooms,-2.0172300524079474,1.0,24.0
guide and,-2.0172300524079474,1.0,24.0
or independent,-2.0172300524079474,1.0,24.0
one microwave,-2.0172300524079474,1.0,24.0
consumer product,-2.0172300524079474,1.0,24.0
smoking,-2.0178810991404292,19.0,72.0
is widely,-2.0178810991404292,19.0,72.0
effects on,-2.0215814564005354,22.0,79.0
from older,-2.0223152917959784,8.0,45.0
embassy or,-2.0223152917959784,8.0,45.0
hospital,-2.0223152917959784,8.0,45.0
centre,-2.0223152917959784,8.0,45.0
plans,-2.0227882645905395,31.0,99.0
measurement,-2.0227882645905395,31.0,99.0
70,-2.024525467406381,51.0,141.0
blue light,-2.02503826790087,101.0,239.0
applies,-2.0283878835739637,30.0,97.0
be caused,-2.030761056560604,13.0,58.0
adverse,-2.030761056560604,13.0,58.0
can compare,-2.0308758534278657,11.0,53.0
nodes,-2.031564709132173,21.0,77.0
stating,-2.032934068411791,4.0,34.0
citizens,-2.032934068411791,4.0,34.0
labor statistics,-2.032934068411791,4.0,34.0
services like,-2.032934068411791,4.0,34.0
bodies like,-2.032934068411791,4.0,34.0
bonds,-2.032934068411791,4.0,34.0
periods,-2.032946942419464,94.0,226.0
dusty,-2.0354804290406716,3.0,31.0
mitigation,-2.0354804290406716,3.0,31.0
agricultural,-2.0354804290406716,3.0,31.0
small reduction,-2.0354804290406716,3.0,31.0
safety organizations,-2.035784598957571,5.0,37.0
canine,-2.035784598957571,5.0,37.0
website and,-2.035784598957571,5.0,37.0
products,-2.0363232796307837,163.0,355.0
appliances,-2.037298486645724,9.0,48.0
floor,-2.037887809199378,24.0,84.0
also consider,-2.0408606963179468,28.0,93.0
approach for,-2.0426437245961284,6.0,40.0
cpu,-2.0426437245961284,6.0,40.0
5 ghz,-2.0426437245961284,6.0,40.0
phone manufacturers,-2.0454610524352232,2.0,28.0
or tenant,-2.0454610524352232,2.0,28.0
is certainly,-2.0454610524352232,2.0,28.0
is plausible,-2.0454610524352232,2.0,28.0
other countries,-2.0454610524352232,2.0,28.0
forums and,-2.0454610524352232,2.0,28.0
requirement,-2.04640380998336,67.0,174.0
usage,-2.0473433023320156,69.0,178.0
crime,-2.047792262254477,27.0,91.0
work by,-2.049084808461279,32.0,102.0
audit,-2.049607057149449,53.0,146.0
retention,-2.0498656245614297,39.0,117.0
find no,-2.049999080893835,12.0,56.0
specifies,-2.049999080893835,12.0,56.0
but only,-2.049999080893835,12.0,56.0
the blog,-2.049999080893835,12.0,56.0
reviewers,-2.052535181889703,7.0,43.0
size and,-2.0533472926037444,38.0,115.0
there have,-2.0536523236063764,10.0,51.0
how long,-2.0536523236063764,10.0,51.0
often show,-2.0536523236063764,10.0,51.0
feedback,-2.0536523236063764,10.0,51.0
typical heavier,-2.0536655958848358,0.0,21.0
the contractor's,-2.0536655958848358,0.0,21.0
buzz without,-2.0536655958848358,0.0,21.0
can't provide,-2.0536655958848358,0.0,21.0
reduces road,-2.0536655958848358,0.0,21.0
relief valve,-2.0536655958848358,0.0,21.0
step by,-2.0536655958848358,0.0,21.0
samsung support,-2.0536655958848358,0.0,21.0
weight use,-2.0536655958848358,0.0,21.0
citation but,-2.0536655958848358,0.0,21.0
minimum pad,-2.0536655958848358,0.0,21.0
road buzz,-2.0536655958848358,0.0,21.0
activated alumina,-2.0536655958848358,0.0,21.0
guidelines and,-2.0536655958848358,0.0,21.0
grip lower,-2.0536655958848358,0.0,21.0
alumina,-2.0536655958848358,0.0,21.0
and veterinary,-2.0536655958848358,0.0,21.0
this in,-2.0536655958848358,0.0,21.0
wide repairs,-2.0536655958848358,0.0,21.0
by step,-2.0536655958848358,0.0,21.0
safety administration,-2.0536655958848358,0.0,21.0
states the,-2.0536655958848358,0.0,21.0
much speed,-2.0536655958848358,0.0,21.0
they describe,-2.0536655958848358,0.0,21.0
riders may,-2.0536655958848358,0.0,21.0
lists minimum,-2.0536655958848358,0.0,21.0
a well,-2.056292449704215,48.0,136.0
type and,-2.0570945935572196,37.0,113.0
showed,-2.057587702063433,16.0,66.0
hours of,-2.057587702063433,16.0,66.0
deliberate,-2.063212460199511,25.0,87.0
issued,-2.0647541126582536,8.0,46.0
you tell,-2.0647541126582536,8.0,46.0
firmware updates,-2.0647541126582536,8.0,46.0
pci l,-2.065981267511649,1.0,25.0
kübler ross,-2.065981267511649,1.0,25.0
ross,-2.065981267511649,1.0,25.0
research showing,-2.065981267511649,1.0,25.0
the principle,-2.065981267511649,1.0,25.0
for research,-2.065981267511649,1.0,25.0
national health,-2.065981267511649,1.0,25.0
pci,-2.065981267511649,1.0,25.0
for noise,-2.065981267511649,1.0,25.0
battery manufacturers,-2.065981267511649,1.0,25.0
small effects,-2.065981267511649,1.0,25.0
plumber to,-2.065981267511649,1.0,25.0
is effective,-2.0664765873741042,18.0,71.0
onset,-2.069735857408034,13.0,59.0
that most,-2.0710771363226317,11.0,54.0
rated,-2.0733865367972855,28.0,94.0
short term,-2.0748706606487435,74.0,189.0
larger,-2.0764608086245535,76.0,193.0
figure,-2.0770880803443985,182.0,392.0
is well,-2.077733781927737,20.0,76.0
lithium ion,-2.0782702487029683,78.0,197.0
tables,-2.078633297777945,4.0,35.0
of home,-2.078633297777945,4.0,35.0
admin,-2.078633297777945,4.0,35.0
authority's,-2.0787801462712303,9.0,49.0
recommend replacing,-2.0787801462712303,9.0,49.0
it varies,-2.0800195814126345,17.0,69.0
physiology,-2.0800195814126345,17.0,69.0
trials and,-2.0805163939706834,5.0,38.0
review is,-2.0805163939706834,5.0,38.0
short trips,-2.0805163939706834,5.0,38.0
tenant act,-2.0805163939706834,5.0,38.0
30 50,-2.0805163939706834,5.0,38.0
industrial,-2.0805163939706834,5.0,38.0
settlement,-2.0805163939706834,5.0,38.0
labor,-2.0805846528615617,27.0,92.0
police,-2.0809699909371417,23.0,83.0
case reports,-2.0820740738868673,3.0,32.0
the sample,-2.0820740738868673,3.0,32.0
surveys and,-2.0820740738868673,3.0,32.0
guitar,-2.0820740738868673,3.0,32.0
sports science,-2.0820740738868673,3.0,32.0
storage,-2.0829982149016146,126.0,289.0
attributed,-2.086390240442539,6.0,41.0
global,-2.086390240442539,6.0,41.0
provided,-2.086390240442539,6.0,41.0
differences,-2.08811175268568,46.0,133.0
lithium,-2.0887601825071784,87.0,215.0
compound,-2.0893418296233177,12.0,57.0
park,-2.0893418296233177,12.0,57.0
comfort and,-2.0896667155284243,19.0,74.0
cleaners,-2.0896667155284243,19.0,74.0
women,-2.0899464837526667,14.0,62.0
the advice,-2.0899464837526667,14.0,62.0
location,-2.0908032251219515,121.0,280.0
that lithium,-2.092773294926838,2.0,29.0
organization and,-2.092773294926838,2.0,29.0
surveys of,-2.092773294926838,2.0,29.0
focuses on,-2.092773294926838,2.0,29.0
require landlords,-2.092773294926838,2.0,29.0
speed test,-2.092773294926838,2.0,29.0
found limited,-2.092773294926838,2.0,29.0
salary surveys,-2.092773294926838,2.0,29.0
include,-2.092961608084285,130.0,297.0
vary,-2.0930460833854223,440.0,848.0
fda and,-2.094221744106153,10.0,52.0
are typically,-2.095308419678827,7.0,44.0
is typical,-2.095308419678827,7.0,44.0
wood,-2.099902020519364,56.0,154.0
repair guides,-2.1019946242313927,0.0,22.0
lb rider,-2.1019946242313927,0.0,22.0
communities,-2.1019946242313927,0.0,22.0
fi alliance,-2.1019946242313927,0.0,22.0
guides searching,-2.1019946242313927,0.0,22.0
royal,-2.1019946242313927,0.0,22.0
insurance department,-2.1019946242313927,0.0,22.0
likely yes,-2.1019946242313927,0.0,22.0
history of,-2.1019946242313927,0.0,22.0
safety commission,-2.1019946242313927,0.0,22.0
written report,-2.1019946242313927,0.0,22.0
rider on,-2.1019946242313927,0.0,22.0
small trials,-2.1019946242313927,0.0,22.0
analyzer app,-2.1019946242313927,0.0,22.0
wise a,-2.1019946242313927,0.0,22.0
406,-2.1019946242313927,0.0,22.0
oil dandruff,-2.1019946242313927,0.0,22.0
specific citation,-2.1019946242313927,0.0,22.0
1980s,-2.1019946242313927,0.0,22.0
often list,-2.1019946242313927,0.0,22.0
like aaa,-2.1019946242313927,0.0,22.0
recommends 120,-2.1019946242313927,0.0,22.0
amenities,-2.1019946242313927,0.0,22.0
the dsire,-2.1019946242313927,0.0,22.0
example in,-2.1019946242313927,0.0,22.0
by organizations,-2.1019946242313927,0.0,22.0
mesh nodes,-2.1019946242313927,0.0,22.0
available on,-2.1019946242313927,0.0,22.0
traffic safety,-2.1019946242313927,0.0,22.0
manufacturers recommend,-2.1088009018155214,39.0,119.0
no a,-2.1105202011037494,15.0,65.0
benefit the,-2.1107794534287145,11.0,55.0
measures,-2.1131356570543134,27.0,93.0
but that's,-2.1131356570543134,27.0,93.0
dandruff medicated,-2.113639919510274,1.0,26.0
usually recommend,-2.113639919510274,1.0,26.0
will specify,-2.113639919510274,1.0,26.0
often explain,-2.113639919510274,1.0,26.0
manuals specify,-2.113639919510274,1.0,26.0
and colleagues,-2.113639919510274,1.0,26.0
and vehicle,-2.113639919510274,1.0,26.0
they state,-2.113639919510274,1.0,26.0
wired backhaul,-2.113639919510274,1.0,26.0
reviews that,-2.113639919510274,1.0,26.0
internal medicine,-2.113639919510274,1.0,26.0
figure comes,-2.113639919510274,1.0,26.0
and tp,-2.113639919510274,1.0,26.0
deposits,-2.1174105382921704,31.0,102.0
wear,-2.117734634402679,273.0,558.0
printer,-2.1196985909212,9.0,50.0
5 to,-2.1196985909212,9.0,50.0
social,-2.1214150771601195,71.0,185.0
sitting,-2.1221643004153896,61.0,165.0
the consensus,-2.123505582034256,4.0,36.0
surveys show,-2.123505582034256,4.0,36.0
this the,-2.123505582034256,4.0,36.0
development,-2.12374909804415,30.0,100.0
if they,-2.1241572017131936,118.0,276.0
a controlled,-2.1244902695304266,5.0,39.0
caliper,-2.1244902695304266,5.0,39.0
your country's,-2.1244902695304266,5.0,39.0
never,-2.1247318700212134,127.0,293.0
kits,-2.125031164478377,22.0,82.0
wpa3,-2.125065507998046,19.0,75.0
damages,-2.127706902452471,14.0,63.0
blogs,-2.127767679079429,3.0,33.0
sites have,-2.127767679079429,3.0,33.0
hard inquiry,-2.127767679079429,3.0,33.0
light filtering,-2.127767679079429,3.0,33.0
pressure calculator,-2.127767679079429,3.0,33.0
2008,-2.127767679079429,3.0,33.0
could look,-2.127767679079429,3.0,33.0
data showing,-2.127767679079429,3.0,33.0
dual,-2.1294417223170763,6.0,42.0
vehicle's,-2.1294417223170763,6.0,42.0
in food,-2.1294417223170763,6.0,42.0
and who,-2.1294417223170763,6.0,42.0
trade,-2.129634593493169,25.0,89.0
benchmarks,-2.131368449462737,16.0,68.0
camera,-2.13304153526997,51.0,145.0
when the,-2.134185558842018,40.0,122.0
private,-2.1365812314982993,33.0,107.0
trying to,-2.1374430174177306,7.0,45.0
public health,-2.137739473118289,28.0,96.0
outdoor,-2.1382368648789276,18.0,73.0
zones,-2.1387520138835203,24.0,87.0
group,-2.1389808707348292,48.0,139.0
main,-2.1390311760853167,133.0,305.0
acog,-2.139114535902887,2.0,30.0
the cdc's,-2.139114535902887,2.0,30.0
reviews by,-2.139114535902887,2.0,30.0
move,-2.1452731584351383,69.0,182.0
climate,-2.1456985639606625,65.0,174.0
and independent,-2.1463639416590383,13.0,61.0
and safety,-2.1463639416590383,13.0,61.0
values,-2.1463639416590383,13.0,61.0
signal strength,-2.147551154355622,15.0,66.0
and reviews,-2.147821452500388,8.0,48.0
and maintenance,-2.147821452500388,8.0,48.0
sample size,-2.147821452500388,8.0,48.0
protocol,-2.147821452500388,8.0,48.0
2 3,-2.1485049732486097,23.0,85.0
width for,-2.149237249453692,0.0,23.0
academic research,-2.149237249453692,0.0,23.0
drain valve,-2.149237249453692,0.0,23.0
on pubmed,-2.149237249453692,0.0,23.0
2018 study,-2.149237249453692,0.0,23.0
widely cited,-2.149237249453692,0.0,23.0
state of,-2.149237249453692,0.0,23.0
trial in,-2.149237249453692,0.0,23.0
interviews with,-2.149237249453692,0.0,23.0
find their,-2.149237249453692,0.0,23.0
yes never,-2.149237249453692,0.0,23.0
emphasise,-2.149237249453692,0.0,23.0
often note,-2.149237249453692,0.0,23.0
battery research,-2.149237249453692,0.0,23.0
wise don't,-2.149237249453692,0.0,23.0
botanical gardens,-2.149237249453692,0.0,23.0
no association,-2.149237249453692,0.0,23.0
from organizations,-2.149237249453692,0.0,23.0
heavier riders,-2.149237249453692,0.0,23.0
58,-2.149237249453692,0.0,23.0
reports has,-2.149237249453692,0.0,23.0
likely overinflated,-2.149237249453692,0.0,23.0
oregon state,-2.149237249453692,0.0,23.0
state university,-2.149237249453692,0.0,23.0
a 2011,-2.149237249453692,0.0,23.0
programme name,-2.149237249453692,0.0,23.0
overinflated for,-2.149237249453692,0.0,23.0
dsire database,-2.149237249453692,0.0,23.0
consistently show,-2.149237249453692,0.0,23.0
the insurance,-2.149237249453692,0.0,23.0
a contractor's,-2.149237249453692,0.0,23.0
nutrition found,-2.149237249453692,0.0,23.0
supports grounding,-2.149237249453692,0.0,23.0
recruiter,-2.1499984271407078,11.0,56.0
battery,-2.1500073291000312,595.0,1119.0
advises,-2.1524198972614217,17.0,71.0
units,-2.1524198972614217,17.0,71.0
many,-2.1578826127621458,2002.0,3456.0
question,-2.160073328962204,9.0,51.0
region,-2.1601448400567866,19.0,76.0
test report,-2.1602749791327907,1.0,27.0
that's essential,-2.1602749791327907,1.0,27.0
0 2,-2.1602749791327907,1.0,27.0
filtering lenses,-2.1602749791327907,1.0,27.0
good keep,-2.1602749791327907,1.0,27.0
to moderate,-2.1602749791327907,1.0,27.0
blinded,-2.1602749791327907,1.0,27.0
fda regulates,-2.1602749791327907,1.0,27.0
the brake,-2.1602749791327907,1.0,27.0
parental,-2.1602749791327907,1.0,27.0
typically recommend,-2.1602749791327907,1.0,27.0
usda food,-2.1602749791327907,1.0,27.0
and transunion,-2.1602749791327907,1.0,27.0
the general,-2.162465473885082,25.0,90.0
feet,-2.163373818039789,93.0,230.0
per year,-2.165063511568507,14.0,64.0
gauge,-2.166275820993512,48.0,140.0
show mixed,-2.1666502962363583,12.0,59.0
16,-2.1666502962363583,12.0,59.0
spiva,-2.1675908308511125,4.0,37.0
terms like,-2.1675908308511125,4.0,37.0
your city's,-2.1677400695500966,5.0,40.0
attributed to,-2.1677400695500966,5.0,40.0
code and,-2.1677400695500966,5.0,40.0
dental,-2.1704308338312948,75.0,195.0
describe the,-2.1718269934281578,6.0,43.0
name and,-2.1718269934281578,6.0,43.0
dollar,-2.1726083171227906,3.0,34.0
testing for,-2.1726083171227906,3.0,34.0
tenant law,-2.1726083171227906,3.0,34.0
and industry,-2.1726083171227906,3.0,34.0
suggests that,-2.1726083171227906,3.0,34.0
association of,-2.1726083171227906,3.0,34.0
student aid,-2.1726083171227906,3.0,34.0
english speakers,-2.1726083171227906,3.0,34.0
data that's,-2.1726083171227906,3.0,34.0
focuses,-2.1726083171227906,3.0,34.0
pressure depends,-2.1726083171227906,3.0,34.0
medicine and,-2.1726083171227906,3.0,34.0
in many,-2.174887479716198,140.0,320.0
document the,-2.1789636689854515,7.0,46.0
large,-2.181459596617217,261.0,541.0
to find,-2.1840420606997726,13.0,62.0
american cancer,-2.1845397727476112,2.0,31.0
2006,-2.1845397727476112,2.0,31.0
car's manual,-2.1845397727476112,2.0,31.0
prohibit,-2.1845397727476112,2.0,31.0
alliance,-2.1845397727476112,2.0,31.0
cancer society,-2.1845397727476112,2.0,31.0
and national,-2.1845397727476112,2.0,31.0
research from,-2.1845397727476112,2.0,31.0
moisture,-2.187776044482178,286.0,586.0
wildlife,-2.188101469089425,17.0,72.0
a practical,-2.188101469089425,17.0,72.0
heavier,-2.188493825180177,8.0,49.0
study found,-2.188493825180177,8.0,49.0
leading,-2.1887489410015055,11.0,57.0
property,-2.190973933405679,49.0,143.0
search incognito,-2.1954636052885306,0.0,24.0
describe how,-2.1954636052885306,0.0,24.0
memorized,-2.1954636052885306,0.0,24.0
mentions,-2.1954636052885306,0.0,24.0
papers on,-2.1954636052885306,0.0,24.0
link have,-2.1954636052885306,0.0,24.0
propagation,-2.1954636052885306,0.0,24.0
aspca,-2.1954636052885306,0.0,24.0
observations,-2.1954636052885306,0.0,24.0
al 2013,-2.1954636052885306,0.0,24.0
inspection service,-2.1954636052885306,0.0,24.0
by researchers,-2.1954636052885306,0.0,24.0
calculator with,-2.1954636052885306,0.0,24.0
redundant correct,-2.1954636052885306,0.0,24.0
state's energy,-2.1954636052885306,0.0,24.0
it explains,-2.1954636052885306,0.0,24.0
it safer,-2.1954636052885306,0.0,24.0
that explains,-2.1954636052885306,0.0,24.0
or county,-2.1954636052885306,0.0,24.0
sufficient packaging,-2.1954636052885306,0.0,24.0
foundation and,-2.1954636052885306,0.0,24.0
safer one,-2.1954636052885306,0.0,24.0
publications like,-2.1954636052885306,0.0,24.0
intervals,-2.198482023522036,84.0,214.0
as the,-2.202484040347745,57.0,160.0
hiring,-2.2035500991509256,32.0,107.0
around,-2.203590709678223,249.0,521.0
initial,-2.203690672770536,16.0,70.0
the mechanism,-2.203690672770536,16.0,70.0
depending on,-2.2044738248689537,166.0,370.0
depending,-2.2044738248689537,166.0,370.0
the university,-2.2059485495250644,1.0,28.0
similar bodies,-2.2059485495250644,1.0,28.0
also contact,-2.2059485495250644,1.0,28.0
and conditioning,-2.2059485495250644,1.0,28.0
website they,-2.2059485495250644,1.0,28.0
website will,-2.2059485495250644,1.0,28.0
colleagues,-2.2059485495250644,1.0,28.0
yes focus,-2.2059485495250644,1.0,28.0
rim,-2.2059485495250644,1.0,28.0
can point,-2.2059485495250644,1.0,28.0
cooperative extension,-2.2059485495250644,1.0,28.0
minutes so,-2.2059485495250644,1.0,28.0
no that's,-2.2101612550886762,31.0,105.0
and their,-2.2102973223970643,5.0,41.0
request a,-2.2102973223970643,5.0,41.0
the review,-2.2102973223970643,5.0,41.0
service institute,-2.2102973223970643,5.0,41.0
can check,-2.2104791506129917,96.0,238.0
mitigate,-2.210925989942012,4.0,38.0
educational,-2.210925989942012,4.0,38.0
found little,-2.210925989942012,4.0,38.0
renewal,-2.210925989942012,4.0,38.0
too low,-2.212871598834998,10.0,55.0
the who,-2.212871598834998,10.0,55.0
self employed,-2.212871598834998,10.0,55.0
auction,-2.213573051481836,6.0,44.0
estimated,-2.213573051481836,6.0,44.0
horticultural,-2.213573051481836,6.0,44.0
pressure reduces,-2.216639249389179,3.0,35.0
devices and,-2.216639249389179,3.0,35.0
600 750,-2.216639249389179,3.0,35.0
repayment,-2.216639249389179,3.0,35.0
double blind,-2.216639249389179,3.0,35.0
the wheel,-2.216639249389179,3.0,35.0
report for,-2.216639249389179,3.0,35.0
for english,-2.216639249389179,3.0,35.0
some manufacturers,-2.216639249389179,3.0,35.0
laws,-2.217235939001504,74.0,195.0
7,-2.217521137453374,150.0,341.0
original,-2.217778196333442,69.0,185.0
city's,-2.219893613702269,7.0,47.0
mesh systems,-2.2204874015215093,15.0,68.0
and food,-2.2204874015215093,15.0,68.0
these,-2.2211221252413225,63.0,173.0
the ftc,-2.221311909473227,13.0,63.0
specifications,-2.2234482111348752,17.0,73.0
number of,-2.2246502868031803,29.0,101.0
variation,-2.2259374407881767,22.0,85.0
owner's,-2.2271598824300893,168.0,375.0
so,-2.227204664790682,383.0,760.0
balanced approach,-2.2286192207569826,8.0,50.0
subsequent,-2.2290991392576536,2.0,32.0
often publish,-2.2290991392576536,2.0,32.0
analyses show,-2.2290991392576536,2.0,32.0
cdc's,-2.2290991392576536,2.0,32.0
botanical,-2.2290991392576536,2.0,32.0
autopsy,-2.2290991392576536,2.0,32.0
universal standard,-2.2290991392576536,2.0,32.0
your router's,-2.2290991392576536,2.0,32.0
1 2,-2.2325815574588392,28.0,99.0
fluoride,-2.233178384256219,54.0,155.0
traction,-2.2338517997743192,32.0,108.0
content,-2.235505029369064,99.0,245.0
anchoring,-2.239264667733265,9.0,53.0
garden,-2.239264667733265,9.0,53.0
principle,-2.239264667733265,9.0,53.0
american dental,-2.239264667733265,9.0,53.0
like smallnetbuilder,-2.2407365894767715,0.0,25.0
home inspectors,-2.2407365894767715,0.0,25.0
they publish,-2.2407365894767715,0.0,25.0
journals i,-2.2407365894767715,0.0,25.0
tom's guide,-2.2407365894767715,0.0,25.0
also show,-2.2407365894767715,0.0,25.0
journals have,-2.2407365894767715,0.0,25.0
networking guides,-2.2407365894767715,0.0,25.0
vaccination guidelines,-2.2407365894767715,0.0,25.0
wirecutter,-2.2407365894767715,0.0,25.0
certainly overkill,-2.2407365894767715,0.0,25.0
2020 study,-2.2407365894767715,0.0,25.0
plumbing code,-2.2407365894767715,0.0,25.0
pediatrics and,-2.2407365894767715,0.0,25.0
science,-2.2408006876198074,186.0,409.0
acquisition,-2.2422112486266275,12.0,61.0
audits,-2.2422112486266275,12.0,61.0
school,-2.2422112486266275,12.0,61.0
snow,-2.2434137832605336,18.0,76.0
this,-2.2435632212596808,304.0,622.0
driving,-2.245294988715354,138.0,320.0
by the,-2.245313539723561,87.0,222.0
base,-2.247920285150705,30.0,104.0
sodium,-2.2486796179335466,40.0,126.0
to show,-2.2499686315686898,26.0,95.0
it found,-2.2507167774051378,1.0,29.0
defines,-2.2507167774051378,1.0,29.0
department or,-2.2507167774051378,1.0,29.0
tp,-2.2507167774051378,1.0,29.0
tp link,-2.2507167774051378,1.0,29.0
website lists,-2.2507167774051378,1.0,29.0
absolute risk,-2.2507167774051378,1.0,29.0
the practical,-2.2507167774051378,1.0,29.0
shampoos with,-2.2507167774051378,1.0,29.0
and university,-2.2507167774051378,1.0,29.0
also look,-2.251455958448068,10.0,56.0
the url,-2.2521914492607866,5.0,42.0
ir,-2.2535453310279765,4.0,39.0
overlapping,-2.2535453310279765,4.0,39.0
definitions,-2.2535453310279765,4.0,39.0
exposure,-2.2546292081238843,203.0,441.0
android,-2.2547052205866063,6.0,45.0
without seeing,-2.2547052205866063,6.0,45.0
will show,-2.2547052205866063,6.0,45.0
manual,-2.255105148168917,404.0,799.0
angle,-2.2581846317556526,13.0,64.0
title,-2.258467931337647,17.0,74.0
deliberate practice,-2.258467931337647,17.0,74.0
most car,-2.2599003335616894,3.0,36.0
protocols,-2.2599003335616894,3.0,36.0
significant difference,-2.2599003335616894,3.0,36.0
scoring,-2.264900700077085,11.0,59.0
moral,-2.264900700077085,11.0,59.0
pad,-2.2668982631572727,67.0,183.0
vary widely,-2.268707556520749,36.0,118.0
ratio,-2.2709988603391777,31.0,107.0
me,-2.271002304634253,21.0,84.0
visual,-2.2724163856847013,27.0,98.0
a 2012,-2.272838475836424,2.0,33.0
that's practical,-2.272838475836424,2.0,33.0
archives,-2.272838475836424,2.0,33.0
or state,-2.272838475836424,2.0,33.0
popularized,-2.272838475836424,2.0,33.0
kübler,-2.272838475836424,2.0,33.0
a certain,-2.274625027877153,16.0,72.0
roof,-2.274625027877153,16.0,72.0
port,-2.274816307003071,14.0,67.0
employed,-2.274816307003071,14.0,67.0
annually,-2.2778453641639316,18.0,77.0
1 3,-2.27936743386189,12.0,62.0
impact,-2.279969090084008,101.0,251.0
forgiveness,-2.280398755560946,23.0,89.0
coatings,-2.280398755560946,23.0,89.0
the landlord,-2.280398755560946,23.0,89.0
countries,-2.28274227549448,55.0,159.0
reliable dermatologists,-2.2851128677289405,0.0,26.0
details that's,-2.2851128677289405,0.0,26.0
but effective,-2.2851128677289405,0.0,26.0
researchers and,-2.2851128677289405,0.0,26.0
energy office,-2.2851128677289405,0.0,26.0
6ghz,-2.2851128677289405,0.0,26.0
for studies,-2.2851128677289405,0.0,26.0
ifixit,-2.2851128677289405,0.0,26.0
and extension,-2.2851128677289405,0.0,26.0
attorney general's,-2.2851128677289405,0.0,26.0
they found,-2.2851128677289405,0.0,26.0
analyzed,-2.2851128677289405,0.0,26.0
also note,-2.2851128677289405,0.0,26.0
science in,-2.2851128677289405,0.0,26.0
it states,-2.2851128677289405,0.0,26.0
is all,-2.2851128677289405,0.0,26.0
later research,-2.2851128677289405,0.0,26.0
general's,-2.2851128677289405,0.0,26.0
vehicle manufacturers,-2.2851128677289405,0.0,26.0
reduces,-2.2895134019956123,198.0,434.0
wpa2,-2.289582522820131,10.0,57.0
per week,-2.289582522820131,10.0,57.0
a universal,-2.2901017485441053,109.0,267.0
is about,-2.2920398740054737,37.0,121.0
foreign service,-2.293449949595393,5.0,43.0
forwarding,-2.293449949595393,5.0,43.0
ports,-2.293449949595393,5.0,43.0
2023,-2.294630615668781,1.0,30.0
other studies,-2.294630615668781,1.0,30.0
agencies and,-2.294630615668781,1.0,30.0
state insurance,-2.294630615668781,1.0,30.0
studies from,-2.294630615668781,1.0,30.0
cooperative,-2.294630615668781,1.0,30.0
speed loss,-2.294630615668781,1.0,30.0
based approach,-2.2952472877045187,6.0,46.0
pixel,-2.2952472877045187,6.0,46.0
weather service,-2.2952472877045187,6.0,46.0
congested,-2.2954807071069743,4.0,40.0
practical approach,-2.2954807071069743,4.0,40.0
knot,-2.2954807071069743,4.0,40.0
uk the,-2.2954807071069743,4.0,40.0
most reliable,-2.300067731353642,7.0,49.0
in their,-2.300067731353642,7.0,49.0
languages,-2.302328412808739,11.0,60.0
filtering,-2.302328412808739,11.0,60.0
cohort,-2.3024283777613013,3.0,37.0
landlords to,-2.3024283777613013,3.0,37.0
for details,-2.3024283777613013,3.0,37.0
750,-2.3024283777613013,3.0,37.0
statutes,-2.3024283777613013,3.0,37.0
diy,-2.303605461180834,27.0,99.0
check for,-2.305386173263628,105.0,260.0
more check,-2.307304213846084,8.0,52.0
energy and,-2.3095924295423043,16.0,73.0
or an,-2.3095924295423043,16.0,73.0
hardware,-2.3127398800915397,23.0,90.0
defined,-2.315799817727618,2.0,34.0
page and,-2.315799817727618,2.0,34.0
eats,-2.315799817727618,2.0,34.0
or academic,-2.315799817727618,2.0,34.0
institute of,-2.315799817727618,2.0,34.0
government's,-2.315799817727618,2.0,34.0
footage,-2.316490971569106,9.0,55.0
99,-2.3169020351142433,29.0,104.0
can look,-2.323000835367543,25.0,95.0
oregon,-2.3286437053933877,0.0,27.0
and tech,-2.3286437053933877,0.0,27.0
label multiple,-2.3286437053933877,0.0,27.0
committee,-2.3286437053933877,0.0,27.0
210,-2.3286437053933877,0.0,27.0
many university,-2.3286437053933877,0.0,27.0
search gov,-2.3286437053933877,0.0,27.0
protection bureau,-2.3286437053933877,0.0,27.0
have guides,-2.3286437053933877,0.0,27.0
it's unsupported,-2.3286437053933877,0.0,27.0
across,-2.3307571287071487,47.0,144.0
visa,-2.3322317291948793,82.0,216.0
third party,-2.332414722361528,78.0,208.0
multiple,-2.332893833441879,176.0,396.0
advisory,-2.3340985665908396,5.0,44.0
the tenant,-2.3367617778889436,4.0,41.0
laboratory,-2.3367617778889436,4.0,41.0
transunion,-2.3377364658295976,1.0,31.0
the doe,-2.3377364658295976,1.0,31.0
and studies,-2.3377364658295976,1.0,31.0
act 2019,-2.3377364658295976,1.0,31.0
center for,-2.3377364658295976,1.0,31.0
visible label,-2.3377364658295976,1.0,31.0
service manual,-2.3377364658295976,1.0,31.0
portal,-2.3377364658295976,1.0,31.0
owner's manuals,-2.3377364658295976,1.0,31.0
compress is,-2.3377364658295976,1.0,31.0
manuals and,-2.3377364658295976,1.0,31.0
one visible,-2.3377364658295976,1.0,31.0
industry,-2.341524343793232,100.0,252.0
a tire,-2.3442574495254527,3.0,38.0
seal failure,-2.3442574495254527,3.0,38.0
tests by,-2.3442574495254527,3.0,38.0
device,-2.344341870825607,103.0,258.0
well known,-2.345808786442924,18.0,79.0
extended warranties,-2.34589892353409,8.0,53.0
best approach,-2.34589892353409,8.0,53.0
photography,-2.34589892353409,8.0,53.0
sources like,-2.34589892353409,8.0,53.0
carbon,-2.3509889411250398,42.0,134.0
15,-2.3519883578099883,145.0,339.0
concentrations,-2.35248866806627,12.0,64.0
research shows,-2.3537446633015704,48.0,147.0
authoritative,-2.3544062984870746,9.0,56.0
firmware,-2.355732660726091,41.0,132.0
rights,-2.3561271987533536,90.0,233.0
expert,-2.3567794479538127,22.0,89.0
could search,-2.358021815087346,2.0,35.0
information on,-2.358021815087346,2.0,35.0
can determine,-2.358021815087346,2.0,35.0
strength,-2.3588011017738353,139.0,328.0
temperatures,-2.3604535842504237,69.0,191.0
lower,-2.3605572141597335,382.0,769.0
home office,-2.360822133424427,31.0,110.0
rule,-2.361254016799292,509.0,991.0
brake fluid,-2.3642937568973683,19.0,82.0
consumer organisations,-2.3713756616454273,0.0,28.0
and just,-2.3713756616454273,0.0,28.0
cnet,-2.3713756616454273,0.0,28.0
for analyses,-2.3713756616454273,0.0,28.0
some certified,-2.3713756616454273,0.0,28.0
netgear and,-2.3713756616454273,0.0,28.0
effective correct,-2.3713756616454273,0.0,28.0
also search,-2.3713756616454273,0.0,28.0
uk website,-2.3713756616454273,0.0,28.0
dandruff evidence,-2.3713756616454273,0.0,28.0
testers,-2.3713756616454273,0.0,28.0
textbooks and,-2.3713756616454273,0.0,28.0
batteries manuals,-2.3713756616454273,0.0,28.0
titled,-2.3713756616454273,0.0,28.0
charge most,-2.3713756616454273,0.0,28.0
moisture content,-2.3713756616454273,0.0,28.0
most riders,-2.3713756616454273,0.0,28.0
s p,-2.3741614351937486,5.0,45.0
departments,-2.3741614351937486,5.0,45.0
advanced,-2.3741614351937486,5.0,45.0
want i,-2.3741614351937486,5.0,45.0
sq,-2.3741614351937486,5.0,45.0
sq ft,-2.3741614351937486,5.0,45.0
140,-2.375949300611875,11.0,62.0
review found,-2.375949300611875,11.0,62.0
third,-2.376622652041799,84.0,222.0
tire width,-2.3774162094824702,4.0,42.0
harvard,-2.3774162094824702,4.0,42.0
guidelines for,-2.3774162094824702,4.0,42.0
infrared,-2.3774162094824702,4.0,42.0
category,-2.3793536143248617,18.0,80.0
the cfpb,-2.3800767225147554,1.0,32.0
a systematic,-2.3800767225147554,1.0,32.0
youtube,-2.3800767225147554,1.0,32.0
certified filters,-2.3800767225147554,1.0,32.0
have looked,-2.3800767225147554,1.0,32.0
test results,-2.3840170153205853,8.0,54.0
a blower,-2.385419146383635,3.0,39.0
myth likely,-2.385419146383635,3.0,39.0
ratios,-2.385419146383635,3.0,39.0
cycling,-2.3918757302504696,9.0,57.0
provides,-2.398586328571359,84.0,223.0
space,-2.398603721237338,87.0,229.0
a 2015,-2.3995400960527564,2.0,36.0
can identify,-2.3995400960527564,2.0,36.0
international society,-2.3995400960527564,2.0,36.0
hmrc,-2.3995400960527564,2.0,36.0
incidence,-2.3995400960527564,2.0,36.0
immunology,-2.3995400960527564,2.0,36.0
similarly,-2.3995400960527564,2.0,36.0
key factor,-2.3995400960527564,2.0,36.0
work on,-2.4013516560214447,10.0,60.0
schedules,-2.4013516560214447,10.0,60.0
is required,-2.4013516560214447,10.0,60.0
guest,-2.401911552344693,13.0,68.0
however the,-2.4121655863712625,11.0,63.0
health organization,-2.4121655863712625,11.0,63.0
american journal,-2.4133511729935004,0.0,29.0
2010,-2.4133511729935004,0.0,29.0
states require,-2.4133511729935004,0.0,29.0
specific lead,-2.4133511729935004,0.0,29.0
improvements generally,-2.4133511729935004,0.0,29.0
financial protection,-2.4133511729935004,0.0,29.0
wifi analyzer,-2.4133511729935004,0.0,29.0
2004,-2.4133511729935004,0.0,29.0
studies using,-2.4133511729935004,0.0,29.0
lead by,-2.4133511729935004,0.0,29.0
improvements your,-2.4133511729935004,0.0,29.0
manuals recommend,-2.4135501864380537,6.0,49.0
checked by,-2.4135501864380537,6.0,49.0
some states,-2.4135501864380537,6.0,49.0
various,-2.4135501864380537,6.0,49.0
distinguish,-2.4135501864380537,6.0,49.0
guidance from,-2.413661214836073,5.0,46.0
1 5,-2.413661214836073,5.0,46.0
of sleep,-2.413661214836073,5.0,46.0
maintain,-2.414105669646076,46.0,145.0
mixed results,-2.4154988313285903,20.0,86.0
than a,-2.415666622953509,140.0,333.0
authors,-2.416407612673749,7.0,52.0
update,-2.4165793675425182,25.0,98.0
universities,-2.417469851781769,4.0,43.0
on food,-2.417469851781769,4.0,43.0
study on,-2.417469851781769,4.0,43.0
amp,-2.417469851781769,4.0,43.0
official,-2.4176550034600615,389.0,786.0
covers,-2.419942703956879,61.0,177.0
or a,-2.4201777893284886,224.0,490.0
000,-2.4206624137905535,456.0,904.0
level,-2.420874940067224,118.0,291.0
plausible,-2.4216738843397043,8.0,55.0
gaming,-2.4216738843397043,8.0,55.0
some filters,-2.421690237563268,1.0,33.0
ericsson,-2.421690237563268,1.0,33.0
optimal pressure,-2.421690237563268,1.0,33.0
cures dandruff,-2.421690237563268,1.0,33.0
security deposit,-2.421690237563268,1.0,33.0
guides often,-2.421690237563268,1.0,33.0
a meta,-2.421690237563268,1.0,33.0
originated from,-2.421690237563268,1.0,33.0
glassdoor,-2.421690237563268,1.0,33.0
1 6,-2.421690237563268,1.0,33.0
originated,-2.425942833628388,3.0,40.0
median,-2.425942833628388,3.0,40.0
reviewed study,-2.425942833628388,3.0,40.0
will state,-2.425942833628388,3.0,40.0
cross,-2.4262614002454272,27.0,103.0
channels,-2.4278191487070027,24.0,96.0
updated,-2.4278191487070027,24.0,96.0
140 f,-2.428912897044747,9.0,58.0
10,-2.4351841027584875,445.0,886.0
also has,-2.4369505453200566,13.0,69.0
reports from,-2.440387581887159,2.0,37.0
multifactorial,-2.440387581887159,2.0,37.0
government,-2.4435408787318615,52.0,159.0
user,-2.445600395042743,18.0,82.0
vulnerabilities,-2.4477782628248703,20.0,87.0
routers,-2.4505890772601013,14.0,72.0
cities,-2.4519430287554767,6.0,50.0
generally find,-2.4526192087258405,5.0,47.0
jurisdictions,-2.4542335968247744,49.0,153.0
grounding has,-2.4546090469366586,0.0,30.0
for capital,-2.4546090469366586,0.0,30.0
for systematic,-2.4546090469366586,0.0,30.0
explain this,-2.4546090469366586,0.0,30.0
aaa have,-2.4546090469366586,0.0,30.0
ingredients you,-2.4546090469366586,0.0,30.0
have documented,-2.4546090469366586,0.0,30.0
same any,-2.4546090469366586,0.0,30.0
correct one,-2.4546090469366586,0.0,30.0
grounding for,-2.4546090469366586,0.0,30.0
guidelines they,-2.4546090469366586,0.0,30.0
dpreview,-2.4546090469366586,0.0,30.0
and aaa,-2.4546090469366586,0.0,30.0
some reverse,-2.4546090469366586,0.0,30.0
on capital,-2.4546090469366586,0.0,30.0
like consumer,-2.4546090469366586,0.0,30.0
l,-2.456946896476942,4.0,44.0
service and,-2.456946896476942,4.0,44.0
national weather,-2.456946896476942,4.0,44.0
world health,-2.4593509330178427,12.0,67.0
increased,-2.4614151626093914,37.0,127.0
observational,-2.461696015229753,33.0,118.0
alignment,-2.46229936737954,54.0,164.0
labels are,-2.462612717693147,1.0,34.0
documented in,-2.462612717693147,1.0,34.0
detailing,-2.462612717693147,1.0,34.0
woodworking,-2.462612717693147,1.0,34.0
veterinary medical,-2.462612717693147,1.0,34.0
about 2,-2.462612717693147,1.0,34.0
rod,-2.4648845488597075,15.0,75.0
few small,-2.4655307920006986,9.0,59.0
for reviews,-2.465855853950808,3.0,41.0
approve,-2.465855853950808,3.0,41.0
temperature,-2.4665098995503367,248.0,537.0
media,-2.4723415172971044,51.0,158.0
rotor,-2.4738145240549074,10.0,62.0
furniture,-2.4798070407780703,20.0,88.0
about 0,-2.480594761634376,2.0,38.0
studies of,-2.480594761634376,2.0,38.0
federal student,-2.480594761634376,2.0,38.0
outline,-2.480594761634376,2.0,38.0
behavior,-2.482472482373409,34.0,121.0
population,-2.4868408160753326,30.0,112.0
not just,-2.4894449250399124,107.0,273.0
extended,-2.4895294767215392,24.0,98.0
effect sizes,-2.489845553137281,6.0,51.0
well documented,-2.489845553137281,6.0,51.0
municipal,-2.489845553137281,6.0,51.0
followed,-2.4910554712978197,5.0,48.0
f is,-2.4910554712978197,5.0,48.0
by about,-2.491557501278998,7.0,54.0
the credit,-2.491557501278998,7.0,54.0
migration,-2.491557501278998,7.0,54.0
covered,-2.4917728583806005,41.0,137.0
interest,-2.4946443500794024,144.0,345.0
measurements,-2.4950507078116946,17.0,81.0
dandruff ingredients,-2.49518488212549,0.0,31.0
both state,-2.49518488212549,0.0,31.0
have measured,-2.49518488212549,0.0,31.0
john,-2.49518488212549,0.0,31.0
serious eats,-2.49518488212549,0.0,31.0
cartalk have,-2.49518488212549,0.0,31.0
rebates,-2.49518488212549,0.0,31.0
tom's,-2.49518488212549,0.0,31.0
2002,-2.49518488212549,0.0,31.0
and american,-2.49518488212549,0.0,31.0
manufacturers explain,-2.49518488212549,0.0,31.0
michelin and,-2.49518488212549,0.0,31.0
wise also,-2.49518488212549,0.0,31.0
factor no,-2.49518488212549,0.0,31.0
2009,-2.49518488212549,0.0,31.0
2019 study,-2.49518488212549,0.0,31.0
protection agencies,-2.49518488212549,0.0,31.0
eu,-2.495661774534851,8.0,57.0
sites and,-2.4958700181730435,4.0,45.0
approach the,-2.4958700181730435,4.0,45.0
warranties,-2.496111182326333,29.0,110.0
thickness,-2.497211631908346,59.0,176.0
rotation,-2.4976471068397403,51.0,159.0
quality,-2.500732188462229,397.0,807.0
associated with,-2.501468905038045,50.0,157.0
maintenance schedule,-2.5017418104262266,9.0,60.0
reduce lead,-2.502877066937635,1.0,35.0
equifax,-2.502877066937635,1.0,35.0
clinical support,-2.502877066937635,1.0,35.0
medical association,-2.502877066937635,1.0,35.0
prolonged sitting,-2.505183712852032,3.0,42.0
concluded that,-2.505183712852032,3.0,42.0
patterns,-2.5056743570184343,56.0,170.0
i'm,-2.5058690131966617,28.0,108.0
why,-2.5115900304866545,20.0,89.0
suspension,-2.5185970768511896,14.0,74.0
blanket,-2.5186947513838844,46.0,149.0
lists the,-2.5201899324009416,2.0,39.0
in jama,-2.5201899324009416,2.0,39.0
employment,-2.526965086752729,26.0,104.0
controlled trial,-2.5272745272893777,6.0,52.0
tanks,-2.5272745272893777,6.0,52.0
air filter,-2.528456565458653,7.0,55.0
best source,-2.528456565458653,7.0,55.0
continuous,-2.5288260120226647,12.0,69.0
outlets,-2.528988905204918,5.0,49.0
self reported,-2.528988905204918,5.0,49.0
noted,-2.528988905204918,5.0,49.0
apple,-2.530681149326966,65.0,190.0
blog is,-2.534260500740557,4.0,46.0
1 1,-2.534260500740557,4.0,46.0
more yes,-2.5351114279736464,0.0,32.0
analyses that's,-2.5351114279736464,0.0,32.0
consumer financial,-2.5351114279736464,0.0,32.0
harold,-2.5351114279736464,0.0,32.0
science journals,-2.5351114279736464,0.0,32.0
describes,-2.5351114279736464,0.0,32.0
al found,-2.5351114279736464,0.0,32.0
isp,-2.5355886671090135,31.0,116.0
duration,-2.5374894364523755,62.0,184.0
dental association,-2.5375577860740584,9.0,61.0
experiments,-2.5375577860740584,9.0,61.0
request,-2.5397969609146647,47.0,152.0
11,-2.5400661692781226,13.0,72.0
scores,-2.5400661692781226,13.0,72.0
us department,-2.5425136828953443,1.0,36.0
guidance they,-2.5425136828953443,1.0,36.0
from sites,-2.5425136828953443,1.0,36.0
yes look,-2.5425136828953443,1.0,36.0
society and,-2.5425136828953443,1.0,36.0
your national,-2.5425136828953443,1.0,36.0
american veterinary,-2.5425136828953443,1.0,36.0
individual,-2.5426413824799052,152.0,363.0
agencies like,-2.543950243122326,3.0,43.0
systems the,-2.543950243122326,3.0,43.0
services and,-2.543950243122326,3.0,43.0
finance,-2.543950243122326,3.0,43.0
state or,-2.5447445288713206,10.0,64.0
generally recommend,-2.5447445288713206,10.0,64.0
precise,-2.5512202580412016,36.0,128.0
require,-2.5513905648086714,323.0,679.0
total,-2.5514569127926676,185.0,426.0
inspection,-2.552026544054575,133.0,327.0
liability,-2.558545449384454,19.0,88.0
attorney,-2.558545449384454,19.0,88.0
depth,-2.558714048247476,35.0,126.0
and academic,-2.5591994103300393,2.0,40.0
contact patch,-2.5591994103300393,2.0,40.0
comparing,-2.5596927328574086,21.0,93.0
most,-2.5640070532489885,1327.0,2403.0
reference,-2.5641145680644333,31.0,117.0
sticking,-2.5642458317298136,6.0,53.0
tread,-2.5649211695858694,15.0,78.0
they typically,-2.5649241543597117,7.0,56.0
correct it,-2.5664373490475554,5.0,50.0
known,-2.5671156349499133,97.0,257.0
statute,-2.5679713835776847,8.0,59.0
the optimal,-2.5721383507146767,4.0,47.0
90,-2.572868067012586,67.0,196.0
categories,-2.5729900247089716,9.0,62.0
lifetime,-2.5729900247089716,9.0,62.0
deductions,-2.573439810820578,30.0,115.0
the european,-2.5744188940552832,0.0,33.0
cartalk,-2.5744188940552832,0.0,33.0
combining is,-2.5744188940552832,0.0,33.0
us state,-2.5744188940552832,0.0,33.0
yes unless,-2.5744188940552832,0.0,33.0
netgear,-2.5744188940552832,0.0,33.0
2007,-2.5744188940552832,0.0,33.0
and cartalk,-2.5744188940552832,0.0,33.0
recommend proven,-2.5744188940552832,0.0,33.0
example a,-2.5744188940552832,0.0,33.0
or specialized,-2.5744188940552832,0.0,33.0
closed,-2.575107583027211,27.0,108.0
limits,-2.5787361080101174,140.0,342.0
services have,-2.58155071414704,1.0,37.0
tires for,-2.58155071414704,1.0,37.0
never rely,-2.58155071414704,1.0,37.0
upselling,-2.5821777511686475,3.0,44.0
tenant fees,-2.5821777511686475,3.0,44.0
fees act,-2.5821777511686475,3.0,44.0
linkedin,-2.5821777511686475,3.0,44.0
review on,-2.5821777511686475,3.0,44.0
about 1,-2.585382325781275,14.0,76.0
engineering,-2.585382325781275,14.0,76.0
inflation,-2.586093272778085,48.0,156.0
program,-2.5913289881734554,38.0,134.0
advice,-2.5932739185948623,368.0,763.0
rotor thickness,-2.59764771647934,2.0,41.0
state's landlord,-2.6034176568815806,5.0,51.0
usda and,-2.6034176568815806,5.0,51.0
interviews,-2.6055108166759604,20.0,92.0
9,-2.606935403833574,22.0,97.0
sets,-2.607222208110398,13.0,74.0
term,-2.608931493428716,320.0,678.0
a wifi,-2.6095223993059857,4.0,48.0
principles,-2.6095223993059857,4.0,48.0
digital,-2.61146575721477,32.0,121.0
relevant articles,-2.6131352176010836,0.0,34.0
manual lists,-2.6131352176010836,0.0,34.0
and building,-2.6131352176010836,0.0,34.0
receptacles in,-2.6131352176010836,0.0,34.0
j,-2.6131352176010836,0.0,34.0
in plos,-2.6131352176010836,0.0,34.0
you'll find,-2.6131352176010836,0.0,34.0
university of,-2.6131352176010836,0.0,34.0
the eff,-2.6131352176010836,0.0,34.0
always,-2.613775190472915,589.0,1154.0
volume,-2.6142575077467867,53.0,168.0
speed,-2.6158169491173484,209.0,475.0
extension service,-2.6198871475496324,3.0,45.0
a 2017,-2.6198871475496324,3.0,45.0
kg,-2.6198871475496324,3.0,45.0
plos one,-2.620014284853222,1.0,38.0
page i,-2.620014284853222,1.0,38.0
institutes,-2.620014284853222,1.0,38.0
researchers like,-2.620014284853222,1.0,38.0
bathtub,-2.620014284853222,1.0,38.0
approach also,-2.620014284853222,1.0,38.0
and how,-2.6206726666348485,31.0,119.0
your weight,-2.6217995605373106,11.0,69.0
alerts,-2.6240833906583325,17.0,85.0
file a,-2.6240833906583325,17.0,85.0
specialized,-2.6355577411229563,2.0,42.0
recommend 20,-2.6355577411229563,2.0,42.0
research in,-2.6355577411229563,2.0,42.0
roughly,-2.6363565349786504,20.0,93.0
are studies,-2.6366180761404303,7.0,58.0
heuristic,-2.636874885414963,6.0,55.0
vary by,-2.63735422724017,126.0,318.0
some,-2.639047023343057,2643.0,4593.0
wider,-2.639945770411788,5.0,52.0
the relevant,-2.639945770411788,5.0,52.0
sports nutrition,-2.639945770411788,5.0,52.0
more of,-2.6403464071267377,13.0,75.0
show you,-2.6403464071267377,13.0,75.0
square,-2.6403464071267377,13.0,75.0
warranty,-2.640692781961137,147.0,359.0
sealing,-2.644279851412022,42.0,145.0
energy efficiency,-2.6464303943694087,4.0,49.0
replacement,-2.6491497418067365,356.0,746.0
inch,-2.6492894127412363,34.0,127.0
smart don't,-2.6512862958265973,0.0,35.0
no replacement,-2.6512862958265973,0.0,35.0
2014 study,-2.6512862958265973,0.0,35.0
strength and,-2.6523217656310427,19.0,91.0
factor,-2.6558610588119786,145.0,356.0
apple's,-2.6570980637268256,3.0,46.0
in sleep,-2.6570980637268256,3.0,46.0
within 3,-2.6570980637268256,3.0,46.0
maintain the,-2.6570980637268256,3.0,46.0
2022,-2.657928691480685,1.0,39.0
plos,-2.657928691480685,1.0,39.0
care guides,-2.657928691480685,1.0,39.0
building science,-2.657928691480685,1.0,39.0
voltage,-2.6585157407054543,30.0,118.0
from the,-2.665393600971066,259.0,571.0
formal,-2.6714380261365576,38.0,137.0
p,-2.671869414244001,7.0,59.0
yes use,-2.6725604932369484,6.0,56.0
they list,-2.6729508894334817,2.0,43.0
often find,-2.6729508894334817,2.0,43.0
mayo clinic,-2.6729508894334817,2.0,43.0
reviews in,-2.6729508894334817,2.0,43.0
only needed,-2.6731774269847803,13.0,76.0
homes,-2.675028753592212,63.0,192.0
standard advice,-2.6760367846633883,5.0,53.0
tell me,-2.6760367846633883,5.0,53.0
ft,-2.6760367846633883,5.0,53.0
incentives,-2.6770900939625517,9.0,65.0
certain,-2.679811299119036,218.0,496.0
difference in,-2.6823313894695717,10.0,68.0
heater,-2.6833879549523907,14.0,79.0
e,-2.686124546167441,25.0,107.0
uses,-2.6871377465054365,102.0,273.0
example the,-2.688896188584061,0.0,36.0
institute and,-2.688896188584061,0.0,36.0
website explains,-2.688896188584061,0.0,36.0
have guidance,-2.688896188584061,0.0,36.0
smallnetbuilder,-2.688896188584061,0.0,36.0
their websites,-2.688896188584061,0.0,36.0
replacement needed,-2.688896188584061,0.0,36.0
effect size,-2.6889804209992167,11.0,71.0
requirements,-2.689784898682831,95.0,259.0
resistance,-2.6917265373803754,47.0,158.0
review by,-2.693828956748586,3.0,47.0
the anode,-2.693828956748586,3.0,47.0
ftc,-2.694360509852781,15.0,82.0
experian,-2.6953165757515967,1.0,40.0
doorbells,-2.6953165757515967,1.0,40.0
e g,-2.6953165757515967,1.0,40.0
standards require,-2.6953165757515967,1.0,40.0
party,-2.6993593432094194,84.0,237.0
country's,-2.7057219820824345,13.0,77.0
30,-2.7058481546573665,393.0,817.0
anode,-2.7078442481882647,6.0,57.0
sediment,-2.7078442481882647,6.0,57.0
firms,-2.709847211036076,2.0,44.0
at the,-2.7100814154509267,124.0,318.0
residential,-2.711090925091424,9.0,66.0
specifically,-2.711256595171207,59.0,185.0
printout,-2.711705007826226,5.0,54.0
found a,-2.71195282906262,21.0,98.0
ratings,-2.7125491548716254,23.0,103.0
no clinical,-2.71589179469842,10.0,69.0
this search,-2.725987295843443,0.0,37.0
laminated,-2.725987295843443,0.0,37.0
have pages,-2.725987295843443,0.0,37.0
guides explain,-2.725987295843443,0.0,37.0
port forwarding,-2.725987295843443,0.0,37.0
explanation,-2.726788224114065,22.0,101.0
valve,-2.7281528919614715,24.0,106.0
of medicine,-2.7300972033384423,3.0,48.0
trials on,-2.7300972033384423,3.0,48.0
has guidance,-2.7321990772195,1.0,41.0
gastroenterology,-2.7321990772195,1.0,41.0
aaa and,-2.7321990772195,1.0,41.0
included,-2.737280466776996,16.0,86.0
studies by,-2.742738428295054,6.0,58.0
how to,-2.742738428295054,6.0,58.0
and some,-2.7452947225414324,105.0,282.0
doe,-2.7462655155454785,2.0,45.0
right move,-2.7462655155454785,2.0,45.0
mayo,-2.7462655155454785,2.0,45.0
adults,-2.746302310857321,102.0,276.0
your utility,-2.7469640158808803,5.0,55.0
point to,-2.7473510387134423,14.0,81.0
foreign,-2.7473510387134423,14.0,81.0
suggests,-2.7491280447932827,79.0,229.0
california,-2.7544609773501536,4.0,52.0
review sites,-2.7544609773501536,4.0,52.0
county,-2.7544609773501536,4.0,52.0
r,-2.757543205093801,34.0,131.0
reporting,-2.7575447656136456,20.0,97.0
world,-2.760835987607541,85.0,242.0
fluid moisture,-2.762580513721217,0.0,38.0
section on,-2.762580513721217,0.0,38.0
have found,-2.7657101894778338,57.0,183.0
administration,-2.76591918465459,3.0,49.0
towing,-2.76591918465459,3.0,49.0
publication 587,-2.76591918465459,3.0,49.0
587,-2.76591918465459,3.0,49.0
and nhs,-2.76591918465459,3.0,49.0
compared to,-2.7735781200099923,61.0,192.0
and that,-2.7789381764382712,14.0,82.0
have shown,-2.7789381764382712,14.0,82.0
rider,-2.7818267025440155,5.0,56.0
uniform,-2.7822234758793245,2.0,46.0
lease,-2.7849816438054003,58.0,186.0
the myth,-2.7855124008814123,22.0,103.0
safety and,-2.78744906516577,11.0,74.0
irs,-2.79322098216767,51.0,171.0
as,-2.794910849576166,1345.0,2466.0
bureaus explain,-2.7986953721438987,0.0,39.0
manufacturers provide,-2.7986953721438987,0.0,39.0
analyzer,-2.7986953721438987,0.0,39.0
pages explain,-2.7986953721438987,0.0,39.0
in closed,-2.7986953721438987,0.0,39.0
can't point,-2.7986953721438987,0.0,39.0
reverse osmosis,-2.7991321714389183,16.0,88.0
regulations,-2.7991321714389183,16.0,88.0
comparison,-2.799889321887885,23.0,106.0
correct the,-2.799889321887885,23.0,106.0
winter,-2.800230001843729,60.0,191.0
reviews from,-2.801310362813067,3.0,50.0
are limited,-2.801310362813067,3.0,50.0
nitrate,-2.801310362813067,3.0,50.0
anode rod,-2.801310362813067,3.0,50.0
degradation,-2.801687463977449,35.0,135.0
hours for,-2.801700539932309,13.0,80.0
during,-2.8020012433793564,168.0,409.0
british journal,-2.804525774266847,1.0,43.0
food safety,-2.8094627443141356,44.0,156.0
50,-2.8105720781882852,224.0,516.0
pfas,-2.8114042907033907,6.0,60.0
shower,-2.814699399876091,10.0,72.0
highway,-2.814699399876091,10.0,72.0
router's,-2.8163053250058097,5.0,57.0
explanations,-2.8163053250058097,5.0,57.0
fcc,-2.817737720878988,2.0,47.0
support page,-2.817737720878988,2.0,47.0
moderate,-2.8202690050185324,112.0,300.0
tank,-2.8225410234959103,50.0,170.0
40,-2.828396216225067,97.0,270.0
2 4,-2.829705569360243,16.0,89.0
the fda's,-2.834350156720745,0.0,40.0
standard knowledge,-2.834350156720745,0.0,40.0
nhs and,-2.834350156720745,0.0,40.0
approach a,-2.834350156720745,0.0,40.0
the gov,-2.834350156720745,0.0,40.0
studies have,-2.835990948647233,78.0,231.0
yes check,-2.836285350121307,3.0,51.0
showing that,-2.836285350121307,3.0,51.0
interventions,-2.836285350121307,3.0,51.0
fair,-2.8406519602698834,31.0,127.0
tires are,-2.843838553733901,9.0,70.0
the primary,-2.845197751886073,6.0,61.0
packaging,-2.8462398679873657,20.0,100.0
references,-2.8504115458785355,5.0,58.0
filters can,-2.8516441173937,11.0,76.0
12,-2.8524686927067586,93.0,263.0
notes that,-2.8528239185482516,2.0,48.0
examined,-2.8528239185482516,2.0,48.0
it was,-2.853825907179732,38.0,144.0
study is,-2.85747400941001,12.0,79.0
cost effective,-2.864366920365826,13.0,82.0
associated,-2.8687299373329647,60.0,194.0
wide services,-2.869562016984913,0.0,41.0
calculators,-2.869562016984913,0.0,41.0
feet of,-2.869562016984913,0.0,41.0
of clinical,-2.869562016984913,0.0,41.0
the nec,-2.869562016984913,0.0,41.0
researchers have,-2.870857971843158,3.0,52.0
and other,-2.8737351761076897,80.0,237.0
has articles,-2.8750526248424344,1.0,45.0
also call,-2.8750526248424344,1.0,45.0
proficiency,-2.8757398069920557,7.0,65.0
winter tires,-2.8762525771524214,9.0,71.0
find that,-2.8786452616318865,6.0,62.0
test for,-2.8786452616318865,6.0,62.0
file,-2.8794703717142096,63.0,201.0
consumer protection,-2.880822026079635,15.0,88.0
yes you,-2.883326563180491,11.0,77.0
european,-2.8841564717269037,5.0,59.0
explains that,-2.8874968510365497,2.0,49.0
organization,-2.8878843293142995,21.0,104.0
cochrane reviews,-2.8927552025118963,4.0,56.0
air sealing,-2.8953212475262786,13.0,83.0
light,-2.9024829005687867,460.0,954.0
width,-2.902784676519837,14.0,86.0
nist,-2.904347062821384,0.0,42.0
cornell,-2.904347062821384,0.0,42.0
based choice,-2.904347062821384,0.0,42.0
guides recommend,-2.9050413232111505,3.0,53.0
updates,-2.906155516537603,48.0,169.0
120 f,-2.907514319855288,8.0,69.0
for lead,-2.908372746369618,9.0,72.0
not code,-2.9096813892844473,1.0,46.0
define,-2.9117565182388883,6.0,63.0
prudent,-2.914740679734898,11.0,78.0
self,-2.915208898224003,110.0,301.0
optimal,-2.9157866916185804,34.0,137.0
osmosis,-2.9200702467884123,16.0,92.0
on their,-2.9207141031710306,31.0,130.0
length,-2.921666979550756,39.0,149.0
yes ask,-2.9217704823375397,2.0,50.0
a 2016,-2.9217704823375397,2.0,50.0
studies like,-2.9217704823375397,2.0,50.0
allows,-2.9258177506077696,33.0,135.0
g,-2.926387846767562,4.0,57.0
band,-2.9271383915053715,26.0,118.0
french,-2.9271383915053715,26.0,118.0
networks,-2.929026453300415,22.0,108.0
no universal,-2.9305016359544775,41.0,154.0
and look,-2.933160276440947,20.0,103.0
tyre,-2.938954889352527,37.0,145.0
wireless,-2.9410868199126625,15.0,90.0
includes,-2.9415851156421917,50.0,175.0
design,-2.941699990794235,34.0,138.0
chemistry,-2.941813345153062,23.0,111.0
explicitly,-2.9423480164060813,10.0,76.0
weather,-2.942563129734232,100.0,282.0
office or,-2.943906670285752,1.0,47.0
have compared,-2.943906670285752,1.0,47.0
methodology,-2.945892484415501,11.0,79.0
throughput,-2.945892484415501,11.0,79.0
written,-2.9468288574668886,132.0,347.0
ethernet,-2.9506042942232806,5.0,61.0
that's prudent,-2.9556580195429283,2.0,51.0
labs,-2.9556580195429283,2.0,51.0
manufacturer's website,-2.9556580195429283,2.0,51.0
often cited,-2.956498564901385,13.0,85.0
is the,-2.96260430734931,329.0,722.0
calculation,-2.963277687500521,14.0,88.0
minimum,-2.967107802403486,76.0,233.0
reduction in,-2.9708857654433003,15.0,91.0
threshold,-2.971260910901742,49.0,174.0
water heater,-2.971552993929696,8.0,71.0
jama,-2.9722892523785753,3.0,55.0
expert advice,-2.972696460462472,0.0,44.0
dsire,-2.972696460462472,0.0,44.0
fico and,-2.972696460462472,0.0,44.0
fda's,-2.972696460462472,0.0,44.0
contractor's,-2.972696460462472,0.0,44.0
blog,-2.9792263824311096,16.0,94.0
controlled trials,-2.9793300363022635,19.0,102.0
within,-2.9803743494043933,167.0,418.0
must be,-2.9881072263025716,40.0,154.0
prohibits,-2.9891719683797873,2.0,52.0
wheel,-2.989473648825495,37.0,147.0
costs,-2.991436881325529,262.0,600.0
type,-2.9923273425733967,218.0,517.0
5ghz,-3.00537681500955,3.0,56.0
a smart,-3.00537681500955,3.0,56.0
michelin,-3.006288565453692,0.0,45.0
summarize the,-3.006288565453692,0.0,45.0
filters with,-3.006288565453692,0.0,45.0
statements,-3.0086471709767317,26.0,121.0
university and,-3.0112007627405024,1.0,49.0
is based,-3.017104567861926,53.0,185.0
dermatologists,-3.017167490352282,17.0,98.0
whether the,-3.0178691703496723,67.0,216.0
internet,-3.0181915283537126,57.0,194.0
cameras,-3.018682407652166,34.0,141.0
agencies,-3.0194009422344625,100.0,286.0
those from,-3.0223241836654204,2.0,53.0
and samsung,-3.0223241836654204,2.0,53.0
city or,-3.0223241836654204,2.0,53.0
discussed,-3.025205411671055,4.0,60.0
use and,-3.026426712224587,18.0,101.0
exactly,-3.034254455302038,139.0,366.0
vpns,-3.036677779220665,7.0,70.0
mortality,-3.036677779220665,7.0,70.0
more recent,-3.038121159669005,3.0,57.0
yes many,-3.038121159669005,3.0,57.0
england,-3.038121159669005,3.0,57.0
negotiation,-3.039527334264744,37.0,149.0
measure,-3.0398679191647906,88.0,262.0
correct it's,-3.041018589902663,6.0,67.0
as those,-3.041018589902663,6.0,67.0
the federal,-3.041018589902663,6.0,67.0
detection,-3.041634063418767,12.0,85.0
guides on,-3.0442947415779456,1.0,50.0
their website,-3.0442947415779456,1.0,50.0
databases,-3.047815721916468,5.0,64.0
the world,-3.05233480613094,14.0,91.0
society of,-3.0551259152323427,2.0,54.0
tire manufacturers,-3.0551259152323427,2.0,54.0
fi 6,-3.0551259152323427,2.0,54.0
security researchers,-3.0574843191476546,4.0,61.0
varies by,-3.057544556964897,89.0,265.0
claim that,-3.0608085982838595,67.0,218.0
to the,-3.06308520993317,280.0,639.0
education,-3.065705716746566,10.0,80.0
while,-3.06570710683707,239.0,562.0
metres,-3.0679879002988883,7.0,71.0
available,-3.070009550847907,60.0,203.0
association between,-3.070532424907916,3.0,58.0
they explain,-3.072371286967111,0.0,47.0
dandruff searching,-3.072371286967111,0.0,47.0
the epa's,-3.072371286967111,0.0,47.0
distance,-3.0796542119956816,54.0,190.0
welcome it's,-3.0875878498072242,2.0,55.0
good if,-3.0875878498072242,2.0,55.0
2012,-3.0894485440624018,4.0,62.0
riders,-3.0894485440624018,4.0,62.0
likely comes,-3.0953044160101317,9.0,78.0
warn against,-3.0979133712995286,11.0,84.0
explaining,-3.10262027059434,3.0,59.0
than enough,-3.10262027059434,3.0,59.0
sleep medicine,-3.10262027059434,3.0,59.0
networking,-3.1028579708323494,17.0,101.0
they usually,-3.103855201414231,6.0,69.0
depends on,-3.1048817023407635,733.0,1457.0
their explanation,-3.1048853470703284,0.0,48.0
osmosis or,-3.1048853470703284,0.0,48.0
packaging standards,-3.1048853470703284,0.0,48.0
a single,-3.105133200775141,158.0,408.0
80,-3.1086643706507764,122.0,336.0
insulation,-3.10885699185533,71.0,229.0
english,-3.1106347890628525,14.0,93.0
participants,-3.111086037195062,5.0,66.0
student,-3.1112413301917177,18.0,104.0
installation,-3.1121254297879197,21.0,112.0
ghz,-3.1167117118341303,15.0,96.0
manual or,-3.1211067411995463,4.0,63.0
hours,-3.1266386036383538,343.0,761.0
users,-3.127605106766884,27.0,128.0
will list,-3.1297878496370424,7.0,73.0
randomised,-3.1305312715961033,12.0,88.0
noise,-3.131501235237697,91.0,273.0
point,-3.133946151739334,182.0,457.0
us the,-3.134393908457452,3.0,60.0
american college,-3.134393908457452,3.0,60.0
arsenic,-3.1348514053139707,6.0,70.0
were,-3.1357533798191786,60.0,206.0
aad dandruff,-3.1370624867072014,0.0,49.0
such,-3.1374014708484332,157.0,408.0
times,-3.141422675810854,107.0,307.0
a 2021,-3.141501847692933,1.0,53.0
many states,-3.1422842291662985,5.0,67.0
cdc and,-3.1422842291662985,5.0,67.0
that's realistic,-3.151532485650368,2.0,57.0
inspection report,-3.151532485650368,2.0,57.0
cfpb,-3.151532485650368,2.0,57.0
yes for,-3.155558569110989,9.0,80.0
language,-3.155712774743024,98.0,289.0
capacity,-3.1570426444473902,49.0,182.0
google,-3.15707438428481,11.0,86.0
survey,-3.158427351983172,40.0,161.0
blower,-3.1655755025319072,6.0,71.0
bring it,-3.1658621302018557,3.0,61.0
calculator,-3.1681151274555477,14.0,95.0
for expert,-3.1689129691648494,0.0,50.0
analysis by,-3.1689129691648494,0.0,50.0
documentation,-3.1727935363121182,36.0,152.0
reduced,-3.1792218762282682,60.0,208.0
depends,-3.180310986489607,751.0,1497.0
those by,-3.183034073237717,2.0,58.0
epa and,-3.183034073237717,2.0,58.0
consistently,-3.186842021280962,45.0,174.0
above,-3.1895004042022106,91.0,276.0
explain the,-3.193660052535559,26.0,128.0
and consumer,-3.196034123907814,6.0,72.0
router manufacturers,-3.200446547024259,0.0,51.0
or shower,-3.200446547024259,0.0,51.0
reliable advice,-3.200446547024259,0.0,51.0
eff,-3.200446547024259,0.0,51.0
2011,-3.2046807718664456,1.0,55.0
tech sites,-3.2046807718664456,1.0,55.0
in sports,-3.2046807718664456,1.0,55.0
or more,-3.2086489105122094,72.0,236.0
no significant,-3.2112019249239467,37.0,156.0
country,-3.212667986686578,71.0,234.0
guides and,-3.214233698015597,2.0,59.0
2 4ghz,-3.21432616730748,4.0,66.0
4ghz,-3.21432616730748,4.0,66.0
server,-3.2145186624805895,17.0,105.0
criteria,-3.2145186624805895,17.0,105.0
food,-3.214537343452248,489.0,1035.0
your city,-3.2168243614786607,8.0,79.0
market,-3.219429503856823,195.0,488.0
realistic for,-3.223613840859439,24.0,124.0
website for,-3.223613840859439,24.0,124.0
tested,-3.225794410651315,112.0,322.0
lead reduction,-3.2262336453086857,6.0,73.0
rather,-3.2268808450975146,183.0,465.0
the fda,-3.2305132440591957,77.0,248.0
on dandruff,-3.231672497045645,0.0,52.0
a url,-3.231672497045645,0.0,52.0
complaint with,-3.231672497045645,0.0,52.0
data from,-3.23421900898839,5.0,70.0
a 2018,-3.23581084145104,1.0,56.0
nhtsa,-3.23581084145104,1.0,56.0
rather than,-3.2416675208153687,182.0,464.0
irs publication,-3.244839554610954,4.0,67.0
it's based,-3.244839554610954,4.0,67.0
looked,-3.2451397447569876,2.0,60.0
it comes,-3.2502844954882963,7.0,77.0
law,-3.2534005901581793,173.0,447.0
utilization,-3.256462803609368,27.0,133.0
wired,-3.256462803609368,27.0,133.0
each,-3.262213053660603,101.0,301.0
epa's,-3.2625996520484923,0.0,53.0
and later,-3.266646211142098,1.0,57.0
door test,-3.266646211142098,1.0,57.0
lab,-3.266713871853903,84.0,265.0
a complaint,-3.275084931972593,4.0,68.0
a study,-3.2858796949096067,6.0,75.0
search the,-3.2888433860047845,3.0,65.0
dermatology has,-3.293236430096883,0.0,54.0
gfci protection,-3.293236430096883,0.0,54.0
searching aad,-3.293236430096883,0.0,54.0
detailed,-3.30098212819109,10.0,88.0
clinical,-3.304340915094327,210.0,523.0
research by,-3.306102784847424,2.0,62.0
randomized controlled,-3.318903409103384,3.0,66.0
council,-3.325864624182506,21.0,120.0
discusses,-3.3274651700558784,1.0,59.0
looked at,-3.3274651700558784,1.0,59.0
2017,-3.3347981398067352,4.0,70.0
agency,-3.3374198245577706,41.0,171.0
credit bureaus,-3.338123983458064,7.0,80.0
summaries,-3.3487032670477572,3.0,67.0
improved,-3.3519053892097395,21.0,121.0
history,-3.352009854913395,102.0,308.0
has published,-3.353670612211989,0.0,56.0
energy star,-3.357464018795217,1.0,60.0
pubmed for,-3.357464018795217,1.0,60.0
a 2020,-3.357464018795217,1.0,60.0
those,-3.3582943563510037,204.0,515.0
the best,-3.3619408833744964,161.0,430.0
3 feet,-3.3659831479687425,2.0,64.0
model,-3.3796692575516976,116.0,339.0
college,-3.385671621616379,10.0,91.0
manual will,-3.387198730587855,1.0,61.0
a 2014,-3.387198730587855,1.0,61.0
blower door,-3.387198730587855,1.0,61.0
medicine found,-3.387198730587855,1.0,61.0
for specific,-3.3872821271018347,25.0,133.0
foundation,-3.389554298742551,30.0,146.0
average,-3.3940245548915615,118.0,344.0
wifi 6,-3.395534675503962,2.0,65.0
filters,-3.3956558945087307,92.0,289.0
independent,-3.3979380534802255,275.0,655.0
college of,-3.4075481366184444,3.0,69.0
wide costs,-3.4130350569921553,0.0,58.0
road,-3.4133547355125553,12.0,98.0
commission,-3.4154662644636415,9.0,89.0
materials,-3.4165601793830045,63.0,226.0
interference,-3.4177390366248446,50.0,196.0
it up,-3.4225166926209396,4.0,73.0
levels,-3.424162723075647,164.0,440.0
battery university,-3.4248357783499945,2.0,66.0
samsung,-3.4248357783499945,2.0,66.0
the manufacturer's,-3.433608081406422,106.0,321.0
groups,-3.43905727457853,40.0,173.0
look up,-3.4411486066122214,10.0,93.0
capital improvements,-3.4423334619354335,0.0,59.0
ranges,-3.443300876253557,9.0,90.0
radon,-3.4442181971833663,14.0,105.0
provide guidance,-3.4459027576099013,1.0,63.0
versus,-3.446901949266912,8.0,87.0
cochrane review,-3.4512462051463606,16.0,111.0
site,-3.451611144395623,81.0,268.0
the u,-3.4521302780878513,7.0,84.0
and manufacturer,-3.453892633910582,2.0,67.0
emphasize,-3.453892633910582,2.0,67.0
and tire,-3.4654267811447172,3.0,71.0
the consumer,-3.4713846458800472,0.0,60.0
search pubmed,-3.4748848770743215,1.0,64.0
travel,-3.4750531565221623,51.0,201.0
rules,-3.4814407097187754,239.0,592.0
good approach,-3.487311238695099,6.0,82.0
after,-3.4942765410266707,493.0,1069.0
environmental,-3.4983923496393188,9.0,92.0
aad,-3.5001947645427127,0.0,61.0
comes,-3.5025583295263916,162.0,441.0
conditions,-3.5026306032781482,327.0,762.0
is by,-3.5036285001524994,1.0,65.0
name,-3.512631969855021,44.0,186.0
lower pressure,-3.5152227641070737,6.0,83.0
salary,-3.516664839399714,35.0,164.0
of pediatrics,-3.5215396564975205,11.0,99.0
textile,-3.528769722354006,0.0,62.0
can summarize,-3.528769722354006,0.0,62.0
bureaus,-3.5297660235359074,8.0,90.0
older,-3.535407996431308,126.0,369.0
list the,-3.5362545428451835,4.0,77.0
concluded,-3.5362545428451835,4.0,77.0
literature,-3.550530728228405,3.0,74.0
i'm not,-3.5570058444838306,8.0,91.0
a 2019,-3.5571151865890918,0.0,63.0
and automotive,-3.5571151865890918,0.0,63.0
often recommend,-3.574569977928186,13.0,107.0
general,-3.57563872947697,122.0,363.0
websites,-3.5785866353461504,44.0,189.0
the page,-3.590038731903519,7.0,89.0
2013,-3.590038731903519,7.0,89.0
annual,-3.59323305353728,75.0,262.0
books,-3.60317744400057,10.0,99.0
city,-3.607406746378063,37.0,173.0
traffic,-3.607816592615414,65.0,240.0
pages on,-3.6131391954860006,0.0,65.0
they note,-3.6131391954860006,0.0,65.0
good plan,-3.6138778097108175,18.0,123.0
set,-3.617255998074914,153.0,430.0
and any,-3.6206702414670993,34.0,166.0
network,-3.6224685470576117,73.0,259.0
data on,-3.623420987453968,2.0,73.0
animal,-3.6274898360975714,30.0,156.0
where,-3.6278431489523264,89.0,295.0
systems,-3.629603550380535,141.0,406.0
not aware,-3.6329164403815652,9.0,97.0
capital,-3.6336996176003895,3.0,77.0
citation,-3.6336996176003895,3.0,77.0
improvements,-3.6368612323447933,31.0,159.0
al in,-3.640828002528054,0.0,66.0
notes,-3.6415962621690743,36.0,172.0
warn,-3.6419707807959023,23.0,138.0
latency,-3.651822836194306,6.0,88.0
plumbing,-3.6523895952338497,12.0,107.0
published in,-3.659298449465816,9.0,98.0
star,-3.659298449465816,9.0,98.0
brake,-3.65982082266025,60.0,231.0
apple and,-3.661683898363163,5.0,85.0
several,-3.6619206978846672,85.0,288.0
had,-3.6619776880007215,49.0,205.0
website or,-3.667999542663938,19.0,128.0
page explains,-3.668307862710085,0.0,67.0
of the,-3.6687977256967446,258.0,643.0
that's smart,-3.6713896052207877,1.0,71.0
document,-3.67393137523113,39.0,181.0
2021,-3.67822012292017,2.0,75.0
compare,-3.6816316760728043,151.0,430.0
bureau,-3.6855134368143316,9.0,99.0
varies,-3.6937155791120704,230.0,590.0
textbooks,-3.6955834371371123,0.0,68.0
some studies,-3.700706207596084,136.0,400.0
primary,-3.702323169921731,21.0,135.0
sizes,-3.7037464612523223,12.0,109.0
2015,-3.727310135241912,4.0,84.0
mold,-3.734393773287237,126.0,381.0
relevant,-3.7409797234042004,69.0,256.0
gov uk,-3.7495395280045276,0.0,70.0
for reliable,-3.7524708054795815,1.0,74.0
generally,-3.7568576280110926,540.0,1181.0
analysis in,-3.7589415111174604,2.0,78.0
expansion,-3.7589415111174604,2.0,78.0
age,-3.769131311644063,156.0,446.0
others,-3.7707036047748184,117.0,364.0
can also,-3.7739282836728387,260.0,655.0
and similar,-3.7762285468538916,0.0,71.0
tires,-3.7786273555961083,66.0,251.0
in journals,-3.779112873210226,1.0,75.0
u s,-3.784579962177676,10.0,106.0
than,-3.784626804589064,1349.0,2617.0
cite a,-3.785471127150504,2.0,79.0
statistics,-3.7895362150266747,19.0,133.0
comparisons,-3.794096630014873,5.0,90.0
typical,-3.7955045007194417,147.0,429.0
veterinary,-3.8000849870839093,72.0,266.0
studies and,-3.8036111842327482,13.0,116.0
complaint,-3.809876130850313,10.0,107.0
when,-3.8281406753964493,432.0,988.0
guides from,-3.8290486770051233,0.0,73.0
comes from,-3.8374230168204777,140.0,417.0
cited,-3.840991907870893,31.0,168.0
and others,-3.8458507034836997,5.0,92.0
papers,-3.8458507034836997,5.0,92.0
online,-3.853970059291542,58.0,236.0
years,-3.8555166785669117,320.0,778.0
forums,-3.8582122622546424,4.0,89.0
2016,-3.863980659417277,2.0,82.0
you can't,-3.8789162733861744,48.0,213.0
summarize,-3.881150195246819,0.0,75.0
yes that's,-3.8832355116050703,24.0,151.0
the nhs,-3.8838608793793976,1.0,79.0
also ask,-3.883882294158508,4.0,90.0
out of,-3.889920512719809,49.0,216.0
vpn,-3.8909345035481793,95.0,323.0
marketing claims,-3.901064910410221,15.0,126.0
ask the,-3.9013817886629685,33.0,176.0
landlord tenant,-3.9017668082145183,13.0,120.0
safety,-3.9023088969645325,406.0,946.0
u,-3.9033965329862097,12.0,117.0
the cdc,-3.911338319677766,20.0,141.0
public,-3.916472058686955,107.0,351.0
food science,-3.9222632581932713,5.0,95.0
fda,-3.923690961027889,110.0,358.0
center,-3.934198060644634,10.0,112.0
universal,-3.9355173082663644,233.0,614.0
guide,-3.946859887212416,79.0,290.0
the certification,-3.950066180370022,13.0,122.0
have articles,-3.958017046557511,0.0,78.0
some solar,-3.958017046557511,0.0,78.0
reported,-3.9590050855316736,29.0,168.0
the british,-3.960610710802055,1.0,82.0
test,-3.97849785552665,531.0,1187.0
website has,-3.9858666980638198,1.0,83.0
maintenance,-4.007299734394545,105.0,352.0
under,-4.007522963591385,271.0,695.0
up relevant,-4.008443007456215,0.0,80.0
gain,-4.012307673006702,91.0,321.0
the exact,-4.012449791557374,179.0,510.0
office,-4.016425743112677,94.0,328.0
like those,-4.02444840983591,3.0,92.0
efficiency,-4.034478062330023,27.0,166.0
systematic review,-4.035906094364886,1.0,85.0
journals like,-4.035906094364886,1.0,85.0
business,-4.040745706262391,105.0,354.0
year,-4.050515767560428,184.0,523.0
studies in,-4.0591772411876414,4.0,97.0
publication,-4.060099869132492,6.0,104.0
search your,-4.066016376061905,2.0,90.0
exact,-4.070141214855999,272.0,702.0
on the,-4.070536468951253,637.0,1392.0
and whether,-4.078886222967066,72.0,281.0
window,-4.082489897962803,158.0,471.0
key findings,-4.082914700409077,0.0,83.0
that's sensible,-4.082914700409077,0.0,83.0
both,-4.084090403003733,157.0,469.0
sensible,-4.08552638073133,24.0,160.0
psychology,-4.090283220901459,14.0,131.0
recent,-4.09798602494138,59.0,251.0
trial,-4.112048640365999,62.0,259.0
bodies,-4.112282232832638,17.0,141.0
of sports,-4.114991492238874,2.0,92.0
key is,-4.116523897393429,36.0,194.0
that's reasonable,-4.11796524170864,12.0,126.0
meta analyses,-4.13209725973003,4.0,100.0
53 certification,-4.139263846577952,2.0,93.0
organisations like,-4.139263846577952,2.0,93.0
tire pressure,-4.144905620898266,11.0,124.0
2018,-4.146691476892367,3.0,97.0
how,-4.150245671650402,183.0,528.0
up to,-4.151494854474421,45.0,219.0
estimates,-4.153660676399254,43.0,214.0
url,-4.155331726792022,9.0,118.0
unit,-4.155979540543245,80.0,304.0
higher,-4.158496694552878,233.0,631.0
wi,-4.15920352518258,52.0,237.0
wi fi,-4.15920352518258,52.0,237.0
fi,-4.15920352518258,52.0,237.0
they show,-4.163396025918315,2.0,94.0
manufacturer's,-4.164262300723782,127.0,410.0
they have,-4.165355265734304,37.0,199.0
mesh,-4.174559136438125,74.0,291.0
measured,-4.181294075747789,26.0,170.0
your local,-4.18203927899283,138.0,435.0
2020,-4.1824445334795355,1.0,91.0
load,-4.186078491894375,75.0,294.0
manufacturers like,-4.187390413864138,2.0,95.0
yes if,-4.1912383678623355,11.0,126.0
the right,-4.191699571969947,93.0,336.0
f,-4.194268379428377,71.0,285.0
practical,-4.197739384181829,52.0,239.0
your state,-4.2038725688132015,19.0,151.0
recommendations,-4.2038725688132015,19.0,151.0
films check,-4.204104458845454,0.0,88.0
they generally,-4.214664031490304,5.0,107.0
documented,-4.216256506978156,24.0,166.0
yes it's,-4.216501102299349,88.0,326.0
publications,-4.218368107664918,3.0,100.0
widely,-4.241773351034874,122.0,404.0
is realistic,-4.241995861249503,3.0,101.0
8,-4.252285725612235,98.0,351.0
2014,-4.2538264905205265,1.0,94.0
reduction claim,-4.2654949492547365,3.0,102.0
rejection,-4.268940517754168,17.0,148.0
advice that's,-4.273564660048213,6.0,113.0
sample,-4.284366737310036,42.0,218.0
single,-4.285137757157289,215.0,604.0
association and,-4.288867424846498,3.0,103.0
vehicle,-4.2932956582036015,56.0,254.0
below,-4.294713450881653,96.0,349.0
often,-4.2963857316709175,1886.0,3627.0
the department,-4.297566833506095,4.0,107.0
backhaul,-4.297566833506095,4.0,107.0
certification and,-4.297566833506095,4.0,107.0
you can,-4.298467725807031,1316.0,2636.0
fico,-4.298597653404775,0.0,92.0
they often,-4.313227677246335,19.0,156.0
associations,-4.31684082024163,14.0,141.0
url but,-4.32189825089877,0.0,93.0
explains the,-4.32189825089877,0.0,93.0
there are,-4.331202893629606,151.0,473.0
channel,-4.3329162447640535,10.0,129.0
reduction the,-4.3437162471268875,4.0,109.0
findings if,-4.345073938380894,0.0,94.0
percentage,-4.36382612968727,114.0,394.0
sports medicine,-4.369261007922492,8.0,124.0
label or,-4.376556085990334,5.0,114.0
british,-4.404628441798872,14.0,145.0
provide,-4.413336032761427,273.0,732.0
can't cite,-4.413871163535233,0.0,97.0
solar control,-4.413871163535233,0.0,97.0
control films,-4.413871163535233,0.0,97.0
film,-4.420769013276455,42.0,225.0
which,-4.432553975077308,531.0,1234.0
insurance,-4.434543963719347,112.0,394.0
nec,-4.436566580319628,0.0,98.0
reduction percentage,-4.438583760811452,1.0,102.0
utility,-4.441516839861542,19.0,162.0
or technical,-4.442854465725833,2.0,106.0
must,-4.448382564266445,105.0,379.0
window film,-4.458388999857109,8.0,128.0
53 yes,-4.459146524677479,0.0,99.0
percentage look,-4.459146524677479,0.0,99.0
smart,-4.459213552929687,58.0,268.0
psi is,-4.471518762069157,3.0,111.0
devices,-4.473993305997919,122.0,419.0
the solar,-4.481612741981547,0.0,100.0
coefficient the,-4.481612741981547,0.0,100.0
pubmed,-4.483586485387826,1.0,104.0
dandruff,-4.486596562220165,85.0,335.0
shows,-4.488257176524994,188.0,563.0
including solar,-4.5039669340764314,0.0,101.0
performance including,-4.5039669340764314,0.0,101.0
nfrc certifies,-4.5039669340764314,0.0,101.0
certifies window,-4.5039669340764314,0.0,101.0
coefficient ask,-4.5039669340764314,0.0,101.0
source,-4.515684391340447,165.0,516.0
states that,-4.52371834815324,4.0,117.0
range,-4.525496287780505,167.0,521.0
specific reduction,-4.526210760783391,0.0,102.0
sheet,-4.52828875946996,23.0,178.0
however,-4.541699591041863,74.0,312.0
sheet yes,-4.548345841338862,0.0,103.0
between,-4.562863178466177,239.0,675.0
your state's,-4.5657098676319485,34.0,211.0
plus,-4.572623394455111,25.0,186.0
certified,-4.573369398534922,72.0,309.0
the international,-4.5820324628663665,3.0,116.0
products and,-4.589439458529075,4.0,120.0
nfrc label,-4.592296046212661,0.0,105.0
the usda,-4.593662106180859,15.0,157.0
of energy,-4.598271394190091,5.0,124.0
right approach,-4.598271394190091,5.0,124.0
have tested,-4.6038211412827,3.0,117.0
who,-4.604131908096225,68.0,301.0
s,-4.610892153961261,24.0,185.0
pediatrics,-4.6215325278932236,13.0,152.0
of dermatology,-4.635829741714714,0.0,107.0
rejection is,-4.63766582341061,1.0,111.0
certifies,-4.63766582341061,1.0,111.0
films,-4.638498683678864,14.0,156.0
reviews on,-4.6414997070291095,2.0,115.0
randomized,-4.6470938732324,12.0,150.0
always look,-4.647095986573606,3.0,119.0
gfci,-4.647095986573606,3.0,119.0
data rather,-4.647095986573606,3.0,119.0
landlord,-4.650947537362327,48.0,253.0
studies show,-4.654657287941927,185.0,569.0
film performance,-4.6574440526588985,0.0,108.0
by,-4.662842473705213,2210.0,4252.0
have a,-4.667624339738753,303.0,814.0
have published,-4.668584894727498,3.0,120.0
cdc,-4.668783120704897,22.0,182.0
right,-4.670759128746943,191.0,583.0
testing,-4.671269109419882,143.0,479.0
automotive,-4.672563057617759,6.0,131.0
receptacles,-4.678958553647207,0.0,109.0
it's standard,-4.678958553647207,0.0,109.0
the nsf,-4.696973177062329,4.0,125.0
heat rejection,-4.700374615226862,0.0,110.0
lists products,-4.700374615226862,0.0,110.0
findings,-4.70049032951372,14.0,159.0
4,-4.707596372053332,150.0,497.0
tech,-4.708698670786273,20.0,178.0
reports and,-4.718191618839871,4.0,126.0
the epa,-4.74141664321655,14.0,161.0
certification database,-4.742916747927722,0.0,112.0
support pages,-4.7446663207369975,1.0,116.0
systematic reviews,-4.746458049854815,7.0,138.0
review in,-4.748291770490304,2.0,120.0
have the,-4.750387609902918,71.0,317.0
data sheet,-4.753581015235361,3.0,124.0
for certified,-4.765778713267209,1.0,117.0
i can't,-4.768809338044691,59.0,288.0
nsf certification,-4.769364992537016,2.0,121.0
peer reviewed,-4.775837386835068,28.0,205.0
and if,-4.782029870604093,14.0,163.0
peer,-4.784053978940461,31.0,214.0
recommend,-4.785799337994313,596.0,1395.0
than marketing,-4.786798168755142,1.0,118.0
expenses generally,-4.786798168755142,1.0,118.0
heat,-4.788319698423743,348.0,915.0
resources,-4.792757493570783,17.0,173.0
wise,-4.797624638085993,101.0,392.0
certified performance,-4.8060241792355045,0.0,115.0
approval,-4.8072064756958195,22.0,189.0
size,-4.808165271938974,188.0,587.0
state's,-4.817194912833849,35.0,227.0
recommends,-4.817699269184036,63.0,301.0
but searching,-4.826876711689554,0.0,116.0
router,-4.827352747593601,139.0,481.0
technical data,-4.832036482971891,2.0,124.0
2019,-4.843586675652619,4.0,132.0
shows that,-4.846914711513937,13.0,163.0
operating expenses,-4.847639580448435,0.0,117.0
for operating,-4.847639580448435,0.0,117.0
rates,-4.849936601648245,115.0,428.0
academic,-4.866739939581675,25.0,201.0
good also,-4.868313932732214,0.0,118.0
federal,-4.873180624953779,29.0,213.0
performance data,-4.890543026654641,1.0,123.0
about,-4.906445869915877,591.0,1399.0
compared,-4.908237460253492,72.0,329.0
operating costs,-4.909401556190058,0.0,120.0
on operating,-4.909401556190058,0.0,120.0
costs your,-4.909401556190058,0.0,120.0
aaa,-4.911029491478926,1.0,124.0
certification for,-4.9192190336537145,3.0,132.0
up,-4.921532146261618,452.0,1133.0
local,-4.942365961369401,491.0,1211.0
organizations like,-5.019997219551421,3.0,137.0
cite,-5.030140864480229,12.0,169.0
standard,-5.039718714745966,305.0,851.0
or the,-5.041619192177847,91.0,384.0
the rules,-5.073529419082598,25.0,212.0
database lists,-5.09170609752358,1.0,133.0
research,-5.1053861407918335,639.0,1513.0
areas,-5.1060037593238174,86.0,376.0
the uk,-5.110880238210971,15.0,183.0
reviews,-5.116493668557779,290.0,827.0
psi,-5.11666707335702,19.0,196.0
can find,-5.134488868110372,14.0,181.0
reviewed,-5.1386597586414675,47.0,278.0
ask for,-5.143662588380826,317.0,885.0
usda,-5.147014930590203,25.0,216.0
manufacturers and,-5.1669826865136965,7.0,159.0
can set,-5.171271936672771,11.0,173.0
is for,-5.17256932578628,19.0,199.0
their guidance,-5.189368966957885,1.0,138.0
sources,-5.20539980061044,85.0,380.0
describe,-5.222182378689821,30.0,235.0
yes a,-5.243849021922388,20.0,206.0
articles on,-5.2470955912392565,1.0,141.0
found no,-5.2646897279925335,101.0,423.0
act,-5.277969087219831,44.0,278.0
has,-5.310257924382516,1098.0,2394.0
yes it,-5.310689710362505,6.0,163.0
allow,-5.320372404517962,88.0,395.0
whether,-5.325309836260883,232.0,723.0
section,-5.3394334308324725,14.0,192.0
landlords can,-5.346203770361246,8.0,172.0
always verify,-5.3597228771193475,5.0,162.0
code,-5.377735485139837,97.0,421.0
specify,-5.381662176277162,13.0,191.0
yes the,-5.398163153394316,31.0,248.0
the unit,-5.399855280063924,13.0,192.0
rent based,-5.404515827800448,3.0,157.0
have,-5.408435105848553,2596.0,5067.0
tenant,-5.410200107385705,58.0,324.0
ordinances,-5.420863568743703,10.0,183.0
5,-5.430655711359885,339.0,957.0
gov,-5.438145718242375,16.0,204.0
researchers,-5.444476331192043,19.0,214.0
manuals,-5.448232823589444,14.0,198.0
pressure,-5.453488572484656,378.0,1039.0
authority,-5.453783060162802,54.0,316.0
publishes,-5.456129786352317,2.0,156.0
typically,-5.458066319196039,164.0,584.0
market rate,-5.458883442834639,6.0,171.0
passthroughs for,-5.47061682500423,0.0,149.0
allow passthroughs,-5.47061682500423,0.0,149.0
building wide,-5.47061682500423,0.0,149.0
ordinances allow,-5.47061682500423,0.0,149.0
rent is,-5.482975939252069,4.0,165.0
of building,-5.4889461801027295,0.0,150.0
can't opt,-5.4889461801027295,0.0,150.0
in market,-5.4902451681696975,1.0,154.0
on costs,-5.4902451681696975,1.0,154.0
rules some,-5.492791599443621,2.0,158.0
standards,-5.501725137280519,54.0,319.0
need approval,-5.50721456126011,0.0,151.0
buildings they,-5.50721456126011,0.0,151.0
areas you,-5.508505076975489,1.0,155.0
unit and,-5.52542257326016,0.0,152.0
set rent,-5.52542257326016,0.0,152.0
opt out,-5.52670474062607,1.0,156.0
and common,-5.529211255542129,2.0,160.0
passthroughs,-5.543570810955532,0.0,153.0
costs in,-5.543570810955532,0.0,153.0
in rent,-5.543570810955532,0.0,153.0
control ordinances,-5.543570810955532,0.0,153.0
controlled buildings,-5.543570810955532,0.0,153.0
buildings landlords,-5.543570810955532,0.0,153.0
increases based,-5.543570810955532,0.0,153.0
epa,-5.55524301701417,35.0,269.0
meta analysis,-5.5610923007036455,5.0,173.0
international,-5.561099227582636,13.0,201.0
rate buildings,-5.561659859494393,0.0,154.0
rent controlled,-5.562925691623079,1.0,158.0
increases,-5.569400379612831,103.0,449.0
credit,-5.57799183159661,208.0,692.0
common areas,-5.579690294540799,0.0,155.0
approval for,-5.579690294540799,0.0,155.0
authority will,-5.579690294540799,0.0,155.0
generally no,-5.583396988812629,2.0,163.0
study but,-5.586937001400844,3.0,167.0
cochrane,-5.591035022038149,23.0,235.0
no rent,-5.597662682488451,0.0,156.0
for increases,-5.597662682488451,0.0,156.0
opt,-5.598912644479533,1.0,160.0
0,-5.61395026793056,46.0,304.0
some rent,-5.6155775806683215,0.0,157.0
landlords,-5.619541646120295,33.0,267.0
find,-5.620791620198305,210.0,700.0
trials,-5.624442305484008,110.0,470.0
vs,-5.644232526297879,9.0,192.0
society,-5.644232526297879,9.0,192.0
specific study,-5.644956149215859,4.0,174.0
can't,-5.651946157807296,174.0,622.0
bring,-5.657642533761615,79.0,395.0
study by,-5.662671113431372,4.0,175.0
was,-5.670122489297603,259.0,811.0
home,-5.671502597392315,272.0,839.0
technical,-5.678901102598325,17.0,221.0
guidance on,-5.697937586015235,4.0,177.0
3,-5.699868173129607,340.0,985.0
they recommend,-5.711190028564841,3.0,174.0
nhs,-5.726644035355752,6.0,186.0
local rent,-5.742898247662471,2.0,172.0
building,-5.750172766419893,49.0,321.0
review,-5.757288261567685,199.0,687.0
housing authority,-5.7592796828643875,12.0,209.0
organisations,-5.766944922932796,32.0,273.0
consumer reports,-5.796000367955858,6.0,190.0
state that,-5.810491703132336,12.0,212.0
then,-5.821347558423316,105.0,472.0
tests,-5.829381454493109,124.0,519.0
analyses,-5.831458772622079,17.0,230.0
sports,-5.849213549724239,29.0,269.0
or housing,-5.849983496860344,3.0,182.0
institute,-5.860940141360426,8.0,201.0
dermatology,-5.867103251337755,3.0,183.0
university extension,-5.8810586807658805,2.0,180.0
wifi,-5.8921857148688455,91.0,442.0
board or,-5.894819917750028,0.0,173.0
expenses,-5.913365110363845,37.0,297.0
department of,-5.938501792161955,7.0,202.0
also check,-5.943700572617994,32.0,284.0
board,-5.9441482156838505,31.0,281.0
report,-5.958174146936894,188.0,679.0
organizations,-5.972217255585338,60.0,366.0
guidelines,-5.984875067807445,107.0,489.0
research on,-6.023827852584792,48.0,336.0
surveys,-6.042418896136898,28.0,278.0
note that,-6.052252517366127,19.0,250.0
performance,-6.105073707138045,224.0,773.0
and found,-6.116390737231367,19.0,254.0
rent board,-6.128734652624391,0.0,187.0
6,-6.152102507008401,141.0,585.0
the specific,-6.1558066473506114,170.0,654.0
rent control,-6.183429298519333,3.0,202.0
correct,-6.187672613413271,235.0,805.0
american academy,-6.192710025298473,24.0,275.0
will have,-6.2130725498837345,2.0,200.0
rate,-6.225451209153428,162.0,641.0
yes and,-6.228341905862969,6.0,216.0
wide,-6.244382310806053,6.0,217.0
such as,-6.262324818953065,27.0,289.0
page on,-6.277374296909583,2.0,204.0
look at,-6.288473128847118,83.0,450.0
security,-6.290164430633732,175.0,677.0
up their,-6.293347354627697,2.0,205.0
a specific,-6.330710779167123,131.0,575.0
similar,-6.343031271833236,74.0,430.0
they,-6.357884806296408,1860.0,3951.0
analysis,-6.369376064422542,22.0,280.0
systematic,-6.382205695400976,8.0,233.0
housing,-6.386771851084174,35.0,322.0
controlled,-6.396478069086784,137.0,595.0
extension services,-6.406575570571196,3.0,216.0
at,-6.412342300325253,1195.0,2739.0
services,-6.425212316217981,74.0,436.0
database,-6.4543669314074945,7.0,234.0
sites like,-6.468924624201764,3.0,220.0
heat gain,-6.4844186428840365,3.0,221.0
has a,-6.486282709384449,103.0,517.0
2,-6.48677991548448,262.0,893.0
manufacturer,-6.495500268310899,71.0,433.0
operating,-6.503096628167498,14.0,262.0
tire,-6.526865867296487,101.0,515.0
the national,-6.5274284767457535,9.0,246.0
ansi 53,-6.530681131082684,3.0,224.0
gain coefficient,-6.556344590586059,0.0,214.0
for example,-6.563132037664199,12.0,259.0
academy of,-6.572430810262958,24.0,300.0
including,-6.578275410576318,96.0,506.0
coefficient,-6.602148561085903,0.0,217.0
academy,-6.63136133809659,24.0,304.0
medicine,-6.63250103343846,46.0,372.0
for nsf,-6.637378515742443,3.0,231.0
the nfrc,-6.64763716353317,0.0,220.0
nfrc,-6.662731066948461,0.0,221.0
solar heat,-6.695317293641173,2.0,231.0
53,-6.697588548280916,3.0,235.0
that's wise,-6.702274796619109,21.0,299.0
showing,-6.730727817947647,39.0,358.0
service,-6.77793441565291,182.0,736.0
points,-6.778888438680338,54.0,406.0
example,-6.8048494901541,18.0,296.0
pages,-6.826945003470414,42.0,374.0
states,-6.836590629261975,33.0,347.0
journals,-6.870084955647464,9.0,269.0
articles,-6.890252605591117,10.0,274.0
a page,-6.900596721719879,1.0,241.0
studies on,-6.919083659997227,28.0,337.0
meta,-6.919145947512049,10.0,276.0
per,-6.962139192909813,164.0,709.0
note,-6.966174527870829,53.0,417.0
like the,-7.0179617230331806,51.0,415.0
or,-7.031479972656881,6255.0,11767.0
explains,-7.067930850089221,5.0,268.0
show that,-7.0751353101556465,27.0,345.0
nsf ansi,-7.076525206616587,3.0,261.0
uk,-7.08258279775992,25.0,339.0
points if,-7.093216624384073,4.0,266.0
control,-7.122585779337287,126.0,628.0
study in,-7.143771950936879,1.0,258.0
ask,-7.187390139070506,521.0,1525.0
ansi,-7.191554686208536,4.0,273.0
don't have,-7.201826744627331,49.0,423.0
also,-7.2051311928503905,923.0,2338.0
based,-7.206329884122388,712.0,1919.0
key points,-7.244761028573065,3.0,273.0
department,-7.248461624253482,19.0,331.0
approach,-7.5458778128092305,187.0,819.0
1,-7.55216242277666,204.0,861.0
explain that,-7.62504475038015,4.0,305.0
from,-7.668211083816383,1907.0,4285.0
reduction,-7.701528013873421,120.0,663.0
association,-7.7084951856731445,63.0,505.0
et,-7.729637012934035,4.0,313.0
et al,-7.729637012934035,4.0,313.0
al,-7.7426121392774885,4.0,314.0
the journal,-7.777804380990189,2.0,309.0
found that,-7.788321754306633,15.0,358.0
certification,-7.794044458369593,50.0,473.0
solar,-7.832165742909225,18.0,372.0
bring up,-7.840291132237566,0.0,306.0
university,-7.876442111664253,17.0,372.0
list,-7.902369231884985,78.0,565.0
lists,-7.904604100830644,23.0,395.0
based on,-7.969697188680972,401.0,1360.0
sites,-7.982908233131116,65.0,534.0
you'd,-8.007778163209515,68.0,545.0
buildings,-8.080097167857184,0.0,325.0
the us,-8.102076057194987,23.0,411.0
yes always,-8.24015911078526,0.0,338.0
and the,-8.305254543422977,427.0,1458.0
will bring,-8.361820011574485,1.0,352.0
key,-8.367695899375322,149.0,802.0
i don't,-8.398199136502122,11.0,393.0
for the,-8.568916729737065,395.0,1418.0
extension,-8.63426524686248,33.0,490.0
journal of,-8.683886377109163,4.0,391.0
guidance,-8.704606973966952,172.0,896.0
nsf,-8.721558678857056,13.0,428.0
searching,-8.737865988531578,1.0,384.0
published,-8.749309047767843,25.0,473.0
can summarise,-8.919393021165346,0.0,396.0
summarise the,-8.930651488995855,0.0,397.0
reports,-8.9654335536841,54.0,588.0
their,-8.97721494296887,224.0,1058.0
if you'd,-9.000457794452686,3.0,415.0
you'd like,-9.02161529121912,2.0,413.0
summarise,-9.031897753536462,1.0,410.0
search for,-9.048020613470207,13.0,457.0
us,-9.09918021089785,36.0,542.0
website,-9.175741964569736,124.0,815.0
consumer,-9.228288477458623,76.0,681.0
data,-9.315420447902353,406.0,1536.0
page,-9.342721627375925,94.0,746.0
national,-9.348997128239839,15.0,492.0
journal,-9.389580943882194,7.0,466.0
the key,-9.51171410640858,58.0,653.0
in the,-9.529221439033616,487.0,1750.0
that's the,-9.569932642608956,78.0,721.0
publish,-9.648690149365553,19.0,535.0
the american,-9.836029014999195,56.0,679.0
manufacturers,-9.974148463209598,103.0,838.0
can search,-10.014901419995308,3.0,511.0
specific,-10.031796238116232,717.0,2334.0
explain,-10.264455072449847,59.0,733.0
american,-10.292842644269518,59.0,736.0
guides,-10.413033234354323,21.0,619.0
show,-10.429429857672831,481.0,1860.0
state,-10.658526177035792,118.0,958.0
i can,-10.932029764722738,54.0,789.0
for,-11.13308412004676,8268.0,16658.0
study,-11.263030023150662,302.0,1536.0
studies,-11.912256586457957,720.0,2640.0
look for,-12.436640031805968,130.0,1212.0
rent,-12.439853719678354,85.0,1071.0
found,-12.968083007877421,227.0,1569.0
look,-13.122990424117644,326.0,1864.0
the,-13.606564438285208,20811.0,39452.0
in,-14.024836133870942,4003.0,9825.0
on,-14.358053695859734,3694.0,9323.0
like,-14.573870446795203,964.0,3687.0
search,-16.5091534317327,57.0,1570.0
of,-16.95066021908936,2850.0,8363.0
and,-19.03179687574209,14355.0,31031.0
yes,-24.44434622390955,401.0,4359.0
