term,z,n_high,n_low
i'll,63.34456897176389,21041.0,7300.0
it,54.0788424925434,15955.0,5732.0
said,35.40300503092032,11269.0,6044.0
i'm,30.026570922235845,3431.0,719.0
it's,27.860630196126074,5304.0,2318.0
so i'll,27.653874898980476,2703.0,483.0
i'll just,26.687497382461252,1758.0,43.0
but the,26.075743731438862,2012.0,208.0
but,24.710051954559876,4399.0,2004.0
i'll tell,24.611074948896825,1543.0,59.0
i'll trust,24.359162129331217,1459.0,33.0
tell my,24.346904197920125,1479.0,43.0
buy,23.996993765273068,1988.0,335.0
said it's,23.948538633009854,1984.0,336.0
trust,23.509823458508222,1730.0,220.0
my,23.324940431891076,10492.0,8031.0
i'll buy,22.741628245991322,1317.0,50.0
i'm going,22.630342510603203,1217.0,9.0
going to,22.581979729547133,1279.0,40.0
going,22.526794584037102,1374.0,89.0
tell,21.53672034998686,1838.0,414.0
so it,20.792046494326414,1274.0,129.0
said it,20.6294853175396,1218.0,108.0
so,20.452889493241788,11033.0,9314.0
will,20.25923317246871,3123.0,1481.0
i'll do,20.00610862426167,1501.0,304.0
them,18.954215723730478,1850.0,609.0
do it,18.924596977632984,1035.0,96.0
it i'll,18.54541339426501,931.0,60.0
i will,18.257214002536834,898.0,56.0
oh,18.06410304208799,763.0,0.0
every,18.03619393286989,2324.0,1049.0
no,17.91497182648672,1956.0,769.0
since,17.757117676279634,779.0,19.0
you said,17.039785378181517,727.0,22.0
okay,16.8456137261346,3346.0,2074.0
right,16.780945109563007,1739.0,692.0
knows,16.605767345153865,680.0,16.0
my friend,16.580360408002427,1064.0,229.0
natural,15.713262897948654,773.0,98.0
all,15.706346369626246,2459.0,1391.0
use it,15.69024790226842,828.0,130.0
one,15.112222681403132,2087.0,1120.0
oh so,15.096124297348362,533.0,0.0
i'm buying,14.630115166726531,527.0,12.0
now,14.53071719332719,885.0,219.0
it every,14.332775865055655,496.0,7.0
okay so,14.088553876944129,1925.0,1071.0
cures,14.053160803048733,987.0,313.0
buy it,13.60550944634233,472.0,18.0
she said,13.582248209849785,697.0,143.0
okay but,13.548406421800472,507.0,37.0
i'll use,13.543378618964518,1442.0,699.0
day,13.416571505372572,1214.0,522.0
stop,13.390977783222228,866.0,263.0
trust the,13.375196355917357,571.0,77.0
proven,13.323827607677215,933.0,314.0
it's natural,13.28555282725551,437.0,11.0
i'll keep,12.972083468731386,784.0,227.0
it's proven,12.948620968308315,429.0,17.0
it works,12.825284647323016,684.0,167.0
bracelet,12.751081699501745,415.0,16.0
use,12.682418432463585,2686.0,1940.0
start,12.646296592576414,692.0,180.0
doing,12.624550676912131,570.0,104.0
i'll take,12.61253172330079,413.0,19.0
she,12.55262739330082,1156.0,532.0
it must,12.534826628481973,383.0,7.0
buy one,12.51222585278274,386.0,9.0
i'll start,12.318853531932744,420.0,31.0
friend,12.208058146312709,1565.0,911.0
i'll still,12.187168839281606,426.0,38.0
try,12.051314175859934,758.0,253.0
try it,11.97565468103227,476.0,72.0
trust that,11.9126873296113,416.0,41.0
proven so,11.80493547320542,326.0,0.0
i'll wear,11.661289054464765,327.0,4.0
works,11.642481264811616,1046.0,500.0
and,11.5329353810996,7496.0,7486.0
because,11.527009258435516,2722.0,2116.0
so i'm,11.482408761814128,326.0,8.0
already,11.411412602050103,442.0,71.0
magnetic,11.40268850349814,326.0,10.0
safe,11.395186605659173,1408.0,834.0
today,11.385563208788437,396.0,46.0
showed,11.367780389663626,470.0,89.0
it but,11.31654148012564,405.0,53.0
keep,11.198416525697944,1190.0,653.0
they,11.118218700904768,1757.0,1187.0
i'll try,11.112471609360242,513.0,125.0
trust it,11.106626009950086,327.0,18.0
fine,11.105990854498486,728.0,277.0
take,11.100436323415714,750.0,294.0
but if,11.080008938031012,309.0,10.0
pay,11.053674641030181,875.0,395.0
drink,11.002504378567778,477.0,106.0
pain,10.929788350832645,640.0,220.0
that's what,10.90422840567757,346.0,33.0
everything,10.801819129684597,562.0,170.0
pay the,10.75926426104974,303.0,15.0
wear it,10.758102569793728,273.0,1.0
i'll pay,10.738680133262253,283.0,6.0
it the,10.62112247472498,294.0,14.0
it and,10.587673093222996,414.0,81.0
it daily,10.496598229602021,260.0,1.0
a magnetic,10.481071895767705,257.0,0.0
i already,10.44208062589685,281.0,12.0
every day,10.43443233521387,401.0,78.0
tonight,10.415601940163274,267.0,6.0
daily,10.389282617659367,548.0,177.0
cure,10.329986140992041,546.0,178.0
just pay,10.270132245235201,249.0,1.0
buy the,10.214188688585313,296.0,25.0
safe i'll,10.129019470476047,270.0,14.0
it so,10.066727085942253,326.0,45.0
i saw,10.032592664383543,602.0,232.0
doing it,10.022596509363458,279.0,21.0
ad,9.968528213073494,820.0,411.0
i'll order,9.936632327011353,231.0,0.0
no the,9.915095949773129,230.0,0.0
that's,9.881445948384062,997.0,571.0
saw,9.841660999543716,641.0,271.0
day i'll,9.82847899749618,226.0,0.0
said i'll,9.824819845839146,239.0,6.0
be safe,9.79486583047321,278.0,26.0
he,9.741040097455594,1586.0,1145.0
put,9.708914458667218,489.0,162.0
he said,9.697894285814145,838.0,442.0
? oh,9.697104403457088,220.0,0.0
i'll put,9.66852317354074,234.0,7.0
take it,9.661597744595968,268.0,24.0
i'll avoid,9.618697852927015,337.0,64.0
one okay,9.598394818706218,220.0,2.0
i'll drink,9.597125327496844,235.0,9.0
told my,9.594408282468175,263.0,23.0
right but,9.582698558892751,272.0,28.0
it cures,9.563857865900342,225.0,5.0
one for,9.50052158214821,245.0,16.0
the ad,9.425392667615561,401.0,111.0
i'll stop,9.41958888264932,304.0,50.0
wear,9.412969027792123,480.0,167.0
they said,9.364699028574965,395.0,109.0
need,9.275557439261238,2355.0,1999.0
just use,9.26396094378849,312.0,59.0
just,9.230459480275563,2537.0,2203.0
said a,9.22979596994786,557.0,233.0
? okay,9.198585363914804,1956.0,1580.0
anyway,9.195396033958032,262.0,32.0
all my,9.170715954767175,332.0,74.0
completely,9.139277720615617,487.0,183.0
i told,9.09536428787645,198.0,2.0
works i'll,9.077765000500055,255.0,31.0
them i'll,9.008855251764858,203.0,6.0
so they,8.95233442678434,227.0,19.0
it no,8.94865070173599,194.0,3.0
because the,8.93535273066941,533.0,227.0
order,8.933093816526448,321.0,74.0
the shop,8.92418801767801,372.0,108.0
buying it,8.820602108745565,193.0,5.0
toxins,8.793528025695492,357.0,102.0
must be,8.727313981398108,405.0,138.0
away,8.708311055405613,353.0,102.0
copper,8.685177689353413,202.0,12.0
pain i'll,8.64267039231726,177.0,1.0
all day,8.61944126930426,230.0,28.0
buying,8.616934578026068,635.0,326.0
bought,8.608677906167525,235.0,31.0
my family,8.608125507470506,224.0,25.0
means,8.604872453433444,569.0,271.0
work,8.59362466784932,898.0,564.0
it'll,8.525514720635165,215.0,22.0
buying one,8.503897171468845,178.0,4.0
i'll never,8.487506670537156,198.0,14.0
it all,8.437227744709485,194.0,13.0
it right,8.424567627801244,177.0,5.0
doing that,8.418745874831798,181.0,7.0
go,8.417277387201326,443.0,178.0
friend said,8.407761548270031,502.0,225.0
best i'll,8.397697103815702,165.0,0.0
but you,8.386384997061343,169.0,2.0
it for,8.349920662985731,384.0,136.0
natural the,8.346638066640988,163.0,0.0
best,8.302074593855396,612.0,322.0
it's fine,8.291509077167996,213.0,26.0
morning,8.2907976538354,303.0,81.0
better i'll,8.23967658348016,174.0,7.0
be,8.223080082054203,1805.0,1521.0
week,8.22205710354119,612.0,326.0
i've been,8.185380269020998,216.0,30.0
magnetic bracelet,8.165419247177253,156.0,0.0
bottle,8.158018336436072,234.0,41.0
it's a,8.120465740441357,638.0,354.0
since the,8.08651176521264,153.0,0.0
message said,8.062206600507885,163.0,5.0
the bracelet,8.053853473802755,154.0,1.0
i'll replace,8.045576212609928,246.0,51.0
i'll switch,8.038880588754411,212.0,31.0
i bought,8.013093519887043,191.0,20.0
to do,7.960944314920836,260.0,62.0
he's,7.953334585361372,255.0,59.0
claims to,7.950272019650355,181.0,16.0
shop said,7.947619942807468,570.0,303.0
that claims,7.945733934154496,171.0,11.0
switch,7.944977451532911,331.0,111.0
boosts,7.916434515460381,244.0,53.0
drink it,7.901863078063862,157.0,5.0
fine i'll,7.888976019648108,190.0,22.0
but my,7.881413721184279,269.0,70.0
site said,7.8704509979938395,178.0,16.0
that but,7.816807173225812,176.0,16.0
never,7.812926639956682,1018.0,734.0
but they,7.8053214050328865,215.0,38.0
true i'll,7.784245437952861,163.0,10.0
every morning,7.779599644328267,202.0,31.0
partner,7.779402610176044,214.0,38.0
mine,7.772690980166382,243.0,56.0
my partner,7.748948039907676,192.0,26.0
every night,7.735680352086078,173.0,16.0
required i'll,7.718336465184988,146.0,3.0
knows best,7.707609910290163,139.0,0.0
i'll get,7.678317789442277,554.0,302.0
ad said,7.6750388412742465,157.0,9.0
keep doing,7.667712670444534,142.0,2.0
no need,7.646790230818009,160.0,11.0
we,7.618186209480839,390.0,167.0
been,7.602483773331318,388.0,166.0
great,7.598773452797399,233.0,54.0
work i'll,7.59637219376981,148.0,6.0
right the,7.595883613812438,135.0,0.0
it's true,7.568278267402079,147.0,6.0
bracelet it's,7.567694460479753,134.0,0.0
one oh,7.567694460479753,134.0,0.0
i'm paying,7.561156117812318,136.0,1.0
exactly,7.551818103030316,514.0,273.0
and tell,7.507250473526845,151.0,9.0
skin,7.502129386241554,291.0,96.0
proven i'll,7.483371838962461,144.0,6.0
drinking,7.4767975102207584,328.0,124.0
get,7.474508983144891,1336.0,1090.0
avoid,7.4660473709144695,620.0,372.0
i'll go,7.441606232556671,168.0,19.0
pharmacy said,7.441484284666935,134.0,2.0
makes,7.397063204868668,690.0,441.0
showed me,7.360911380652704,176.0,25.0
i'll add,7.343355917250748,170.0,22.0
since it,7.33828619157874,126.0,0.0
eat,7.326956571233151,350.0,146.0
it on,7.318743787460343,216.0,50.0
it work,7.308695705675673,140.0,7.0
just do,7.3066932543836804,146.0,10.0
buy a,7.305879431662086,287.0,99.0
improves,7.304917217034886,331.0,132.0
paying it,7.30236495309568,127.0,1.0
it she,7.296538841438112,129.0,2.0
water,7.281471873793561,1349.0,1121.0
three,7.260008969081142,455.0,235.0
but he,7.253075109171387,317.0,123.0
fat,7.251892652302293,339.0,140.0
i'll sign,7.250387974572001,123.0,0.0
must,7.23871220027491,1119.0,881.0
store said,7.227905486054605,296.0,108.0
said so,7.193627755041307,148.0,13.0
no i,7.191192619381119,121.0,0.0
it's safe,7.18644938264663,200.0,43.0
had,7.163572699090876,300.0,113.0
family,7.14024023051628,329.0,136.0
him,7.139478562429205,353.0,155.0
trust him,7.118719383784449,123.0,2.0
i'll book,7.071168213370495,138.0,10.0
tomorrow,7.058254185693134,174.0,30.0
it's the,7.057681496486589,214.0,55.0
i'm doing,7.043732194296103,141.0,12.0
replace,7.027504583545895,647.0,421.0
to stop,7.014745821752894,189.0,40.0
article said,6.992353063525627,193.0,43.0
required,6.9913541210656165,255.0,85.0
is required,6.988666926186532,143.0,14.0
avoid it,6.945140059579277,158.0,23.0
be fine,6.925458886445165,139.0,13.0
from now,6.905493921879958,116.0,2.0
said always,6.88759264857889,111.0,0.0
pharmacy,6.885736768743056,156.0,23.0
it does,6.875253925959866,143.0,16.0
my sister,6.867998698995976,216.0,61.0
replace it,6.867562349139888,187.0,42.0
i'll rely,6.857985074868281,129.0,9.0
day the,6.856493676261036,110.0,0.0
sister,6.855150455474218,217.0,62.0
wrinkles,6.854531290181516,146.0,18.0
that's the,6.835730341808058,149.0,20.0
must work,6.8120745042243955,113.0,2.0
now on,6.8120745042243955,113.0,2.0
every time,6.806253071310764,188.0,44.0
daily the,6.793868875363319,108.0,0.0
negative,6.756939010467153,194.0,49.0
message,6.752506202131461,258.0,94.0
works so,6.740119296308706,115.0,4.0
saw a,6.7319614906674135,412.0,220.0
get it,6.706455006809007,162.0,30.0
the article,6.700005540815361,192.0,49.0
again,6.686572733676537,163.0,31.0
the,6.684815579904426,19900.0,24700.0
the rule,6.684542608313301,196.0,52.0
what she,6.666855522276468,104.0,0.0
the video,6.622348775305973,210.0,63.0
your,6.616824372002742,1737.0,1615.0
a natural,6.5989432836193265,165.0,34.0
because you,6.589909466519252,141.0,20.0
so it's,6.581131073046177,836.0,636.0
her,6.569967869513694,536.0,340.0
said they,6.555594675183713,152.0,27.0
it has,6.541896870477976,185.0,48.0
get the,6.536637318605851,243.0,89.0
i'll be,6.528445884070364,195.0,55.0
it it's,6.5238195134643275,104.0,2.0
right ?,6.514070392246853,602.0,406.0
and expect,6.510286733493223,112.0,6.0
the blog,6.4905816292476475,387.0,208.0
daily i'll,6.471665301654919,98.0,0.0
is best,6.456491614308192,142.0,23.0
blog said,6.450988472245427,409.0,229.0
got,6.415876984671843,318.0,152.0
forever,6.411733068483501,211.0,69.0
he showed,6.410462781794281,149.0,28.0
still,6.40619251015122,703.0,512.0
night,6.404483110235262,428.0,248.0
it to,6.3857717127134,266.0,111.0
that i'll,6.378826061984992,114.0,9.0
won't,6.358986221201942,716.0,528.0
erases,6.34458187735078,111.0,8.0
to buy,6.335437815208697,197.0,61.0
month,6.303708616861465,486.0,306.0
with it,6.291214915281641,119.0,13.0
bracelet cures,6.290526781130977,97.0,2.0
the store,6.287811313962666,208.0,70.0
overnight,6.284151190844451,335.0,171.0
since it's,6.256491737399491,96.0,2.0
crystal,6.243343638645472,106.0,7.0
i trust,6.241450304887532,198.0,64.0
i'm ordering,6.236229889221247,91.0,0.0
negative ion,6.222271230509346,95.0,2.0
heals,6.221983193664933,126.0,18.0
cream,6.211710856476893,146.0,30.0
knows i'll,6.201866989825638,90.0,0.0
i'll follow,6.194924761209409,323.0,164.0
help i'll,6.194132408324112,92.0,1.0
it i,6.188229829531337,179.0,52.0
it anyway,6.179307521575712,98.0,4.0
erases wrinkles,6.176838625886051,100.0,5.0
time i'll,6.176838625886051,100.0,5.0
the message,6.1524698071264785,113.0,12.0
will be,6.146879607270799,284.0,133.0
he knows,6.142318308562155,99.0,5.0
using it,6.134969294162959,150.0,34.0
order it,6.132563794957688,88.0,0.0
stop using,6.1278666946297085,145.0,31.0
i'll set,6.110002064066637,157.0,39.0
been doing,6.108557873608534,106.0,9.0
what he,6.106349104949282,100.0,6.0
add,6.100268085639859,312.0,158.0
i buy,6.08958043124499,147.0,33.0
replace them,6.084127071361054,111.0,12.0
don't need,6.077472593251266,332.0,176.0
melts,6.073275350478495,118.0,16.0
i'll only,6.0573635965553665,146.0,33.0
it because,6.046655067834525,119.0,17.0
ordering,6.03988087535729,94.0,4.0
natural and,6.03988087535729,94.0,4.0
follow it,6.036399681365954,100.0,7.0
hours,6.026432863687392,579.0,410.0
health store,6.002289679576366,95.0,5.0
water bottle,6.002289679576366,95.0,5.0
wait,5.99494358520285,278.0,133.0
perfect,5.979337496794185,175.0,54.0
? great,5.9772668320260935,88.0,2.0
real i'll,5.965778805787849,96.0,6.0
better,5.9499741097290055,796.0,637.0
use the,5.9477748954798955,377.0,221.0
them the,5.94144501938075,87.0,2.0
detoxes,5.9336828291680135,101.0,9.0
drinking it,5.911762488488813,84.0,1.0
influencer said,5.905456673257438,146.0,36.0
it he,5.905406882736942,86.0,2.0
i won't,5.903138287465018,375.0,221.0
i'll apply,5.901284890147368,102.0,10.0
two,5.899887322130734,557.0,395.0
it now,5.8945361130843175,96.0,7.0
buy them,5.894270401435543,94.0,6.0
make,5.889877507561347,484.0,324.0
post said,5.886536193075622,150.0,39.0
energy,5.878096874702865,400.0,245.0
no i'll,5.875513548468192,83.0,1.0
clears,5.8743197794091335,114.0,17.0
forum said,5.872600957537365,234.0,101.0
friend to,5.864351310540001,87.0,3.0
use them,5.857599103657864,117.0,19.0
then,5.848177106800004,485.0,327.0
sign,5.843257217701236,298.0,155.0
my coworker,5.840392118925474,215.0,87.0
throw,5.805065862568235,149.0,40.0
has,5.799275501619602,867.0,723.0
everything i'll,5.7959543803000875,83.0,2.0
it's scientifically,5.791192588401763,85.0,3.0
out,5.780707632208506,820.0,674.0
an ad,5.778711043344742,243.0,111.0
everywhere,5.7651768186740595,134.0,31.0
arthritis,5.759673563956334,155.0,45.0
years i'll,5.759010170322987,82.0,2.0
it's safer,5.75104130177615,86.0,4.0
relieves,5.736455143769138,77.0,0.0
melts fat,5.721828599331328,81.0,2.0
shop,5.718797633707663,918.0,784.0
next,5.718583199583173,293.0,155.0
a negative,5.713925575509643,85.0,4.0
go with,5.711697533725513,89.0,6.0
it will,5.692726353092157,326.0,185.0
it it,5.68440505049237,80.0,2.0
store,5.670537271212788,749.0,606.0
a month,5.665741962414549,196.0,77.0
toxins i'll,5.661459653670751,75.0,0.0
do the,5.656670443797547,197.0,78.0
instantly,5.651705370966742,156.0,48.0
but it,5.645670167747086,111.0,19.0
one i'll,5.637063536026182,87.0,6.0
keep it,5.6120462577387515,181.0,67.0
week i'm,5.608812789725757,78.0,2.0
i'll make,5.60590684051178,92.0,9.0
is what,5.604160815712108,80.0,3.0
all the,5.592886161736664,175.0,63.0
do that,5.588665780752049,571.0,426.0
my friends,5.585457616101872,73.0,0.0
ad showed,5.585457616101872,73.0,0.0
bought a,5.5683638771653925,91.0,9.0
they're,5.564637826334237,296.0,163.0
minutes,5.549805136742728,465.0,322.0
whole,5.539185045237846,304.0,171.0
trust my,5.532193303734257,76.0,2.0
a crystal,5.527595244465955,78.0,3.0
the employee,5.513395210695092,122.0,28.0
i'll give,5.508407367819104,71.0,0.0
now i'll,5.488916426960165,77.0,3.0
a day,5.484570969436422,336.0,202.0
detox,5.464188405835691,188.0,76.0
lemon,5.458509576361942,180.0,70.0
scientifically proven,5.451362419411904,109.0,21.0
said the,5.450629952269499,389.0,253.0
we'll,5.4504320642323565,86.0,8.0
said never,5.449966256613447,76.0,3.0
them every,5.4471617556073,78.0,4.0
worth it,5.430534339508927,159.0,55.0
permanently,5.427053939199463,223.0,105.0
prevents,5.422686062137668,373.0,239.0
new one,5.422273016972425,121.0,29.0
that okay,5.415749755387913,87.0,9.0
using,5.40669879260029,514.0,378.0
after,5.404091732993136,754.0,629.0
the site,5.402731002693553,122.0,30.0
does cure,5.390768114134985,68.0,0.0
this supplement,5.390768114134985,68.0,0.0
just replace,5.382165471731945,88.0,10.0
knows the,5.38214413883635,70.0,1.0
start doing,5.38214413883635,70.0,1.0
if it,5.381650080293046,301.0,174.0
i'll wait,5.375458211518659,115.0,26.0
i'll eat,5.372794385479391,84.0,8.0
the pharmacy,5.371228698646268,74.0,3.0
that right,5.3648890044558355,297.0,171.0
to cure,5.364875936173365,93.0,13.0
it tonight,5.3509805044734335,67.0,0.0
the app,5.344826107219461,203.0,91.0
i'm starting,5.342309180711877,69.0,1.0
i'll cut,5.331429212822686,73.0,3.0
strengthens,5.32882464610867,75.0,4.0
it's clinically,5.32882464610867,75.0,4.0
got it,5.327879942290793,77.0,5.0
trust her,5.31089491069851,66.0,0.0
everyone,5.30727923546331,395.0,265.0
ion bracelet,5.30217553861017,68.0,1.0
the mechanic,5.29941885473311,171.0,67.0
start taking,5.295727312014785,70.0,2.0
use that,5.28437141669243,135.0,41.0
need to,5.282545391696489,862.0,755.0
only use,5.2793616709811335,106.0,22.0
said this,5.2767937277321675,197.0,88.0
must help,5.2705045337289915,65.0,0.0
tell everyone,5.2705045337289915,65.0,0.0
natural cure,5.229802311940293,64.0,0.0
great so,5.229802311940293,64.0,0.0
proved,5.229195393237104,93.0,15.0
the group,5.221397212719319,154.0,56.0
will buy,5.22098469154196,66.0,1.0
trust them,5.210230620057561,70.0,3.0
it'll be,5.208176829112065,76.0,6.0
friends,5.2076416812521495,112.0,27.0
amazing,5.207224965823742,74.0,5.0
twice,5.203458496597003,168.0,67.0
to try,5.199922524313378,99.0,19.0
strengthens your,5.188780906748298,63.0,0.0
metaphysical,5.188780906748298,63.0,0.0
i'll always,5.188780906748298,63.0,0.0
a metaphysical,5.188780906748298,63.0,0.0
to be,5.184670484652258,375.0,251.0
definitely,5.184171685057946,317.0,196.0
video,5.180650084210815,443.0,318.0
liver,5.1719389549766355,143.0,49.0
circulation,5.1663996347614125,73.0,5.0
detoxes your,5.1663996347614125,73.0,5.0
the forum,5.153364930179943,262.0,147.0
mechanic said,5.143439721982952,368.0,246.0
put it,5.1351500738165035,94.0,17.0
video said,5.129739977274106,116.0,31.0
inflammation,5.129176008257516,132.0,42.0
need the,5.115884146411308,108.0,26.0
oh okay,5.105749713193078,61.0,0.0
metaphysical shop,5.105749713193078,61.0,0.0
clerk,5.102174774945901,170.0,71.0
boosts energy,5.096779147559958,63.0,1.0
said no,5.09230453608849,77.0,8.0
cells,5.0880660772540445,75.0,7.0
a copper,5.08379703169151,71.0,5.0
since you,5.063723718079667,60.0,0.0
leave it,5.0599245864203395,87.0,14.0
in,5.059303329580818,3423.0,3851.0
so he,5.056719947795867,78.0,9.0
a week,5.05369611163555,288.0,174.0
leave,5.052179255060455,181.0,81.0
keep using,5.046705951825292,124.0,38.0
only,5.046679455791929,1020.0,950.0
he's a,5.044168184650004,66.0,3.0
brings,5.042149751908572,68.0,4.0
said they're,5.042149751908572,68.0,4.0
worked,5.037275050071619,115.0,32.0
proved it,5.030453990154929,81.0,11.0
crystal water,5.0213460891126305,59.0,0.0
natural i'll,5.0213460891126305,59.0,0.0
guaranteed,5.0200331137603635,267.0,156.0
faster i'll,5.012269698339617,61.0,1.0
now the,5.005849202108058,63.0,2.0
my neighbor,5.002412359153316,188.0,88.0
it won't,4.983812266830357,103.0,25.0
the clerk,4.980950845370987,78.0,10.0
oil,4.980169540995932,787.0,694.0
already told,4.978607847037328,58.0,0.0
week i'll,4.969477349496525,60.0,1.0
book,4.967431481780891,305.0,193.0
i m,4.959083558916237,64.0,3.0
great i'll,4.93919437791176,77.0,10.0
try the,4.93919437791176,77.0,10.0
seller said,4.935705915531482,89.0,17.0
energy i'll,4.935499623831919,57.0,0.0
ordering a,4.935499623831919,57.0,0.0
forever i'll,4.935499623831919,57.0,0.0
switch to,4.9326911241339575,152.0,61.0
influencer,4.928151575716828,428.0,315.0
the seller,4.927257947693093,140.0,52.0
follow,4.926003142975938,503.0,392.0
sign up,4.920258622460879,71.0,7.0
them all,4.920258622460879,71.0,7.0
out i'll,4.919914927881597,61.0,2.0
better safe,4.919914927881597,61.0,2.0
move,4.908820790308411,191.0,93.0
ad says,4.89363506620248,352.0,241.0
oh but,4.892011638726416,56.0,0.0
pain does,4.892011638726416,56.0,0.0
safe i'm,4.892011638726416,56.0,0.0
mechanic knows,4.892011638726416,56.0,0.0
one and,4.88275097203242,72.0,8.0
magnets,4.876384625895229,60.0,2.0
set,4.873577137002778,281.0,174.0
it boosts,4.872537411952169,62.0,3.0
i'll throw,4.871380201763214,66.0,5.0
foot,4.869054409656747,112.0,33.0
and said,4.864690669259315,106.0,29.0
always,4.86320031387804,1280.0,1266.0
it relieves,4.848133672285507,55.0,0.0
beauty,4.845250808501813,135.0,50.0
weeks,4.842603370788685,322.0,214.0
faster,4.8416543398262855,269.0,164.0
will tell,4.83883595040107,57.0,1.0
in one,4.836435890111014,128.0,45.0
flushes,4.835614204692522,93.0,21.0
apply it,4.830239209527344,67.0,6.0
pay it,4.828692478839418,61.0,3.0
it worked,4.827855747523869,88.0,18.0
and cures,4.826056365036184,83.0,15.0
saw an,4.821336376644189,76.0,11.0
or i'll,4.816095414336544,146.0,59.0
working,4.812533392342372,142.0,56.0
we need,4.8119580251110605,74.0,10.0
shop knows,4.803855038360794,54.0,0.0
cure so,4.803855038360794,54.0,0.0
order one,4.803855038360794,54.0,0.0
days,4.793609795595744,395.0,288.0
still do,4.788147282253481,58.0,2.0
will use,4.784452785187782,60.0,3.0
one but,4.760282626976903,71.0,9.0
partner we,4.759164553694263,53.0,0.0
i'll move,4.758172400209945,78.0,13.0
sleep i'll,4.749751174636751,55.0,1.0
add it,4.743418702279281,57.0,2.0
i'll leave,4.7419370630171205,81.0,15.0
to relieve,4.739807624545456,59.0,3.0
them but,4.738604450335711,61.0,4.0
000,4.722878912211023,794.0,720.0
said any,4.715220456427622,108.0,33.0
can't hurt,4.714050504928119,52.0,0.0
year i'll,4.714050504928119,52.0,0.0
a little,4.706605195512835,96.0,25.0
the expert,4.704578025584518,54.0,1.0
so that's,4.703156552616622,75.0,12.0
it prevents,4.703156552616622,75.0,12.0
pain by,4.702604219952779,66.0,7.0
ordered,4.698268325484462,56.0,2.0
i'll schedule,4.698268325484462,56.0,2.0
clinically proven,4.687052854674124,94.0,24.0
cold,4.686525513390009,467.0,367.0
guy,4.682447409141077,200.0,107.0
m,4.6816122542881615,71.0,10.0
eating,4.666517939828061,243.0,146.0
safer,4.664874500178043,182.0,92.0
mechanic,4.660460818015408,561.0,468.0
session,4.657932960961911,65.0,7.0
the influencer,4.652604891113264,123.0,45.0
now but,4.649648834590846,61.0,5.0
years so,4.648342198427259,59.0,4.0
for everything,4.644624470695055,82.0,17.0
and my,4.642615466145063,132.0,52.0
and after,4.635890716754848,85.0,19.0
will stop,4.629944791871189,88.0,21.0
i need,4.622758314970128,1264.0,1270.0
overnight i'm,4.622501992828501,50.0,0.0
my wife,4.622501992828501,50.0,0.0
order a,4.622501992828501,50.0,0.0
little,4.620429716690742,107.0,34.0
a beauty,4.615484377944157,126.0,48.0
to start,4.613348836362093,78.0,15.0
cancer i'll,4.612908755276229,52.0,1.0
fast,4.599727034254543,195.0,105.0
cut,4.59612793127663,263.0,167.0
stops,4.576857749759852,159.0,75.0
battery i'll,4.576041113289541,49.0,0.0
she knows,4.576041113289541,49.0,0.0
morning i'll,4.576041113289541,49.0,0.0
a bottle,4.574513172902284,65.0,8.0
putting,4.573455241787716,279.0,183.0
on my,4.567811474403652,284.0,188.0
it today,4.5663862195155644,51.0,1.0
wife,4.5663862195155644,51.0,1.0
sister to,4.5663862195155644,51.0,1.0
hair,4.566172694862489,326.0,229.0
says this,4.562804835095031,161.0,77.0
lose,4.561609518779139,267.0,172.0
months i'll,4.560162790116452,53.0,2.0
it flushes,4.5569404659205315,55.0,3.0
my brother,4.55181470173386,101.0,31.0
before and,4.550762407320814,83.0,19.0
? ok,4.547932983420605,68.0,10.0
supply,4.545659846653773,86.0,21.0
it okay,4.545659846653773,86.0,21.0
kills,4.542349426881673,261.0,167.0
it improves,4.5377868613609245,66.0,9.0
month i'll,4.52910374816452,48.0,0.0
does everything,4.52910374816452,48.0,0.0
relieve,4.528908702882846,64.0,8.0
so all,4.526861415965662,71.0,12.0
burns,4.519440306160926,110.0,38.0
what i'll,4.519386353090454,50.0,1.0
i'm sure,4.519386353090454,50.0,1.0
big,4.518259637791871,126.0,50.0
brother,4.5178904980700985,103.0,33.0
group said,4.516506335188261,140.0,61.0
to get,4.5159564551095475,175.0,90.0
read an,4.51562174253925,60.0,6.0
energy and,4.509670681622099,56.0,4.0
brown,4.506349421740157,97.0,29.0
turn,4.502208242133436,119.0,45.0
get one,4.4957715181892794,72.0,13.0
a pharmacy,4.489337090678685,80.0,18.0
but i'll,4.481853229886778,70.0,12.0
old article,4.475110510844832,61.0,7.0
energy i'm,4.471894194587044,49.0,1.0
pain i'm,4.471894194587044,49.0,1.0
coach said,4.471787464066723,192.0,106.0
the post,4.46972533892741,163.0,81.0
taking it,4.465872784299789,73.0,14.0
to never,4.465745890688994,51.0,2.0
using them,4.46275677388382,53.0,3.0
my savings,4.46252151382909,55.0,4.0
coworker,4.445381036779056,315.0,223.0
years,4.4373199254081,550.0,469.0
it's better,4.436418311746676,62.0,8.0
sorry,4.433738876704323,46.0,0.0
night i'll,4.433738876704323,46.0,0.0
it erases,4.433738876704323,46.0,0.0
fixes,4.427866251126581,157.0,77.0
wrinkles and,4.423893986482274,48.0,1.0
after photos,4.423051374905984,67.0,11.0
me i'll,4.423051374905984,67.0,11.0
once,4.419203543587152,218.0,131.0
i'll cancel,4.417789465458119,50.0,2.0
extra,4.415601661872061,233.0,145.0
just buy,4.410669193342324,65.0,10.0
alkaline,4.406133484299495,96.0,30.0
plan,4.404057946094398,239.0,151.0
the coach,4.396693704372787,162.0,82.0
then i'll,4.394404253255413,84.0,22.0
two weeks,4.391678341371348,129.0,55.0
taking,4.377660928211299,237.0,150.0
just avoid,4.375369114701121,47.0,1.0
video showed,4.374283017525814,57.0,6.0
immune system,4.372621856031567,85.0,23.0
avoid them,4.359565802054969,69.0,13.0
double,4.346753296418701,188.0,106.0
your skin,4.344439962726638,67.0,12.0
liver clears,4.336277628239453,44.0,0.0
than sorry,4.336277628239453,44.0,0.0
copper it,4.336277628239453,44.0,0.0
clerk it,4.336277628239453,44.0,0.0
invest,4.331164294269121,87.0,25.0
it should,4.329507743323533,81.0,21.0
feel,4.328556493398701,193.0,111.0
it since,4.326302042157619,46.0,1.0
she's,4.325262764509101,117.0,47.0
stop eating,4.321040517976156,54.0,5.0
today the,4.320299417950214,48.0,2.0
it off,4.319183852837809,73.0,16.0
safer i'll,4.317720186405875,50.0,3.0
it twice,4.317720186405875,50.0,3.0
the neighbour,4.317030530711917,63.0,10.0
wellness site,4.308355113102754,79.0,20.0
will do,4.305004061221285,61.0,9.0
just follow,4.305004061221285,61.0,9.0
immediately,4.2974184783421245,192.0,111.0
easier,4.2943013304613205,59.0,8.0
so we,4.2943013304613205,59.0,8.0
insomnia,4.2892105394129745,96.0,32.0
ok,4.287990149838379,86.0,25.0
family to,4.286716299430533,43.0,0.0
battery i'm,4.286716299430533,43.0,0.0
since they,4.286716299430533,43.0,0.0
article saying,4.28510688408361,57.0,7.0
stop my,4.28510688408361,57.0,7.0
makes it,4.281797146332452,121.0,51.0
!,4.276674235532533,45.0,1.0
money i'll,4.276674235532533,45.0,1.0
heat i'll,4.276674235532533,45.0,1.0
digestion,4.27213947334151,53.0,5.0
this weekend,4.268913594046758,51.0,4.0
the inspector,4.266743148879187,67.0,13.0
i feel,4.2646848871030025,84.0,24.0
back,4.256293525606287,448.0,369.0
300,4.2559352278954075,159.0,83.0
good so,4.254920286478708,70.0,15.0
reverses,4.240738893232426,79.0,21.0
s,4.236957815123175,68.0,14.0
it exactly,4.236575325511473,42.0,0.0
but she,4.231645663570817,191.0,112.0
ion,4.227592674793317,100.0,36.0
time,4.222214907968097,545.0,476.0
drink the,4.220587470265611,46.0,2.0
aunt said,4.219178170395209,50.0,4.0
a big,4.218577204107161,80.0,22.0
delete,4.218577204107161,80.0,22.0
app said,4.218329169151265,48.0,3.0
labels,4.215924669411359,97.0,34.0
my dog,4.215406898739375,118.0,50.0
weekly,4.206626246090054,129.0,59.0
the podcast,4.205168006344197,119.0,51.0
joint pain,4.197151417049789,57.0,8.0
the supplement,4.197151417049789,57.0,8.0
that so,4.196972158290422,75.0,19.0
sugar,4.1880157231257,137.0,66.0
and stop,4.187147716069011,55.0,7.0
send the,4.187147716069011,55.0,7.0
way i'll,4.185833876296983,41.0,0.0
he's the,4.185833876296983,41.0,0.0
clears your,4.185833876296983,41.0,0.0
will just,4.185833876296983,41.0,0.0
starting today,4.185833876296983,41.0,0.0
ll,4.185833876296983,41.0,0.0
supplement it,4.185833876296983,41.0,0.0
remove,4.177886004287505,167.0,92.0
damage i'll,4.169849810396943,45.0,2.0
keep drinking,4.168874073535722,49.0,4.0
sleep,4.163676166111318,541.0,475.0
roommate,4.1443768810708175,87.0,28.0
000 i'll,4.134469843337799,40.0,0.0
nightly,4.134469843337799,40.0,0.0
no it's,4.134469843337799,40.0,0.0
has copper,4.134469843337799,40.0,0.0
be fluent,4.134469843337799,40.0,0.0
miles i'll,4.134469843337799,40.0,0.0
rule i'll,4.131976421718537,95.0,34.0
memory,4.129445799081942,153.0,81.0
safe so,4.128731051192759,52.0,6.0
risk it,4.128731051192759,52.0,6.0
fat i'll,4.124224375323332,42.0,1.0
immune,4.1203046267452565,92.0,32.0
it my,4.1166045017618105,46.0,3.0
article,4.111180850901216,331.0,253.0
20,4.109951902940587,441.0,369.0
page says,4.104940170555624,76.0,21.0
a health,4.101709907901882,202.0,126.0
it's guaranteed,4.094619017755769,65.0,14.0
that means,4.090294568481698,60.0,11.0
worked for,4.090294568481698,60.0,11.0
for years,4.088892230254607,98.0,37.0
has magnets,4.08245972733023,39.0,0.0
now okay,4.08245972733023,39.0,0.0
i ll,4.08245972733023,39.0,0.0
i'll say,4.08245972733023,39.0,0.0
magnets it,4.08245972733023,39.0,0.0
had a,4.074933456482405,95.0,35.0
my roommate,4.074443718342803,84.0,27.0
improves digestion,4.072145355920861,41.0,1.0
wear them,4.072145355920861,41.0,1.0
ok so,4.066219877322699,66.0,15.0
moon,4.062058841058367,78.0,23.0
bad i'll,4.060474025798409,56.0,9.0
my neighbour,4.051487018173665,145.0,76.0
take the,4.046913362828608,97.0,37.0
neighbour,4.045316794095847,300.0,224.0
stick,4.040734400642837,258.0,182.0
study i'll,4.036166454476819,52.0,7.0
i'll plan,4.035429077304062,70.0,18.0
coworker said,4.032934377753747,128.0,62.0
drive exactly,4.029778512445042,38.0,0.0
psychic,4.029778512445042,38.0,0.0
my husband,4.029778512445042,38.0,0.0
eliminates bloating,4.029778512445042,38.0,0.0
anyway it's,4.029778512445042,38.0,0.0
the garden,4.027009729279694,62.0,13.0
will keep,4.026639757571971,50.0,6.0
will make,4.025036047743893,103.0,42.0
your body,4.022504899606669,87.0,30.0
i'll walk,4.019394836004665,40.0,1.0
days i'll,4.019394836004665,40.0,1.0
all i'll,4.019394836004665,40.0,1.0
husband,4.019394836004665,40.0,1.0
boost,4.0182242559381685,124.0,59.0
lose weight,4.01795061170873,65.0,15.0
to only,4.013848925878561,42.0,2.0
safe than,4.012377479417393,44.0,3.0
ad cited,4.012377479417393,44.0,3.0
joint,4.011287687193584,71.0,19.0
ear,4.010118320140176,114.0,51.0
it helps,4.01000576779955,55.0,9.0
honey,4.003950435808125,174.0,103.0
grow,4.002716914464227,126.0,61.0
still use,3.9974696250341424,63.0,14.0
that's why,3.9908255041855845,66.0,16.0
knee,3.989743923176848,111.0,49.0
gone,3.9896098403555063,93.0,35.0
that way,3.984691980099989,51.0,7.0
worry,3.9825639826273505,196.0,124.0
skin melts,3.9763995256688243,37.0,0.0
time oh,3.9763995256688243,37.0,0.0
them no,3.9763995256688243,37.0,0.0
i'm booking,3.9763995256688243,37.0,0.0
brace,3.974352632092014,56.0,10.0
clinically,3.9721798273943474,103.0,43.0
enough i'll,3.9660803417736306,99.0,40.0
this cream,3.9659462615037326,39.0,1.0
fail i'll,3.9659462615037326,39.0,1.0
the tip,3.9659462615037326,39.0,1.0
your liver,3.963860883963991,70.0,19.0
started,3.9623429647050603,87.0,31.0
cure dandruff,3.9605054346847837,41.0,2.0
it's working,3.9605054346847837,41.0,2.0
water it,3.959267232461236,43.0,3.0
day and,3.9421904296406916,65.0,16.0
the whole,3.935944344234962,152.0,85.0
it can't,3.9326122326960613,50.0,7.0
out all,3.9326122326960613,50.0,7.0
3 000,3.9316810272606943,250.0,178.0
cured,3.930854795664778,78.0,25.0
does it,3.9293903496316784,175.0,106.0
son,3.927797871144704,60.0,13.0
knows what,3.9222942789134954,36.0,0.0
it nightly,3.9222942789134954,36.0,0.0
today she,3.9222942789134954,36.0,0.0
i'm switching,3.9222942789134954,36.0,0.0
ad had,3.9222942789134954,36.0,0.0
skin and,3.922112516997223,48.0,6.0
starting,3.921542554323926,113.0,52.0
paying,3.9202832100422986,217.0,146.0
body,3.916612826659179,221.0,150.0
set it,3.913814193669731,46.0,5.0
cures chronic,3.913814193669731,46.0,5.0
small amount,3.913814193669731,46.0,5.0
still try,3.91177128803089,38.0,1.0
spray,3.9106699401409766,120.0,58.0
free,3.9081643345959916,337.0,268.0
i did,3.9081058187559226,44.0,4.0
is better,3.9079679611333042,141.0,76.0
follow his,3.9064461328603595,40.0,2.0
said applying,3.9064461328603595,40.0,2.0
is proven,3.9055110007559444,83.0,29.0
water i'll,3.905458442060503,42.0,3.0
a lot,3.9029914194218556,121.0,59.0
group,3.902524880712201,547.0,497.0
a video,3.8984394675415897,105.0,46.0
testimonials,3.8928314719464274,51.0,8.0
it completely,3.8928314719464274,51.0,8.0
apply,3.890142351743065,164.0,97.0
plastic,3.883898890279207,196.0,127.0
lot,3.8811226939029186,124.0,62.0
flushes toxins,3.871709335373254,54.0,10.0
so she,3.8688821678160275,47.0,6.0
cancer i'm,3.8674322912413492,35.0,0.0
working i'll,3.8674322912413492,35.0,0.0
i'll spray,3.8674322912413492,35.0,0.0
cream with,3.8674322912413492,35.0,0.0
so it'll,3.8674322912413492,35.0,0.0
good,3.867006594197775,570.0,525.0
warn,3.8600921914414603,45.0,5.0
your energy,3.8600921914414603,45.0,5.0
pain and,3.8600921914414603,45.0,5.0
tea,3.859195316322672,217.0,148.0
and improves,3.8572032986148956,57.0,12.0
book the,3.856839607859523,37.0,1.0
hours i'll,3.856839607859523,37.0,1.0
it's easier,3.856839607859523,37.0,1.0
now so,3.856839607859523,37.0,1.0
a pair,3.856839607859523,37.0,1.0
six,3.855650429267309,222.0,153.0
just drink,3.853941616750819,43.0,4.0
aunt,3.853633166197526,177.0,110.0
him i'll,3.8509235082597257,41.0,3.0
unplug,3.8400519703551406,50.0,8.0
cures a,3.8312460643787962,80.0,28.0
hurt,3.8312460643787962,80.0,28.0
one week,3.8312460643787962,80.0,28.0
juice,3.8304774558308075,149.0,85.0
it at,3.8295124109064735,73.0,23.0
toxins and,3.8230415258022514,70.0,21.0
kids,3.8228617564498824,126.0,65.0
it's worth,3.8162785887831325,143.0,80.0
i'll delete,3.8149764829037416,46.0,6.0
right away,3.8149764829037416,46.0,6.0
to drive,3.8149764829037416,46.0,6.0
my hair,3.8149764829037416,46.0,6.0
do,3.8142478988387722,2619.0,3035.0
completely i'll,3.811780888056578,34.0,0.0
cures insomnia,3.8056668248287155,44.0,5.0
every week,3.805091661713264,99.0,43.0
my son,3.8023758655778432,51.0,9.0
eliminates,3.8020237566396196,71.0,22.0
won't bother,3.80111875486873,36.0,1.0
counter worker,3.80111875486873,36.0,1.0
it's cheaper,3.80111875486873,36.0,1.0
put them,3.80111875486873,36.0,1.0
i wear,3.80111875486873,36.0,1.0
walk away,3.7990468432263693,42.0,4.0
neighbor,3.7985706213306054,300.0,234.0
bloating,3.7973133881931136,59.0,14.0
buying them,3.7960613098430227,38.0,2.0
dandruff i'll,3.7960613098430227,38.0,2.0
wear one,3.7960613098430227,38.0,2.0
will still,3.7960613098430227,38.0,2.0
microwave,3.7942934116844,226.0,159.0
? but,3.7905391560101247,365.0,303.0
do both,3.7866315033513374,49.0,8.0
the doctor,3.7866315033513374,49.0,8.0
quit,3.7856956799108046,54.0,11.0
showed a,3.781831093846587,72.0,23.0
because that's,3.7746218003843026,69.0,21.0
brain,3.7698449564346515,214.0,148.0
and makes,3.769842194569925,66.0,19.0
he was,3.767938018255371,63.0,17.0
work ?,3.7672680726697183,219.0,153.0
the money,3.7667212586678986,52.0,10.0
my aunt,3.7641300581771455,170.0,106.0
butter,3.7605749410431146,109.0,52.0
won't worry,3.760370621674553,45.0,6.0
that every,3.760370621674553,45.0,6.0
it before,3.7555175945938415,77.0,27.0
oh no,3.7553049735070445,33.0,0.0
detox water,3.7553049735070445,33.0,0.0
bother,3.753591816505917,55.0,12.0
and skip,3.753591816505917,55.0,12.0
your immune,3.753591816505917,55.0,12.0
was right,3.7445738839398413,35.0,1.0
skin in,3.7445738839398413,35.0,1.0
it's required,3.743544807429855,64.0,18.0
it once,3.7433922784563336,41.0,4.0
i'll turn,3.7433922784563336,41.0,4.0
skip,3.7430608654275357,315.0,252.0
house but,3.739555495485221,39.0,3.0
weeks i'll,3.739555495485221,39.0,3.0
twice as,3.7386984666150416,78.0,28.0
said putting,3.7377169779420942,82.0,31.0
full,3.7327037609662126,369.0,310.0
cancer,3.732284809249246,282.0,218.0
set a,3.725766194774187,68.0,21.0
anxiety,3.725169967278349,136.0,76.0
supplement,3.722580559656063,195.0,131.0
throw away,3.717813422572445,46.0,7.0
said 3,3.717813422572445,46.0,7.0
my mom,3.7050780894748634,69.0,22.0
and cure,3.7050382470554064,44.0,6.0
arthritis pain,3.7050382470554064,44.0,6.0
stress,3.7036960414824334,110.0,54.0
it removes,3.7009159697365637,54.0,12.0
tonight but,3.6979667715940945,32.0,0.0
brace that,3.6979667715940945,32.0,0.0
thanks !,3.6979667715940945,32.0,0.0
fast i'll,3.6979667715940945,32.0,0.0
arthritis i'll,3.6979667715940945,32.0,0.0
permanently i'll,3.6979667715940945,32.0,0.0
fat boosts,3.6979667715940945,32.0,0.0
instantly i'll,3.6979667715940945,32.0,0.0
fluent,3.6960604418576075,125.0,67.0
i started,3.6948398031897103,49.0,9.0
to drink,3.693271985687078,63.0,18.0
spa,3.691802982192461,60.0,16.0
it's real,3.688988804995865,90.0,38.0
fine the,3.687167520606848,34.0,1.0
night the,3.687167520606848,34.0,1.0
safe i,3.6869467601355805,40.0,4.0
they know,3.682657366561269,38.0,3.0
drinking lemon,3.682657366561269,38.0,3.0
them my,3.68243552051556,36.0,2.0
it overnight,3.68243552051556,36.0,2.0
wellness,3.6798140442853664,241.0,178.0
avoid all,3.6795797117456432,52.0,11.0
clerk said,3.678763138440804,107.0,52.0
collagen,3.678235701649845,74.0,26.0
confirmed,3.678235701649845,74.0,26.0
be true,3.678235701649845,74.0,26.0
i got,3.672512879481585,163.0,102.0
permanent,3.6709414986776947,139.0,80.0
wrist,3.670515261311028,55.0,13.0
they have,3.6689893111699607,87.0,36.0
wearing,3.66690956831166,97.0,44.0
we're,3.6664836214177305,58.0,15.0
weekend,3.666168683880845,71.0,24.0
cancel,3.6658577545073285,92.0,40.0
months,3.6640796437101915,400.0,347.0
in two,3.660403538113806,79.0,30.0
will fix,3.654847022381035,93.0,41.0
i'll stick,3.64837684580982,215.0,153.0
healing,3.647927151303734,65.0,20.0
clear,3.647270688557851,176.0,115.0
says drinking,3.645608515101969,105.0,51.0
yearly,3.64006756592411,48.0,9.0
bottle the,3.639725530565888,31.0,0.0
instantly i'm,3.639725530565888,31.0,0.0
need i'll,3.639725530565888,31.0,0.0
so after,3.639725530565888,31.0,0.0
needed that's,3.639725530565888,31.0,0.0
bracelet is,3.639725530565888,31.0,0.0
this house,3.639725530565888,31.0,0.0
overnight i'll,3.639725530565888,31.0,0.0
twice a,3.636284834342097,69.0,23.0
he's been,3.629677001956861,39.0,4.0
stem,3.629677001956861,39.0,4.0
mood,3.6255804568037235,51.0,11.0
that no,3.6249025858110158,37.0,3.0
it said,3.624315844815704,35.0,2.0
toxins out,3.6222968935950743,46.0,8.0
reverses aging,3.6222968935950743,46.0,8.0
appointment,3.6173467055282846,54.0,13.0
worker said,3.6173163534127784,82.0,33.0
that will,3.606191940004746,44.0,7.0
fix,3.6061067004745233,332.0,276.0
won,3.6045040984244885,49.0,10.0
an influencer,3.6033880934671503,126.0,70.0
is enough,3.5935828416113313,138.0,81.0
scientifically,3.58915419649911,129.0,73.0
system,3.588822026535236,288.0,230.0
wrap,3.588569888771845,89.0,39.0
just keep,3.5845945940688133,47.0,9.0
cleans,3.5814541698799554,76.0,29.0
energy strengthens,3.580537184021685,30.0,0.0
today but,3.580537184021685,30.0,0.0
guaranteed so,3.580537184021685,30.0,0.0
exactly i'll,3.580537184021685,30.0,0.0
supplement boosts,3.580537184021685,30.0,0.0
month i'm,3.580537184021685,30.0,0.0
a cold,3.574560122783832,115.0,61.0
explained,3.5715473902341444,38.0,4.0
beauty counter,3.5715473902341444,38.0,4.0
that should,3.5715473902341444,38.0,4.0
my baby,3.5709263081593727,50.0,11.0
pay i'll,3.5696055204872246,32.0,1.0
my class,3.5696055204872246,32.0,1.0
day so,3.5696055204872246,32.0,1.0
order the,3.5696055204872246,32.0,1.0
stem cells,3.5696055204872246,32.0,1.0
try them,3.5696055204872246,32.0,1.0
a forwarded,3.5665954780620326,109.0,56.0
water detoxes,3.5662524707593524,36.0,3.0
be gone,3.5662524707593524,36.0,3.0
all i,3.5662524707593524,36.0,3.0
immediately but,3.5662524707593524,36.0,3.0
detoxifies,3.5662524707593524,36.0,3.0
and be,3.56607858596705,45.0,8.0
secret,3.56607858596705,45.0,8.0
five,3.5657975679848897,189.0,130.0
switch my,3.5652706090139508,34.0,2.0
a sure,3.5652706090139508,34.0,2.0
it'll work,3.5652706090139508,34.0,2.0
this week,3.5652706090139508,34.0,2.0
it s,3.5652706090139508,34.0,2.0
drink a,3.563566861249474,53.0,13.0
and boosts,3.549232027727206,43.0,7.0
it in,3.548223429663096,173.0,115.0
right now,3.5394240016774305,60.0,18.0
cleanse,3.537072280021509,67.0,23.0
so any,3.5343934978652567,41.0,6.0
nails,3.5343934978652567,41.0,6.0
percent,3.5322117548783467,191.0,133.0
them i,3.521981844580406,39.0,5.0
with labels,3.5203539607173258,29.0,0.0
hyaluronic,3.5203539607173258,29.0,0.0
buy two,3.5203539607173258,29.0,0.0
to invest,3.5203539607173258,29.0,0.0
nightly i'll,3.5203539607173258,29.0,0.0
hyaluronic acid,3.5203539607173258,29.0,0.0
everyone i'll,3.5203539607173258,29.0,0.0
start tomorrow,3.5203539607173258,29.0,0.0
a session,3.5203539607173258,29.0,0.0
it brings,3.5203539607173258,29.0,0.0
then since,3.5203539607173258,29.0,0.0
neighbour knows,3.5203539607173258,29.0,0.0
i just,3.517365802464192,117.0,64.0
that for,3.5166172587638562,72.0,27.0
until,3.5115864817106597,175.0,118.0
uncle,3.509870871932284,97.0,47.0
tell people,3.5093590102275947,31.0,1.0
him he,3.5093590102275947,31.0,1.0
i'll warn,3.5093590102275947,31.0,1.0
away my,3.5093590102275947,31.0,1.0
detoxifies your,3.5093590102275947,31.0,1.0
today i'll,3.5093590102275947,31.0,1.0
will work,3.5090953944948273,44.0,8.0
day but,3.506665409870238,35.0,3.0
threw,3.506665409870238,35.0,3.0
acne,3.50584767742131,65.0,22.0
everything so,3.505254983978083,33.0,2.0
it's urgent,3.505254983978083,33.0,2.0
sign the,3.505254983978083,33.0,2.0
on i'll,3.505254983978083,33.0,2.0
won't help,3.505254983978083,33.0,2.0
i'll return,3.505254983978083,33.0,2.0
together is,3.505254983978083,33.0,2.0
cold overnight,3.505254983978083,33.0,2.0
thousands,3.5008977803490358,69.0,25.0
is fine,3.4922814435390204,163.0,107.0
bag,3.4907731789427303,78.0,32.0
follow that,3.48552640789915,74.0,29.0
depression,3.48552640789915,74.0,29.0
next month,3.48552640789915,74.0,29.0
to worry,3.482033418816016,56.0,16.0
food store,3.4758570887975613,40.0,6.0
guaranteed i'll,3.4758570887975613,40.0,6.0
gold,3.475111277526705,95.0,46.0
lemon water,3.4745755372704767,63.0,21.0
says putting,3.4744446765171735,126.0,73.0
or my,3.4743666637714314,225.0,169.0
stay,3.472285403777154,117.0,65.0
soak,3.471444604644871,45.0,9.0
try that,3.471444604644871,45.0,9.0
bad,3.467923576762226,272.0,218.0
on all,3.4641106482845245,85.0,38.0
my skin,3.4595646702807445,48.0,11.0
10 000,3.4595513851323854,161.0,106.0
but since,3.4591239332495283,28.0,0.0
safe the,3.4591239332495283,28.0,0.0
anxiety i'll,3.4591239332495283,28.0,0.0
hours every,3.4591239332495283,28.0,0.0
supplement detoxes,3.4591239332495283,28.0,0.0
a month's,3.4591239332495283,28.0,0.0
containers with,3.4591239332495283,28.0,0.0
because it,3.4574380097450943,397.0,354.0
start the,3.4525531137342917,36.0,4.0
instant,3.45131798203423,43.0,8.0
that he,3.45131798203423,43.0,8.0
spray it,3.4480684550400293,30.0,1.0
do exactly,3.4480684550400293,30.0,1.0
do all,3.4480684550400293,30.0,1.0
just go,3.4480684550400293,30.0,1.0
exactly that,3.4480684550400293,30.0,1.0
so coffee,3.4460965486723474,34.0,3.0
showed before,3.4460965486723474,34.0,3.0
one the,3.44422045979154,32.0,2.0
they must,3.44422045979154,32.0,2.0
now i'm,3.44422045979154,32.0,2.0
the detox,3.4328610549051013,41.0,7.0
cure my,3.4280836770597896,49.0,12.0
done,3.4230180000845607,89.0,42.0
dangerous i'll,3.418208594042311,70.0,27.0
to my,3.41766996249463,166.0,112.0
said 10,3.4164351380499784,39.0,6.0
seemed,3.4164351380499784,39.0,6.0
and never,3.414855302246827,96.0,48.0
now i,3.4137129423039156,44.0,9.0
off,3.4123839629047263,357.0,312.0
a sign,3.403845694388249,56.0,17.0
heal,3.403389093707456,63.0,22.0
friend he's,3.3967904934929867,27.0,0.0
go ahead,3.3967904934929867,27.0,0.0
month's supply,3.3967904934929867,27.0,0.0
immediately i'll,3.3967904934929867,27.0,0.0
book it,3.3967904934929867,27.0,0.0
and firms,3.3967904934929867,27.0,0.0
firms skin,3.3967904934929867,27.0,0.0
i'll sell,3.3967904934929867,27.0,0.0
entire body,3.3967904934929867,27.0,0.0
i'm throwing,3.3967904934929867,27.0,0.0
one on,3.3967904934929867,27.0,0.0
use containers,3.3967904934929867,27.0,0.0
better that's,3.3967904934929867,27.0,0.0
miles,3.3966397778335153,339.0,293.0
stick with,3.396274539223928,155.0,102.0
right i'll,3.3953448974788834,76.0,32.0
the hack,3.392715196527018,42.0,8.0
tell them,3.392715196527018,42.0,8.0
give it,3.391603377058443,35.0,4.0
because that,3.391603377058443,35.0,4.0
inspector said,3.386014199792778,127.0,76.0
already bought,3.3856780192024725,29.0,1.0
with retinol,3.3856780192024725,29.0,1.0
tell the,3.3847720895069875,64.0,23.0
accept it,3.384497432017432,33.0,3.0
chronic,3.382526411324326,77.0,33.0
i'll budget,3.3821144141930817,31.0,2.0
sure thing,3.3821144141930817,31.0,2.0
sunscreen,3.378917946035086,144.0,92.0
them and,3.378438738679602,45.0,10.0
never use,3.3784181984655897,118.0,68.0
said to,3.3737993952291587,73.0,30.0
health food,3.37338291043525,40.0,7.0
mom,3.3666949360345617,111.0,62.0
money,3.361342087296951,343.0,299.0
i'll stay,3.356089158830162,38.0,6.0
just wait,3.356089158830162,38.0,6.0
said if,3.3558996442268607,158.0,106.0
perfectly,3.349575200848382,55.0,17.0
swears by,3.345305335861961,46.0,11.0
hack says,3.3437043809367384,52.0,15.0
10,3.343519301043876,678.0,684.0
forwarded message,3.3414758894506287,107.0,59.0
take them,3.34130348332692,36.0,5.0
hours so,3.34130348332692,36.0,5.0
works i,3.3332917397146415,26.0,0.0
heavy duty,3.3332917397146415,26.0,0.0
i'll believe,3.3332917397146415,26.0,0.0
amount it's,3.3332917397146415,26.0,0.0
tonight i'll,3.3332917397146415,26.0,0.0
i ordered,3.3332917397146415,26.0,0.0
urgent i'll,3.3332917397146415,26.0,0.0
no my,3.3332917397146415,26.0,0.0
away all,3.3332917397146415,26.0,0.0
away i'll,3.3332917397146415,26.0,0.0
bloating improves,3.3332917397146415,26.0,0.0
the page,3.333253916476585,41.0,8.0
the expensive,3.333253916476585,41.0,8.0
standard i'll,3.3296230210879485,34.0,4.0
need my,3.3296230210879485,34.0,4.0
max,3.3253287871065518,82.0,38.0
for me,3.3223616114442756,77.0,34.0
better so,3.3221267400147907,28.0,1.0
firms,3.3221267400147907,28.0,1.0
follow her,3.3221267400147907,28.0,1.0
system eliminates,3.3221267400147907,28.0,1.0
month's,3.321815594848823,32.0,3.0
retinol,3.3200067054276277,44.0,10.0
cures back,3.3188796145035595,30.0,2.0
avoid this,3.3188796145035595,30.0,2.0
same,3.316135323245176,236.0,186.0
but it's,3.315131592481649,83.0,39.0
and i'm,3.3129945419303883,39.0,7.0
neighbor said,3.3120741948639125,124.0,75.0
seller,3.3057003408263195,227.0,177.0
a wellness,3.3004076147099646,222.0,172.0
my uncle,3.298320583627197,91.0,46.0
throwing,3.2957872209561567,42.0,9.0
daily and,3.2947779348974233,37.0,6.0
and i,3.2911790519837365,402.0,368.0
just eat,3.2790917934518813,35.0,5.0
recommended it,3.2790917934518813,35.0,5.0
more i'll,3.2790917934518813,35.0,5.0
them on,3.2790917934518813,35.0,5.0
send,3.2773020432797217,189.0,139.0
olive oil,3.275116238858446,111.0,64.0
olive,3.275116238858446,111.0,64.0
ahead,3.2728988796381824,40.0,8.0
thicker,3.2720655577700795,55.0,18.0
always so,3.268559756479022,25.0,0.0
results i'll,3.268559756479022,25.0,0.0
fail i'm,3.268559756479022,25.0,0.0
already ordered,3.268559756479022,25.0,0.0
never so,3.268559756479022,25.0,0.0
memory focus,3.268559756479022,25.0,0.0
oh good,3.268559756479022,25.0,0.0
colds i'll,3.268559756479022,25.0,0.0
required so,3.268559756479022,25.0,0.0
does make,3.268559756479022,25.0,0.0
insomnia i'll,3.268559756479022,25.0,0.0
duty so,3.268559756479022,25.0,0.0
pay for,3.2610873970350545,127.0,79.0
the 200,3.257994092261163,31.0,3.0
photos i'll,3.2573478477497675,27.0,1.0
it's cheap,3.2573478477497675,27.0,1.0
tonight the,3.2573478477497675,27.0,1.0
didn't know,3.2573478477497675,27.0,1.0
month supply,3.2573478477497675,27.0,1.0
so incognito,3.2573478477497675,27.0,1.0
bought one,3.2573478477497675,27.0,1.0
prevent,3.256489677278589,206.0,157.0
make sure,3.2560455617586563,46.0,12.0
get them,3.2560455617586563,46.0,12.0
cure for,3.254453640203378,29.0,2.0
it too,3.254453640203378,29.0,2.0
and heals,3.254453640203378,29.0,2.0
friend the,3.254453640203378,29.0,2.0
bracelets,3.251656503692137,38.0,7.0
my kids,3.251656503692137,38.0,7.0
belly,3.2493004837759223,73.0,32.0
guarantees,3.2493004837759223,73.0,32.0
hack,3.247782577630965,107.0,61.0
into,3.2453430539887997,188.0,139.0
ten,3.2406591575726096,85.0,42.0
fresh,3.2385658567530746,69.0,29.0
together,3.2384390715975884,109.0,63.0
allergies,3.237146068863333,100.0,55.0
centre,3.237146068863333,100.0,55.0
she has,3.2324572518798234,36.0,6.0
and it,3.228042423341855,143.0,95.0
thousands of,3.22793734441914,44.0,11.0
it i'm,3.22793734441914,44.0,11.0
works for,3.2255558946888057,75.0,34.0
it always,3.216104921917844,66.0,27.0
just get,3.215807564136125,34.0,5.0
will help,3.215807564136125,34.0,5.0
cures depression,3.215807564136125,34.0,5.0
i'll upgrade,3.215807564136125,34.0,5.0
sunburn,3.2109882290198937,62.0,24.0
the only,3.2103384618404625,165.0,117.0
scalp but,3.202519763491722,24.0,0.0
little it's,3.202519763491722,24.0,0.0
that now,3.202519763491722,24.0,0.0
that tonight,3.202519763491722,24.0,0.0
mental clarity,3.202519763491722,24.0,0.0
one dose,3.202519763491722,24.0,0.0
dose i'm,3.202519763491722,24.0,0.0
life i'll,3.202519763491722,24.0,0.0
i'm putting,3.202519763491722,24.0,0.0
digestion detoxifies,3.202519763491722,24.0,0.0
first it's,3.202519763491722,24.0,0.0
them now,3.202519763491722,24.0,0.0
them right,3.202519763491722,24.0,0.0
schedule it,3.202519763491722,24.0,0.0
growth factors,3.202519763491722,24.0,0.0
better i'm,3.202519763491722,24.0,0.0
completely i'm,3.202519763491722,24.0,0.0
some on,3.202519763491722,24.0,0.0
mean extra,3.202519763491722,24.0,0.0
no every,3.202519763491722,24.0,0.0
no all,3.202519763491722,24.0,0.0
means no,3.202360865705196,32.0,4.0
all night,3.202360865705196,32.0,4.0
turn it,3.202360865705196,32.0,4.0
pair,3.1994807441576385,48.0,14.0
they'll,3.1973218116192297,138.0,91.0
why i,3.1929709576427445,30.0,3.0
peptides,3.1929709576427445,30.0,3.0
quit my,3.1929709576427445,30.0,3.0
fat and,3.1929709576427445,30.0,3.0
i'll invest,3.1912679657482834,26.0,1.0
boosts memory,3.1912679657482834,26.0,1.0
anyway because,3.1912679657482834,26.0,1.0
they showed,3.189326582777821,37.0,7.0
pull toxins,3.189326582777821,37.0,7.0
cures arthritis,3.188768210318643,28.0,2.0
no point,3.188768210318643,28.0,2.0
help my,3.188768210318643,28.0,2.0
all toxins,3.188768210318643,28.0,2.0
day i'm,3.188768210318643,28.0,2.0
my whole,3.187878411208713,68.0,29.0
bed,3.1788395370104485,127.0,81.0
a new,3.177636783350098,277.0,235.0
with,3.17390393001926,1777.0,2055.0
huge,3.1701321138836898,87.0,45.0
them so,3.1690795946083807,35.0,6.0
burns fat,3.1690795946083807,35.0,6.0
back pain,3.158680632247618,138.0,92.0
garlic,3.1560123622238763,82.0,41.0
attracts,3.1513972426406722,33.0,5.0
in your,3.151137323820577,108.0,64.0
eyesight,3.1493546193717927,38.0,8.0
up i'll,3.1493546193717927,38.0,8.0
several,3.1493546193717927,38.0,8.0
worth,3.1476964672975365,262.0,220.0
is safe,3.144712179809186,153.0,107.0
it thanks,3.1420024909985425,62.0,25.0
podcast said,3.141608800818244,209.0,164.0
it's only,3.1410853006344075,47.0,14.0
microwaving,3.1397462852710945,111.0,67.0
said every,3.137464648018378,44.0,12.0
crystals,3.1369631773816606,31.0,4.0
i'll quit,3.1350891029905834,23.0,0.0
oh i,3.1350891029905834,23.0,0.0
retinol peptides,3.1350891029905834,23.0,0.0
buy some,3.1350891029905834,23.0,0.0
be stranded,3.1350891029905834,23.0,0.0
won't need,3.1350891029905834,23.0,0.0
? got,3.1350891029905834,23.0,0.0
now right,3.1350891029905834,23.0,0.0
bottle brings,3.1350891029905834,23.0,0.0
the secret,3.1350891029905834,23.0,0.0
sugar it's,3.1350891029905834,23.0,0.0
days i'm,3.1350891029905834,23.0,0.0
partner the,3.1350891029905834,23.0,0.0
need labels,3.1350891029905834,23.0,0.0
right labels,3.1350891029905834,23.0,0.0
the same,3.127827458733398,220.0,176.0
them in,3.126775708013432,63.0,26.0
duty,3.126678575194313,29.0,3.0
it's necessary,3.126678575194313,29.0,3.0
remedy says,3.126678575194313,29.0,3.0
amethyst,3.126678575194313,29.0,3.0
it kills,3.1261717796844484,51.0,17.0
it's dangerous,3.1261717796844484,51.0,17.0
by it,3.1259595309357335,36.0,7.0
000 is,3.1240916876442135,86.0,45.0
i'll remember,3.123806163932588,25.0,1.0
toxic i'll,3.123806163932588,25.0,1.0
set an,3.123806163932588,25.0,1.0
i ?,3.123806163932588,25.0,1.0
it instead,3.123806163932588,25.0,1.0
her i'll,3.123806163932588,25.0,1.0
improves mental,3.123806163932588,25.0,1.0
cure arthritis,3.123806163932588,25.0,1.0
dangerous so,3.123806163932588,25.0,1.0
i'll claim,3.123806163932588,25.0,1.0
both but,3.123806163932588,25.0,1.0
the toxins,3.1217483959345103,27.0,2.0
for pain,3.1217483959345103,27.0,2.0
it's best,3.1217483959345103,27.0,2.0
right because,3.1217483959345103,27.0,2.0
sign so,3.1217483959345103,27.0,2.0
so i've,3.1217483959345103,27.0,2.0
oil does,3.1217483959345103,27.0,2.0
loss i'll,3.1217483959345103,27.0,2.0
teeth,3.120551006109788,117.0,73.0
doctor,3.1158549747352473,183.0,138.0
it reduces,3.115501510482141,48.0,15.0
the breeder,3.1122379089049343,39.0,9.0
will go,3.1122379089049343,39.0,9.0
cheap,3.106908080764212,97.0,55.0
guy said,3.1062978914024266,75.0,36.0
dog,3.102779220401737,222.0,179.0
got a,3.101978795916541,109.0,66.0
down,3.101212792947615,221.0,178.0
whitens,3.0926128539776077,83.0,43.0
means it,3.0860823439201446,37.0,8.0
my bedroom,3.085802885942596,32.0,5.0
throw out,3.085802885942596,32.0,5.0
cures it,3.0819161831535418,46.0,14.0
make me,3.0819161831535418,46.0,14.0
the website,3.0819161831535418,46.0,14.0
disappear,3.0777092616971586,40.0,10.0
raw,3.076946293185382,144.0,100.0
book a,3.07692125490804,43.0,12.0
hair grow,3.07692125490804,43.0,12.0
both,3.07477914041993,148.0,104.0
because it's,3.074768052537784,251.0,211.0
okay i,3.073811257158801,62.0,26.0
by balancing,3.0703020327996158,30.0,4.0
the pain,3.0703020327996158,30.0,4.0
you mentioned,3.0703020327996158,30.0,4.0
that's good,3.0703020327996158,30.0,4.0
the contractor,3.0664641897930345,58.0,23.0
peptides vitamin,3.0661760265969393,22.0,0.0
unprepared,3.0661760265969393,22.0,0.0
be unprepared,3.0661760265969393,22.0,0.0
and told,3.0661760265969393,22.0,0.0
so lemon,3.0661760265969393,22.0,0.0
i'll force,3.0661760265969393,22.0,0.0
balancing your,3.0661760265969393,22.0,0.0
put some,3.0661760265969393,22.0,0.0
body reverses,3.0661760265969393,22.0,0.0
months so,3.0661760265969393,22.0,0.0
unprepared i'm,3.0661760265969393,22.0,0.0
inflammation i'm,3.0661760265969393,22.0,0.0
company knows,3.0661760265969393,22.0,0.0
one right,3.0661760265969393,22.0,0.0
applying,3.0622069309844693,124.0,81.0
fine so,3.0615067633031767,35.0,7.0
that's fine,3.059042949965194,28.0,3.0
the brown,3.059042949965194,28.0,3.0
wait until,3.0566271777541503,47.0,15.0
pain should,3.0548728317085683,24.0,1.0
best so,3.0548728317085683,24.0,1.0
weeks i'm,3.0548728317085683,24.0,1.0
said honey,3.0548728317085683,24.0,1.0
like he,3.0548728317085683,24.0,1.0
everything the,3.0548728317085683,24.0,1.0
that is,3.0533609419976537,98.0,57.0
it weekly,3.0533116932076196,26.0,2.0
video that,3.0533116932076196,26.0,2.0
dog to,3.0533116932076196,26.0,2.0
on it,3.0465444015633008,135.0,92.0
and improve,3.0457091211232634,55.0,21.0
you sleep,3.045532911169247,41.0,11.0
10 minutes,3.0429964877283098,139.0,96.0
is broken,3.0389446955710695,33.0,6.0
fine i,3.0389446955710695,33.0,6.0
for her,3.0328255896459586,48.0,16.0
containers,3.0271783146819566,71.0,34.0
did it,3.026858025422401,52.0,19.0
said drinking,3.0217497066281496,36.0,8.0
belly fat,3.020688005986779,66.0,30.0
said 30,3.0189616584546446,31.0,5.0
and works,3.0189616584546446,31.0,5.0
only buy,3.0189616584546446,31.0,5.0
and safe,3.0155002954932675,42.0,12.0
we don't,3.0155002954932675,42.0,12.0
my knee,3.0148174949411177,39.0,10.0
keep them,3.0148174949411177,39.0,10.0
i'll install,3.0114810535349856,57.0,23.0
immunity,3.0104000942580753,49.0,17.0
the time,3.005380807534885,80.0,42.0
milk,3.005225732912078,139.0,97.0
my medication,3.0023058645486467,29.0,4.0
install it,3.0023058645486467,29.0,4.0
return it,3.0023058645486467,29.0,4.0
and feel,3.0023058645486467,29.0,4.0
that since,2.9956782308377656,21.0,0.0
said incognito,2.9956782308377656,21.0,0.0
c hyaluronic,2.9956782308377656,21.0,0.0
one today,2.9956782308377656,21.0,0.0
both no,2.9956782308377656,21.0,0.0
use sugar,2.9956782308377656,21.0,0.0
so ice,2.9956782308377656,21.0,0.0
centre knows,2.9956782308377656,21.0,0.0
store knows,2.9956782308377656,21.0,0.0
garden centre,2.9942599164865227,90.0,51.0
same i'll,2.989982854536315,27.0,3.0
my eyes,2.989982854536315,27.0,3.0
the comment,2.989982854536315,27.0,3.0
while you,2.984985788560611,37.0,9.0
my desk,2.984985788560611,37.0,9.0
bottles,2.984985788560611,37.0,9.0
my body,2.984985788560611,37.0,9.0
cure i'll,2.984985788560611,37.0,9.0
i'll soak,2.9843683265325125,23.0,1.0
it's healthy,2.9843683265325125,23.0,1.0
fat i'm,2.9843683265325125,23.0,1.0
it this,2.9843683265325125,23.0,1.0
it detoxes,2.9843683265325125,23.0,1.0
showed the,2.9843683265325125,23.0,1.0
will start,2.9843683265325125,23.0,1.0
that's proof,2.9843683265325125,23.0,1.0
coconut,2.9838713814913067,92.0,53.0
the proven,2.9833669258267737,25.0,2.0
natural safe,2.9833669258267737,25.0,2.0
heals it,2.9833669258267737,25.0,2.0
said olive,2.9833669258267737,25.0,2.0
mind,2.9829030214832284,40.0,11.0
heavy,2.980706883422495,76.0,39.0
ruins,2.9805899028021337,124.0,83.0
and prevents,2.977511618602616,84.0,46.0
dark,2.976391095103588,106.0,66.0
jar,2.972072607126107,32.0,6.0
told,2.9714448125292297,622.0,643.0
coconut oil,2.9712431981036374,85.0,47.0
the microwave,2.964762160216418,78.0,41.0
new,2.962435180884824,545.0,552.0
3,2.9615547812216536,517.0,519.0
vinegar,2.959461605741052,277.0,244.0
four,2.9582737876708274,113.0,73.0
i'll accept,2.9563074071631226,35.0,8.0
i'll change,2.950920730444164,38.0,10.0
it out,2.94543711758471,120.0,80.0
grain free,2.943276021872458,81.0,44.0
is always,2.94229961735376,225.0,188.0
extra safe,2.9404121767097706,57.0,24.0
it says,2.9367077843081772,82.0,45.0
everything to,2.932896390003983,28.0,4.0
use both,2.932896390003983,28.0,4.0
to throw,2.932896390003983,28.0,4.0
spoonful,2.9306222154873636,49.0,18.0
every hour,2.9291309764213582,33.0,7.0
bad and,2.9291309764213582,33.0,7.0
class,2.9257046296532554,58.0,25.0
means i,2.9254193217693425,42.0,13.0
amount,2.9237313917823626,109.0,70.0
today so,2.9234810746096227,20.0,0.0
acid growth,2.9234810746096227,20.0,0.0
morning but,2.9234810746096227,20.0,0.0
rule because,2.9234810746096227,20.0,0.0
it's essential,2.9234810746096227,20.0,0.0
realigning your,2.9234810746096227,20.0,0.0
aging improves,2.9234810746096227,20.0,0.0
saying artificial,2.9234810746096227,20.0,0.0
boosts my,2.9234810746096227,20.0,0.0
still buy,2.9234810746096227,20.0,0.0
start tonight,2.9234810746096227,20.0,0.0
no both,2.9234810746096227,20.0,0.0
time so,2.9194088263403692,26.0,3.0
will come,2.9194088263403692,26.0,3.0
page said,2.9194088263403692,26.0,3.0
will follow,2.9194088263403692,26.0,3.0
today and,2.9194088263403692,26.0,3.0
wait for,2.9133982607661304,46.0,16.0
it's automatic,2.9121813414073876,22.0,1.0
minutes i'll,2.9121813414073876,22.0,1.0
improve circulation,2.9121813414073876,22.0,1.0
them it's,2.9121813414073876,22.0,1.0
i'll remove,2.911812937453137,24.0,2.0
presentation,2.911812937453137,24.0,2.0
expensive one,2.911812937453137,24.0,2.0
60 in,2.911812937453137,24.0,2.0
add them,2.911812937453137,24.0,2.0
said 20,2.911812937453137,24.0,2.0
necessary i'll,2.911812937453137,24.0,2.0
so vinegar,2.911812937453137,24.0,2.0
through,2.9049139444981833,206.0,169.0
keep taking,2.903912908414073,31.0,6.0
said eating,2.903912908414073,31.0,6.0
tip says,2.903912908414073,31.0,6.0
it is,2.90292365902171,368.0,349.0
said my,2.8989108050586627,315.0,289.0
blocks,2.897876040684953,89.0,52.0
expensive,2.897102434942716,102.0,64.0
every month,2.8953430086147685,80.0,44.0
it makes,2.8938249116885615,66.0,32.0
a spoonful,2.89168041967943,47.0,17.0
a spa,2.8898872859593765,40.0,12.0
store clerk,2.889028741085138,81.0,45.0
remedy,2.889028741085138,81.0,45.0
colds,2.888791738133642,91.0,54.0
on every,2.8859753765794838,37.0,10.0
pounds,2.885847130797495,61.0,28.0
only way,2.884581599454219,56.0,24.0
i think,2.8818215550636475,74.0,39.0
stranded,2.8812592392691734,29.0,5.0
eyes,2.877209007480338,83.0,47.0
app,2.8761502283717246,442.0,436.0
will get,2.8750432308439984,52.0,21.0
take a,2.873963881801312,68.0,34.0
they work,2.8738482173159214,62.0,29.0
weight,2.873034225285511,188.0,151.0
to work,2.871255000057787,48.0,18.0
feet,2.87084146761038,114.0,76.0
worker,2.8627386582835275,98.0,61.0
need it,2.8624926955267433,41.0,13.0
grapefruit,2.8624926955267433,41.0,13.0
grows,2.8624926955267433,41.0,13.0
avoiding,2.8624926955267433,41.0,13.0
and you,2.8619800407566305,213.0,178.0
ions,2.8610908198953178,32.0,7.0
and start,2.8610908198953178,32.0,7.0
face,2.8600241872587713,77.0,42.0
buying a,2.8600241872587713,77.0,42.0
them for,2.8585326669952305,53.0,22.0
earwax,2.8546731320840313,38.0,11.0
bath,2.853412040184434,35.0,9.0
one to,2.853412040184434,35.0,9.0
it's normal,2.853412040184434,35.0,9.0
pour,2.85248290846812,45.0,16.0
put one,2.847221982972683,25.0,3.0
circulation and,2.847221982972683,25.0,3.0
it immediately,2.847221982972683,25.0,3.0
reduces inflammation,2.847221982972683,25.0,3.0
proven to,2.8419336926169834,106.0,69.0
close,2.8392399451305903,91.0,55.0
broken and,2.8385370235339025,23.0,2.0
it there,2.8385370235339025,23.0,2.0
labels i'll,2.8385370235339025,23.0,2.0
good enough,2.8385370235339025,23.0,2.0
drink more,2.8385370235339025,23.0,2.0
trust his,2.8385370235339025,23.0,2.0
tomorrow i'll,2.8381869169060305,21.0,1.0
so maybe,2.8381869169060305,21.0,1.0
realigning,2.8381869169060305,21.0,1.0
remember that,2.8381869169060305,21.0,1.0
bacteria i'll,2.8381869169060305,21.0,1.0
and drink,2.8381869169060305,21.0,1.0
they cure,2.8381869169060305,21.0,1.0
started doing,2.8381869169060305,21.0,1.0
need a,2.8371664982940534,441.0,437.0
love,2.836936376247341,42.0,14.0
she showed,2.8343954203867305,30.0,6.0
my scalp,2.8343954203867305,30.0,6.0
says it's,2.8333630689735987,199.0,164.0
water every,2.8256206640738735,39.0,12.0
and it'll,2.8218778737861117,33.0,8.0
inflammation and,2.8218778737861117,33.0,8.0
longer,2.820308749925169,123.0,86.0
like the,2.816822994056857,51.0,21.0
as the,2.813066299717329,68.0,35.0
30,2.8111988947020055,467.0,469.0
they do,2.8111245080532465,47.0,18.0
negative ions,2.8102422700008765,28.0,5.0
reduces anxiety,2.8102422700008765,28.0,5.0
it covers,2.8102422700008765,28.0,5.0
because they,2.8068278986843933,185.0,150.0
not to,2.8056031705886,87.0,52.0
celery,2.7986104841636115,40.0,13.0
next time,2.7922971496777143,48.0,19.0
change it,2.791729743106521,31.0,7.0
and toxins,2.791729743106521,31.0,7.0
absorbs,2.7907290960024964,44.0,16.0
an alarm,2.7894853486679634,26.0,4.0
of them,2.7894853486679634,26.0,4.0
insoles,2.7894853486679634,26.0,4.0
infomercial,2.7894853486679634,26.0,4.0
claim to,2.7889885743449763,37.0,11.0
good for,2.7883383551005037,58.0,27.0
glasses,2.7881159048947355,148.0,112.0
pulls,2.7858778770676635,34.0,9.0
work better,2.7858778770676635,34.0,9.0
drive,2.7840302190152095,189.0,155.0
is the,2.776792730558087,687.0,735.0
make my,2.7745835240280474,49.0,20.0
still avoid,2.7733126142022946,24.0,3.0
cut them,2.7733126142022946,24.0,3.0
put in,2.7733126142022946,24.0,3.0
pillow,2.769814210727315,45.0,17.0
cancel my,2.763443756194298,29.0,6.0
it's good,2.763443756194298,29.0,6.0
switching to,2.763413036996135,22.0,2.0
back i'll,2.763413036996135,22.0,2.0
small fee,2.763413036996135,22.0,2.0
by reducing,2.763413036996135,22.0,2.0
spiritual,2.763413036996135,22.0,2.0
right that,2.763413036996135,22.0,2.0
earthing,2.763413036996135,22.0,2.0
tried it,2.763413036996135,22.0,2.0
bought it,2.7622439990234278,20.0,1.0
like she,2.7622439990234278,20.0,1.0
day i,2.7622439990234278,20.0,1.0
to grain,2.7622439990234278,20.0,1.0
warn my,2.7622439990234278,20.0,1.0
by realigning,2.7622439990234278,20.0,1.0
since my,2.7622439990234278,20.0,1.0
it again,2.7622439990234278,20.0,1.0
i'll pour,2.7622439990234278,20.0,1.0
said 50,2.7622439990234278,20.0,1.0
expert said,2.7622439990234278,20.0,1.0
weight i'll,2.7622439990234278,20.0,1.0
incognito does,2.7622439990234278,20.0,1.0
urgent,2.7579038240239986,50.0,21.0
pills,2.7579038240239986,50.0,21.0
this,2.7576182895826737,784.0,855.0
feel better,2.75277211563403,32.0,8.0
universe,2.75277211563403,32.0,8.0
inside,2.7527707136052832,68.0,36.0
turmeric,2.7527492736736945,35.0,10.0
lots,2.7527492736736945,35.0,10.0
is standard,2.7527492736736945,35.0,10.0
a mechanic,2.752404325363161,345.0,330.0
next week,2.750006358723217,42.0,15.0
diabetes,2.750006358723217,42.0,15.0
bleach,2.7467868462494436,141.0,106.0
removes all,2.744602278370676,56.0,26.0
it's standard,2.742185686859188,51.0,22.0
c,2.7413352338727384,120.0,85.0
the tea,2.7376652134758532,27.0,5.0
the 300,2.7376652134758532,27.0,5.0
cayenne,2.7376652134758532,27.0,5.0
aging,2.734568540923375,63.0,32.0
and i'll,2.731802981392264,47.0,19.0
looks,2.729917340543054,95.0,61.0
body and,2.7221964848475375,36.0,11.0
my cat,2.7221964848475375,36.0,11.0
my trip,2.7221964848475375,36.0,11.0
the course,2.720976385459264,30.0,7.0
believe it,2.720976385459264,30.0,7.0
and wait,2.720976385459264,30.0,7.0
my back,2.720976385459264,30.0,7.0
safe and,2.7200765415267036,83.0,50.0
boosts metabolism,2.7171037057013816,33.0,9.0
i won,2.7171037057013816,33.0,9.0
meds,2.7171037057013816,33.0,9.0
they need,2.7171037057013816,33.0,9.0
them out,2.7171037057013816,33.0,9.0
i'll plant,2.7152848763320834,25.0,4.0
my daughter,2.7152848763320834,25.0,4.0
so my,2.712530785916782,143.0,109.0
walk,2.7000320725210223,76.0,44.0
salt,2.6978154152699134,203.0,173.0
proof i'll,2.6975584980357707,23.0,3.0
that she,2.6975584980357707,23.0,3.0
on everything,2.6975584980357707,23.0,3.0
year so,2.6975584980357707,23.0,3.0
confirmed it,2.6975584980357707,23.0,3.0
the rep,2.6975584980357707,23.0,3.0
standard so,2.6939626921373847,37.0,12.0
blood,2.692699235505273,155.0,122.0
job,2.6921876247590806,212.0,183.0
start drinking,2.6909745599733284,28.0,6.0
we can't,2.6909745599733284,28.0,6.0
expect to,2.6909745599733284,28.0,6.0
detox tea,2.6884715998308253,45.0,18.0
always works,2.6884715998308253,45.0,18.0
saw that,2.686299082205324,21.0,2.0
thing i'll,2.686299082205324,21.0,2.0
i sleep,2.686299082205324,21.0,2.0
artificial sweeteners,2.686299082205324,21.0,2.0
sweeteners,2.686299082205324,21.0,2.0
just have,2.686299082205324,21.0,2.0
said microwaving,2.686299082205324,21.0,2.0
faster so,2.686299082205324,21.0,2.0
? perfect,2.686299082205324,21.0,2.0
it they,2.686299082205324,21.0,2.0
migraines,2.686020902272541,41.0,15.0
vitamin c,2.6851151141804612,79.0,47.0
wouldn't,2.6843652059407956,34.0,10.0
teething,2.6843652059407956,34.0,10.0
thick,2.6843652059407956,34.0,10.0
lots of,2.6843652059407956,34.0,10.0
it's healthier,2.6841924102854353,19.0,1.0
miles i've,2.6841924102854353,19.0,1.0
time the,2.6841924102854353,19.0,1.0
them daily,2.6841924102854353,19.0,1.0
it burns,2.6841924102854353,19.0,1.0
should work,2.6841924102854353,19.0,1.0
best for,2.6829735092709672,50.0,22.0
win,2.6829735092709672,50.0,22.0
my plants,2.6823187398775863,31.0,8.0
the universe,2.6823187398775863,31.0,8.0
cures anxiety,2.6823187398775863,31.0,8.0
garden,2.6816521467731014,168.0,136.0
nutrients,2.6806317223128873,80.0,48.0
top,2.6792266562749383,70.0,39.0
white,2.676846673767151,143.0,110.0
sick,2.672822360627232,71.0,40.0
doubles,2.672822360627232,71.0,40.0
chocolate,2.6723375103937688,82.0,50.0
dad,2.670806210973502,102.0,69.0
out toxins,2.6678238478922665,38.0,13.0
hit,2.6647634588423137,57.0,28.0
he has,2.664584847060814,42.0,16.0
the cold,2.664584847060814,42.0,16.0
one in,2.663430098643569,26.0,5.0
them because,2.663430098643569,26.0,5.0
so every,2.663430098643569,26.0,5.0
store guy,2.663430098643569,26.0,5.0
the company,2.661577210104648,114.0,81.0
green,2.660964216497167,73.0,42.0
house,2.659405084910585,239.0,214.0
stuff,2.655013248938214,52.0,24.0
coming,2.655013248938214,52.0,24.0
the safe,2.6542470663413433,35.0,11.0
scared,2.6487531856227413,29.0,7.0
reminder,2.6487531856227413,29.0,7.0
20 minutes,2.644250450586243,59.0,30.0
three days,2.644250450586243,59.0,30.0
i'll let,2.639270617715698,24.0,4.0
candling,2.639270617715698,24.0,4.0
showed it,2.639270617715698,24.0,4.0
quartz,2.639270617715698,24.0,4.0
spots,2.6378827229562383,48.0,21.0
every 3,2.6375444388234963,140.0,108.0
is needed,2.634814264694427,60.0,31.0
thing,2.6347237239431216,189.0,160.0
plants,2.634077033530419,137.0,105.0
charge,2.632690554559924,175.0,145.0
pack,2.6275262178311802,69.0,39.0
thinking,2.6258948436021283,44.0,18.0
the phone,2.6258835206373803,61.0,32.0
tape,2.6242640440726688,81.0,50.0
i'll send,2.6214434596413887,70.0,40.0
stopped,2.621069711058706,40.0,15.0
cured her,2.619822873119172,22.0,3.0
i'm taking,2.619822873119172,22.0,3.0
skip my,2.619822873119172,22.0,3.0
use butter,2.619822873119172,22.0,3.0
i'll unplug,2.619822873119172,22.0,3.0
the info,2.619822873119172,22.0,3.0
i drink,2.6168966256039154,27.0,6.0
rebuilds,2.6168966256039154,27.0,6.0
before every,2.6147252457443004,33.0,10.0
000 miles,2.613103674697821,257.0,236.0
we have,2.6104457846446367,30.0,8.0
whenever,2.607034684051452,20.0,2.0
then it,2.607034684051452,20.0,2.0
good the,2.607034684051452,20.0,2.0
the remedy,2.607034684051452,20.0,2.0
most expensive,2.607034684051452,20.0,2.0
let him,2.607034684051452,20.0,2.0
metabolism,2.6031895339676616,88.0,57.0
for 20,2.6018519690811703,64.0,35.0
video saying,2.600835508172647,37.0,13.0
just need,2.600129541361252,41.0,16.0
and see,2.5946805477311146,65.0,36.0
dogs,2.5929255307133943,93.0,62.0
they are,2.592060706473688,46.0,20.0
the window,2.592060706473688,46.0,20.0
destroys,2.591277061797008,94.0,63.0
i put,2.588340577021735,58.0,30.0
fix my,2.588340577021735,58.0,30.0
budget for,2.5874288952857936,25.0,5.0
it's completely,2.5874288952857936,25.0,5.0
burn fat,2.5874288952857936,25.0,5.0
stop drinking,2.5874288952857936,25.0,5.0
weeks so,2.5874288952857936,25.0,5.0
the recruiter,2.58508700195653,34.0,11.0
eat it,2.58508700195653,34.0,11.0
two hours,2.583625056125547,52.0,25.0
funds,2.5829649881080186,101.0,70.0
completely safe,2.5814675963048015,67.0,38.0
we should,2.580628269409812,42.0,17.0
ad for,2.576735280418963,47.0,21.0
will definitely,2.5758505692745564,80.0,50.0
it fixes,2.5755833173307643,31.0,9.0
works every,2.5755833173307643,31.0,9.0
10 pounds,2.5755833173307643,31.0,9.0
is all,2.574975638991448,28.0,7.0
foot pads,2.574975638991448,28.0,7.0
for every,2.56946315921786,82.0,52.0
lasts,2.56946315921786,82.0,52.0
for it,2.562678780981865,61.0,33.0
go away,2.561313851048092,23.0,4.0
exactly 10,2.561313851048092,23.0,4.0
friend who,2.561313851048092,23.0,4.0
can stop,2.561313851048092,23.0,4.0
to hit,2.561313851048092,23.0,4.0
my teeth,2.561313851048092,23.0,4.0
electrons,2.561313851048092,23.0,4.0
trick,2.55905547451642,71.0,42.0
of it,2.5578336436000044,35.0,12.0
the system,2.5578336436000044,35.0,12.0
out my,2.5578336436000044,35.0,12.0
chemicals,2.5541963935463636,72.0,43.0
stays,2.5454755998083085,44.0,19.0
all four,2.5437676584787594,32.0,10.0
means it's,2.5437676584787594,32.0,10.0
my dad,2.5416020373005432,97.0,67.0
your eyesight,2.5411098721461407,26.0,6.0
in it,2.5411098721461407,26.0,6.0
my grandmother,2.5410377948994523,64.0,36.0
antioxidants,2.539951979572094,21.0,3.0
it gives,2.539951979572094,21.0,3.0
it everywhere,2.539951979572094,21.0,3.0
it increases,2.539951979572094,21.0,3.0
this morning,2.539951979572094,21.0,3.0
days so,2.539951979572094,21.0,3.0
soda,2.5381276012298866,186.0,160.0
gets,2.537619486576748,111.0,81.0
rid,2.53707515756179,29.0,8.0
kills bacteria,2.53707515756179,29.0,8.0
rid of,2.53707515756179,29.0,8.0
i'm thinking,2.53707515756179,29.0,8.0
melt,2.53707515756179,29.0,8.0
in every,2.536231002523878,50.0,24.0
to save,2.536231002523878,50.0,24.0
is guaranteed,2.5347057815993876,40.0,16.0
oxygen,2.532723328276584,36.0,13.0
eggs,2.5302983963418417,78.0,49.0
ruined,2.5296215023723465,45.0,20.0
will never,2.5296215023723465,45.0,20.0
1 000,2.5285357979521534,66.0,38.0
hours is,2.5270913749930375,79.0,50.0
cure the,2.525437280895066,19.0,2.0
pain i,2.525437280895066,19.0,2.0
sign i'll,2.525437280895066,19.0,2.0
fluent by,2.525437280895066,19.0,2.0
my brain,2.525437280895066,19.0,2.0
employee said,2.524410925693126,220.0,198.0
turning,2.524344853924514,51.0,25.0
and just,2.5228034980004086,67.0,39.0
to eat,2.514797754822752,46.0,21.0
it that,2.5146591178978803,33.0,11.0
250,2.5146591178978803,33.0,11.0
plastic wrap,2.5131759705643573,52.0,26.0
every room,2.5095457291070096,37.0,14.0
i tried,2.509542072929849,24.0,5.0
flushes out,2.509542072929849,24.0,5.0
knew,2.509542072929849,24.0,5.0
my liver,2.509542072929849,24.0,5.0
luck,2.509542072929849,24.0,5.0
lottery,2.509542072929849,24.0,5.0
force myself,2.509542072929849,24.0,5.0
by 60,2.5026983494033637,30.0,9.0
sleeping,2.5001598681102157,61.0,34.0
claim it,2.4995514413109543,27.0,7.0
tired,2.4995514413109543,27.0,7.0
rose,2.4995514413109543,27.0,7.0
the kit,2.4995514413109543,27.0,7.0
he'll,2.4995514413109543,27.0,7.0
acid,2.4981140673251274,114.0,85.0
bones,2.4980940311066995,42.0,18.0
in the,2.497036383580547,584.0,629.0
the agent,2.4908852637505334,74.0,46.0
until the,2.4881171122941015,38.0,15.0
as fast,2.4881171122941015,38.0,15.0
timer,2.4881171122941015,38.0,15.0
ear candling,2.4812707580915965,22.0,4.0
the cleanse,2.4812707580915965,22.0,4.0
and reduce,2.4812707580915965,22.0,4.0
daily to,2.4812707580915965,22.0,4.0
accurate i'll,2.4812707580915965,22.0,4.0
used it,2.4812707580915965,22.0,4.0
scalp,2.4808964062005874,77.0,49.0
still get,2.471425925841744,31.0,10.0
balancing,2.471425925841744,31.0,10.0
the blogger,2.471425925841744,31.0,10.0
broken,2.469763096395004,66.0,39.0
fix it,2.469763096395004,66.0,39.0
toxic,2.4691339970410855,124.0,96.0
listen,2.468276289932889,39.0,16.0
as,2.4675353785481824,1010.0,1161.0
lot of,2.4665736976706323,57.0,31.0
for 10,2.4661266159063797,83.0,55.0
put all,2.463504147263526,25.0,6.0
blood flow,2.463504147263526,25.0,6.0
daughter,2.463504147263526,25.0,6.0
it away,2.463504147263526,25.0,6.0
my name,2.463504147263526,25.0,6.0
totally,2.463438167608013,35.0,13.0
cheapest,2.463438167608013,35.0,13.0
thinking of,2.462121919818107,28.0,8.0
tried,2.462121919818107,28.0,8.0
do them,2.457772052988246,20.0,3.0
plan my,2.457772052988246,20.0,3.0
homeopathic,2.457772052988246,20.0,3.0
my team,2.457772052988246,20.0,3.0
it never,2.457772052988246,20.0,3.0
monthly,2.4553175611358444,111.0,83.0
to keep,2.454609200981894,110.0,82.0
think,2.4519906896853674,105.0,77.0
is from,2.4436437608534494,52.0,27.0
workouts,2.4429020053186794,32.0,11.0
a case,2.4429020053186794,32.0,11.0
bracelet improves,2.441297836536649,18.0,2.0
i'm making,2.441297836536649,18.0,2.0
one he,2.441297836536649,18.0,2.0
keep wearing,2.441297836536649,18.0,2.0
proves it,2.441297836536649,18.0,2.0
000 so,2.441297836536649,18.0,2.0
problem i'll,2.441297836536649,18.0,2.0
so microwaving,2.441297836536649,18.0,2.0
makes the,2.4408569717972464,36.0,14.0
i am,2.4408569717972464,36.0,14.0
as i,2.4408569717972464,36.0,14.0
protected,2.4408569717972464,36.0,14.0
rice,2.435511337609252,145.0,119.0
photos,2.4354568101932363,191.0,169.0
cure it,2.429636892620268,23.0,5.0
vitamin,2.4289784571269046,179.0,156.0
a timer,2.4282947442793357,29.0,9.0
the advisor,2.4282947442793357,29.0,9.0
egg,2.4282947442793357,29.0,9.0
the cheapest,2.4282947442793357,29.0,9.0
your face,2.4282947442793357,29.0,9.0
fix the,2.426229131335152,47.0,23.0
bigger,2.426229131335152,47.0,23.0
team,2.426229131335152,47.0,23.0
booking,2.425403342592583,54.0,29.0
eye,2.424523985324848,140.0,114.0
natural so,2.4223794970774644,26.0,7.0
stop the,2.4223794970774644,26.0,7.0
24 hours,2.4217529755503646,80.0,53.0
neighbour said,2.4180816895003723,82.0,55.0
stomach,2.4180816895003723,82.0,55.0
balances,2.4169406055925853,42.0,19.0
put my,2.416822798773956,33.0,12.0
an hour,2.416257456641232,65.0,39.0
they can,2.416257456641232,65.0,39.0
improve,2.416046062958289,194.0,173.0
growth,2.4136941322873917,85.0,58.0
counter,2.407164094829069,67.0,41.0
at night,2.407050631046346,95.0,68.0
a shop,2.406094005462329,131.0,105.0
i start,2.4021842782237526,43.0,20.0
the plumber,2.4021842782237526,43.0,20.0
saw it,2.398979931882749,21.0,4.0
it doubles,2.398979931882749,21.0,4.0
they never,2.398979931882749,21.0,4.0
metals,2.397628241946423,30.0,10.0
15,2.395964390864126,178.0,156.0
it doesn't,2.395591440197303,70.0,44.0
coffee,2.3941535044419266,270.0,260.0
my sleep,2.3929275441200906,34.0,13.0
up for,2.3929275441200906,34.0,13.0
buying the,2.3929275441200906,34.0,13.0
more,2.3902036560647386,711.0,793.0
i'll skip,2.3878267616626543,185.0,164.0
to switch,2.385493463634852,27.0,8.0
i'm using,2.385493463634852,27.0,8.0
double the,2.385493463634852,27.0,8.0
super,2.3839578230722966,24.0,6.0
says i'll,2.3839578230722966,24.0,6.0
the body,2.3839578230722966,24.0,6.0
it stops,2.3839578230722966,24.0,6.0
one i,2.3839578230722966,24.0,6.0
i'll also,2.3839578230722966,24.0,6.0
friday,2.3839578230722966,24.0,6.0
therapy,2.3839359166300844,51.0,27.0
8,2.379947957419356,162.0,139.0
summer,2.3771248272190335,61.0,36.0
50,2.3764290112180153,320.0,319.0
switching,2.375006764057923,52.0,28.0
then it's,2.3730856188287888,19.0,3.0
everywhere i'll,2.3730856188287888,19.0,3.0
months the,2.3730856188287888,19.0,3.0
said 5,2.3730856188287888,19.0,3.0
daily but,2.3730856188287888,19.0,3.0
drain it,2.3730856188287888,19.0,3.0
cat,2.371843068372414,62.0,37.0
and removes,2.3709912189074203,35.0,14.0
says applying,2.369749595397052,31.0,11.0
lavender,2.369749595397052,31.0,11.0
toxins from,2.3665490713302337,40.0,18.0
24,2.3639480445400722,100.0,74.0
grain,2.362722530823327,89.0,63.0
matter what,2.3620980331179973,95.0,69.0
5,2.361938111573072,355.0,361.0
friend says,2.3608046421894406,451.0,476.0
clarity,2.3522877113976937,28.0,9.0
let,2.351759106187054,122.0,97.0
fatigue,2.3515097281808224,55.0,31.0
perfect i'll,2.3508186559501625,36.0,15.0
it whitens,2.3475653702302077,22.0,5.0
for 300,2.3475653702302077,22.0,5.0
week i,2.3475653702302077,22.0,5.0
makes your,2.344662455281411,56.0,32.0
to every,2.343348766531722,25.0,7.0
wearing a,2.343348766531722,25.0,7.0
forwarded,2.3428903807990036,117.0,92.0
for two,2.3422413695127786,48.0,25.0
worried,2.337611069055971,71.0,46.0
time i,2.3371275967764586,42.0,20.0
clients,2.3325648078764742,49.0,26.0
i take,2.3325648078764742,49.0,26.0
to it,2.3322397673066044,37.0,16.0
the full,2.328478111115618,75.0,50.0
have to,2.3248530737364033,154.0,132.0
i'm worried,2.323982481548146,43.0,21.0
out the,2.32353484432766,50.0,27.0
emf,2.3222969422465805,29.0,10.0
to take,2.321455042134582,60.0,36.0
sun,2.321455042134582,60.0,36.0
anymore,2.321135328441133,33.0,13.0
they will,2.321135328441133,33.0,13.0
gave,2.319048262793159,82.0,57.0
once a,2.3163522945155433,92.0,67.0
a bag,2.314259347750708,20.0,4.0
into your,2.314259347750708,20.0,4.0
call saying,2.314259347750708,20.0,4.0
unsafe i'll,2.314259347750708,20.0,4.0
influencer says,2.3094588498572937,219.0,205.0
stronger,2.3078110686868616,63.0,39.0
so they're,2.3070885637599936,26.0,8.0
detox foot,2.3070885637599936,26.0,8.0
won a,2.3070885637599936,26.0,8.0
them to,2.3038784248620785,64.0,40.0
night and,2.302336140059753,23.0,6.0
overnight and,2.302336140059753,23.0,6.0
artificial,2.302336140059753,23.0,6.0
cut it,2.302336140059753,23.0,6.0
anything else,2.302336140059753,23.0,6.0
past,2.299906605600847,53.0,30.0
to move,2.2998966224630437,34.0,14.0
has to,2.2998966224630437,34.0,14.0
i never,2.2998966224630437,34.0,14.0
felt,2.295130680609381,30.0,11.0
for exactly,2.295130680609381,30.0,11.0
dries,2.295130680609381,30.0,11.0
are bad,2.295130680609381,30.0,11.0
got an,2.293062590073462,54.0,31.0
employee,2.288174382723174,302.0,302.0
grandmother,2.288153715879742,69.0,45.0
tiktok,2.2876474556580253,127.0,104.0
to put,2.2866811817984765,55.0,32.0
before bed,2.2866811817984765,55.0,32.0
three month,2.285666882353591,18.0,3.0
that why,2.285666882353591,18.0,3.0
taking my,2.285666882353591,18.0,3.0
now my,2.285666882353591,18.0,3.0
replace mine,2.285666882353591,18.0,3.0
it permanently,2.285666882353591,18.0,3.0
i'm about,2.285666882353591,18.0,3.0
is bad,2.284103911339057,105.0,81.0
avoid the,2.2804251353553684,35.0,15.0
to go,2.2804251353553684,35.0,15.0
radiation,2.2778137701219143,100.0,76.0
powder,2.2763967736728845,75.0,51.0
speed up,2.2745849807825396,27.0,9.0
all windows,2.2745849807825396,27.0,9.0
entire,2.2738565721140542,96.0,72.0
trip,2.2719520292588373,79.0,55.0
mg,2.2711371959871234,41.0,20.0
your entire,2.2711371959871234,41.0,20.0
mentioned,2.2711371959871234,41.0,20.0
lemon juice,2.2709166046717244,48.0,26.0
duct tape,2.2709166046717244,48.0,26.0
wax,2.269706141899588,83.0,59.0
no matter,2.2695620823097786,119.0,96.0
fish,2.2692976671424487,85.0,61.0
20 i'll,2.2631618330617918,21.0,5.0
happening,2.2631618330617918,21.0,5.0
reduce inflammation,2.2631618330617918,21.0,5.0
a reminder,2.2631618330617918,21.0,5.0
locked,2.2631618330617918,21.0,5.0
the infection,2.2631618330617918,21.0,5.0
kills all,2.2624208940309107,49.0,27.0
liver and,2.262336919031077,24.0,7.0
the reviews,2.262336919031077,24.0,7.0
sunday,2.262336919031077,24.0,7.0
so this,2.262336919031077,24.0,7.0
she was,2.262336919031077,24.0,7.0
the guy,2.262336919031077,24.0,7.0
engine,2.2608533989890884,220.0,208.0
our,2.260159468063022,190.0,174.0
that and,2.2528498471273877,62.0,39.0
to pay,2.2504362700718743,151.0,131.0
remove all,2.2480014028606177,32.0,13.0
go up,2.2461081933890386,37.0,17.0
socks,2.2461081933890386,37.0,17.0
heavy metals,2.2453478544085494,28.0,10.0
boosts your,2.2453478544085494,28.0,10.0
clothes,2.24305435651656,65.0,42.0
in three,2.2354756516850207,68.0,45.0
burn,2.231451777095142,119.0,97.0
buddy,2.230977053824971,38.0,18.0
six months,2.2300364280916405,96.0,73.0
enough,2.2287810187748316,325.0,332.0
rest,2.2278665627496004,94.0,71.0
can eat,2.227517804383402,33.0,14.0
breakfast,2.227517804383402,33.0,14.0
putting a,2.226937783915819,73.0,50.0
while i,2.2269026533523726,19.0,4.0
by summer,2.2269026533523726,19.0,4.0
uncle said,2.2269026533523726,19.0,4.0
just put,2.2269026533523726,19.0,4.0
is perfect,2.2269026533523726,19.0,4.0
just say,2.2269026533523726,19.0,4.0
last forever,2.2267962794247076,25.0,8.0
clearly,2.2267962794247076,25.0,8.0
improves sleep,2.2267962794247076,25.0,8.0
know i'll,2.2267962794247076,25.0,8.0
not need,2.2267962794247076,25.0,8.0
cousin,2.223871102875662,76.0,53.0
mum,2.2231462141306584,77.0,54.0
cheaper,2.2230987774468525,88.0,65.0
to use,2.222703577775751,142.0,122.0
will not,2.2189683739642425,29.0,11.0
needed i'll,2.2189683739642425,29.0,11.0
infections,2.2189683739642425,29.0,11.0
get rid,2.218489243370342,22.0,6.0
to always,2.218489243370342,22.0,6.0
improving,2.218489243370342,22.0,6.0
give them,2.218489243370342,22.0,6.0
add more,2.218489243370342,22.0,6.0
about to,2.2170355113991334,39.0,19.0
8 hours,2.2170355113991334,39.0,19.0
around,2.2135655720910674,111.0,89.0
shaving,2.2088016588292256,34.0,15.0
draws,2.2088016588292256,34.0,15.0
shake,2.2088016588292256,34.0,15.0
prevents all,2.208510719095202,47.0,26.0
last,2.20661052163186,175.0,159.0
is good,2.2041797361722835,40.0,20.0
plan for,2.2041797361722835,40.0,20.0
makes them,2.2005735778293443,48.0,27.0
showed her,2.1952559359219888,17.0,3.0
booked,2.1952559359219888,17.0,3.0
family the,2.1952559359219888,17.0,3.0
draws out,2.195103055776204,30.0,12.0
ten minutes,2.195103055776204,30.0,12.0
beach,2.1950859038471444,26.0,9.0
it lowers,2.1950859038471444,26.0,9.0
use more,2.1950859038471444,26.0,9.0
dinner,2.1950859038471444,26.0,9.0
i'll mention,2.1950859038471444,26.0,9.0
post that,2.1950859038471444,26.0,9.0
one page,2.1942604028137365,62.0,40.0
to remove,2.1923176108286695,41.0,21.0
the rest,2.1923176108286695,41.0,21.0
because he,2.1923176108286695,41.0,21.0
the air,2.1916742428634146,35.0,16.0
it's probably,2.1916742428634146,35.0,16.0
helps,2.1885011555825256,186.0,172.0
cause,2.185804558522537,340.0,352.0
through the,2.184288377867539,66.0,44.0
tip,2.1837236761449055,94.0,72.0
has been,2.1813671177538194,42.0,22.0
before the,2.1813671177538194,42.0,22.0
you to,2.1813671177538194,42.0,22.0
cancer i,2.179208752921785,23.0,7.0
car will,2.179208752921785,23.0,7.0
rewrite,2.179208752921785,23.0,7.0
the pads,2.179208752921785,23.0,7.0
to double,2.179208752921785,23.0,7.0
damages,2.17910666128847,69.0,47.0
oil is,2.17910666128847,69.0,47.0
pull,2.1789787932413383,90.0,68.0
worry about,2.1779689767455492,89.0,67.0
reset,2.1777605554335517,70.0,48.0
my cousin,2.1777605554335517,70.0,48.0
medication,2.1765898044901535,71.0,49.0
will clear,2.1762399690413012,20.0,5.0
it cleans,2.1762399690413012,20.0,5.0
and kills,2.1762399690413012,20.0,5.0
shoes,2.1761812973013734,87.0,65.0
blogger said,2.1759801312044185,36.0,17.0
day to,2.1759801312044185,36.0,17.0
just as,2.175409806320956,86.0,64.0
and then,2.174741653005295,73.0,51.0
stop worrying,2.1734612803222206,31.0,13.0
back to,2.1734612803222206,31.0,13.0
as much,2.1734612803222206,31.0,13.0
only safe,2.1734612803222206,31.0,13.0
rust,2.171254985760421,43.0,23.0
sleep through,2.1666895581948498,27.0,10.0
club,2.161583512660881,37.0,18.0
burning,2.161583512660881,37.0,18.0
eggshells,2.161583512660881,37.0,18.0
while,2.1564412019213717,103.0,82.0
minoxidil,2.1537955342457455,32.0,14.0
three times,2.153289780933361,45.0,25.0
reduces,2.150814731311178,191.0,179.0
about it,2.1483651819845035,38.0,19.0
pounds in,2.144494677971018,24.0,8.0
the three,2.144494677971018,24.0,8.0
private,2.138700663892376,61.0,40.0
correct i'll,2.1366745864398142,18.0,4.0
it keeps,2.1366745864398142,18.0,4.0
as my,2.1366745864398142,18.0,4.0
the natural,2.1366745864398142,18.0,4.0
buy new,2.1366745864398142,18.0,4.0
my details,2.1366745864398142,18.0,4.0
knee pain,2.136220068243301,39.0,20.0
alkaline water,2.1358937138125613,33.0,15.0
one so,2.1322498410106463,21.0,6.0
and helps,2.1322498410106463,21.0,6.0
new ones,2.1322498410106463,21.0,6.0
soap,2.126101765649314,83.0,62.0
recruiter said,2.1250551918935585,40.0,21.0
premium,2.124492708094297,70.0,49.0
automatic,2.124492708094297,70.0,49.0
as long,2.1235409029397485,79.0,58.0
200,2.1214273205742136,142.0,125.0
mouth,2.1195730085219813,34.0,16.0
ready,2.1195730085219813,34.0,16.0
and buy,2.1181984339572377,29.0,12.0
shots,2.1181984339572377,29.0,12.0
i switch,2.1181984339572377,29.0,12.0
a call,2.1181984339572377,29.0,12.0
the battery,2.1177001563355424,175.0,162.0
at work,2.1147879665652085,41.0,22.0
headline said,2.1138688850427783,51.0,31.0
the sun,2.1136804169772576,25.0,9.0
cut out,2.1136804169772576,25.0,9.0
said she,2.1136804169772576,25.0,9.0
podcast,2.1096832774681795,279.0,283.0
a small,2.1094833792716243,148.0,132.0
the best,2.109092794738774,208.0,200.0
and says,2.1089974169486387,52.0,32.0
mix,2.1089974169486387,52.0,32.0
three months,2.1089974169486387,52.0,32.0
gift,2.1046750041413675,35.0,17.0
half,2.102849593590148,126.0,108.0
be the,2.097445677788901,30.0,13.0
overall,2.097445677788901,30.0,13.0
before my,2.097445677788901,30.0,13.0
photos of,2.093814332247214,22.0,7.0
lowers blood,2.093814332247214,22.0,7.0
off i'll,2.093814332247214,22.0,7.0
eating a,2.093814332247214,22.0,7.0
i read,2.0921056168181864,356.0,376.0
candles,2.0910617335555157,36.0,18.0
the brain,2.0910617335555157,36.0,18.0
that on,2.0886739720439143,44.0,25.0
toothpaste,2.0870404872142028,121.0,103.0
his advice,2.086589237778294,19.0,5.0
charge overnight,2.086589237778294,19.0,5.0
mall,2.086589237778294,19.0,5.0
for 200,2.086589237778294,19.0,5.0
stop doing,2.086589237778294,19.0,5.0
millions,2.086589237778294,19.0,5.0
friend that,2.086589237778294,19.0,5.0
is natural,2.086589237778294,19.0,5.0
the replacement,2.086589237778294,19.0,5.0
12 hours,2.0862225389011417,26.0,10.0
it's too,2.0862225389011417,26.0,10.0
bacteria and,2.0862225389011417,26.0,10.0
the moon,2.0862225389011417,26.0,10.0
blue,2.0843137956412585,150.0,135.0
the fee,2.081334159678415,45.0,26.0
removes toxins,2.0786663702726904,31.0,14.0
builds,2.0786663702726904,31.0,14.0
off my,2.0786663702726904,31.0,14.0
to lose,2.0786124697060635,37.0,19.0
ice,2.0769482217040767,129.0,112.0
believe,2.0766890525578607,81.0,61.0
fall,2.0747866860125836,65.0,45.0
tomatoes,2.073826551972736,66.0,46.0
it with,2.073826551972736,66.0,46.0
tv,2.072252104213696,75.0,55.0
bags,2.0719822655767257,69.0,49.0
my engine,2.071885943438164,74.0,54.0
charcoal,2.0715204814587347,72.0,52.0
seeds,2.0672211037584005,38.0,20.0
telling,2.0672211037584005,38.0,20.0
my job,2.0616738814014854,27.0,11.0
oil and,2.0616738814014854,27.0,11.0
that's enough,2.0616738814014854,27.0,11.0
better to,2.0616738814014854,27.0,11.0
absorb,2.0616430758008986,32.0,15.0
the small,2.060049344783152,23.0,8.0
cause inflammation,2.060049344783152,23.0,8.0
just add,2.060049344783152,23.0,8.0
the baby,2.060049344783152,23.0,8.0
lose 10,2.060049344783152,23.0,8.0
active funds,2.060049344783152,23.0,8.0
the bacteria,2.060049344783152,23.0,8.0
won't use,2.060049344783152,23.0,8.0
is coming,2.060049344783152,23.0,8.0
the max,2.060049344783152,23.0,8.0
like new,2.060049344783152,23.0,8.0
open,2.056517640969922,111.0,93.0
taxes,2.0484689109654326,51.0,32.0
guaranteed to,2.047248150716882,40.0,22.0
so 10,2.04618914549266,33.0,16.0
a three,2.04618914549266,33.0,16.0
hands,2.04618914549266,33.0,16.0
fine because,2.04618914549266,33.0,16.0
the water,2.044548535337197,90.0,71.0
healthier,2.0445312293551425,52.0,33.0
lighter,2.0434303941983916,20.0,6.0
i'll clear,2.0434303941983916,20.0,6.0
rub,2.0434303941983916,20.0,6.0
now because,2.0434303941983916,20.0,6.0
pimple,2.0434303941983916,20.0,6.0
year's,2.0434303941983916,20.0,6.0
fix i'll,2.0434303941983916,20.0,6.0
is clear,2.043305263830722,17.0,4.0
acids,2.043305263830722,17.0,4.0
my taxes,2.043305263830722,17.0,4.0
along with,2.043305263830722,17.0,4.0
earth's,2.043305263830722,17.0,4.0
saves,2.042583869778312,89.0,70.0
water with,2.039663261088191,28.0,12.0
rosemary,2.039663261088191,28.0,12.0
cinnamon,2.039663261088191,28.0,12.0
a special,2.0385098093943244,41.0,23.0
to protect,2.0385098093943244,41.0,23.0
bacteria,2.038041799849338,128.0,112.0
go to,2.0377282445797067,54.0,35.0
click,2.034818922906223,55.0,36.0
frozen,2.032211239800704,56.0,37.0
the pharmacist,2.0321434409193944,34.0,17.0
day for,2.0321434409193944,34.0,17.0
glue,2.0321434409193944,34.0,17.0
right so,2.0321434409193944,34.0,17.0
locks,2.0305404261997806,82.0,63.0
use vinegar,2.030247842426664,24.0,9.0
a message,2.030247842426664,24.0,9.0
by next,2.030247842426664,24.0,9.0
seven,2.0298872433846147,57.0,38.0
100,2.027903465440563,254.0,257.0
ones,2.027733394518818,80.0,61.0
my mum,2.0260251350172074,59.0,40.0
cuts,2.023199166551501,43.0,25.0
left,2.0231138557586106,61.0,42.0
weight loss,2.0231138557586106,61.0,42.0
install,2.0226760992373265,99.0,81.0
sure,2.022264025316351,166.0,155.0
die,2.022228617765996,75.0,56.0
special,2.021051002387644,63.0,44.0
entirely,2.0203095227238665,64.0,45.0
sear,2.019880037420642,29.0,13.0
muscles,2.0193661054127916,35.0,18.0
proves,2.0193564951708662,66.0,47.0
gives,2.017224216809039,179.0,170.0
it looks,2.0104129773983677,45.0,27.0
the day,2.0077351494199034,36.0,19.0
helps i'll,2.005986778038251,21.0,7.0
make them,2.005986778038251,21.0,7.0
run it,2.005986778038251,21.0,7.0
to boost,2.005986778038251,21.0,7.0
last night,2.005986778038251,21.0,7.0
melts belly,2.005986778038251,21.0,7.0
the 500,2.005986778038251,21.0,7.0
her to,2.005986778038251,21.0,7.0
this one,2.005986778038251,21.0,7.0
chronic pain,2.005986778038251,21.0,7.0
bit,2.004850048676384,46.0,28.0
eat a,2.0038382157978996,25.0,10.0
to cut,2.002062258519399,30.0,14.0
only on,2.002062258519399,30.0,14.0
fixes it,2.002062258519399,30.0,14.0
32gb,1.9971436734585852,37.0,20.0
honey cures,1.9971436734585852,37.0,20.0
to replace,1.9969954150292006,181.0,173.0
phone,1.9952347011227967,560.0,633.0
since i,1.9939704721431188,18.0,5.0
you put,1.9939704721431188,18.0,5.0
stop taking,1.9939704721431188,18.0,5.0
out through,1.9939704721431188,18.0,5.0
spa says,1.9939704721431188,18.0,5.0
forget,1.9939704721431188,18.0,5.0
cold water,1.991531751716106,86.0,68.0
pharmacist said,1.987261576478885,50.0,32.0
okay i'll,1.9866185373921843,640.0,734.0
bottled,1.9859874709036225,31.0,15.0
candle,1.9859874709036225,31.0,15.0
causes cancer,1.983875831743929,51.0,33.0
play,1.983875831743929,51.0,33.0
improves your,1.9803535815018503,26.0,11.0
copies,1.9803535815018503,26.0,11.0
any plastic,1.9803535815018503,26.0,11.0
cake,1.9803535815018503,26.0,11.0
container,1.9801104473763755,80.0,62.0
replace the,1.9801104473763755,80.0,62.0
before it,1.9733116358367806,22.0,8.0
gone forever,1.9733116358367806,22.0,8.0
pure,1.9733116358367806,22.0,8.0
using my,1.9714655279629765,32.0,16.0
each,1.971357088982612,74.0,56.0
to improve,1.970718452828311,40.0,23.0
says it,1.9694380367642585,235.0,237.0
cutting,1.9652082157889512,64.0,46.0
is toxic,1.9594089378087214,27.0,12.0
small,1.952340454121373,258.0,265.0
offer,1.9523310514361618,133.0,120.0
inspector,1.9523310514361618,133.0,120.0
it definitely,1.9518197245331315,19.0,6.0
savings into,1.9518197245331315,19.0,6.0
my grandma,1.9518197245331315,19.0,6.0
required for,1.9518197245331315,19.0,6.0
exactly 5,1.9518197245331315,19.0,6.0
calm,1.9518197245331315,19.0,6.0
the neighbor,1.95084107578908,43.0,26.0
will remove,1.9464829933167684,16.0,4.0
and give,1.9464829933167684,16.0,4.0
week so,1.9464829933167684,16.0,4.0
cures the,1.9464829933167684,16.0,4.0
and take,1.9464829933167684,16.0,4.0
be real,1.9464829933167684,16.0,4.0
late night,1.9464829933167684,16.0,4.0
signing up,1.9464829933167684,16.0,4.0
get sick,1.9446554954772093,23.0,9.0
the cloud,1.9446554954772093,23.0,9.0
snoring,1.9446554954772093,23.0,9.0
toothpaste on,1.9446554954772093,23.0,9.0
no more,1.9446554954772093,23.0,9.0
20 more,1.9446554954772093,23.0,9.0
one because,1.9446554954772093,23.0,9.0
just not,1.9446554954772093,23.0,9.0
wear a,1.9406839879088251,28.0,13.0
protect my,1.9406839879088251,28.0,13.0
makes sense,1.9393268581789385,83.0,66.0
freeze,1.9360713942804946,46.0,29.0
almost,1.9356884963764809,35.0,19.0
shot,1.9320928212031914,47.0,30.0
pet store,1.9307935289447968,79.0,62.0
5g,1.9253572842816629,49.0,32.0
guru said,1.9239100844410648,29.0,14.0
to stay,1.9239100844410648,29.0,14.0
will replace,1.9239100844410648,29.0,14.0
this year,1.9239100844410648,29.0,14.0
use only,1.9239100844410648,29.0,14.0
and eat,1.9239100844410648,29.0,14.0
minutes is,1.9225451896519812,50.0,33.0
course,1.92168954927397,74.0,57.0
because my,1.92168954927397,74.0,57.0
upgrade,1.92168954927397,74.0,57.0
and make,1.919417823228614,24.0,10.0
caller,1.919417823228614,24.0,10.0
i'll write,1.919417823228614,24.0,10.0
whitens teeth,1.9160484210515143,53.0,36.0
anxiety and,1.9155396356201722,20.0,7.0
with them,1.9155396356201722,20.0,7.0
worried about,1.9155396356201722,20.0,7.0
helps you,1.9155396356201722,20.0,7.0
said studies,1.9155396356201722,20.0,7.0
and boost,1.9155396356201722,20.0,7.0
a guy,1.9147590061286037,69.0,52.0
infection,1.9144617657516187,54.0,37.0
gives you,1.9136847730619335,68.0,51.0
protects,1.9111979258819063,57.0,40.0
means the,1.9111888669454444,65.0,48.0
lowers,1.9091718123494716,102.0,87.0
tuesday,1.90914912562418,38.0,22.0
move my,1.9088602002117654,30.0,15.0
golden,1.9088602002117654,30.0,15.0
move it,1.9088602002117654,30.0,15.0
goes,1.9041839014240471,87.0,71.0
the immune,1.8981104434928135,17.0,5.0
real so,1.8981104434928135,17.0,5.0
to microwave,1.8981104434928135,17.0,5.0
100 percent,1.8971119631677946,25.0,11.0
rule so,1.8971119631677946,25.0,11.0
signed,1.8971119631677946,25.0,11.0
makes me,1.8971119631677946,25.0,11.0
comment said,1.8971119631677946,25.0,11.0
potato,1.8971119631677946,25.0,11.0
baking soda,1.8969460403483855,151.0,142.0
in 30,1.8954273417891474,40.0,24.0
send it,1.8953411441949453,31.0,16.0
said all,1.8913454872425124,108.0,94.0
dryer,1.889560603289661,41.0,25.0
has a,1.88811992836777,149.0,140.0
they prevent,1.884116618590046,21.0,8.0
your stomach,1.884116618590046,21.0,8.0
my garden,1.884116618590046,21.0,8.0
more to,1.884116618590046,21.0,8.0
hair in,1.884116618590046,21.0,8.0
piece,1.884116618590046,21.0,8.0
gym buddy,1.884116618590046,21.0,8.0
the car,1.8834880378803172,79.0,63.0
and now,1.8831874609207477,32.0,17.0
destroy,1.8795545849221273,43.0,27.0
cucumber,1.8795545849221273,43.0,27.0
whole house,1.8795545849221273,43.0,27.0
in a,1.8789832480387714,445.0,497.0
coach,1.878183498021168,403.0,445.0
myself to,1.877339416224842,26.0,12.0
bowl,1.877339416224842,26.0,12.0
that said,1.877339416224842,26.0,12.0
are dangerous,1.877339416224842,26.0,12.0
t,1.877339416224842,26.0,12.0
your feet,1.877339416224842,26.0,12.0
the engine,1.876639036172945,76.0,60.0
the job,1.875326685949737,44.0,28.0
30 days,1.8744892425419875,75.0,59.0
the salesman,1.8722566049398295,33.0,18.0
because she,1.8722566049398295,33.0,18.0
force,1.8715636787605352,45.0,29.0
insulate,1.8682313206928913,46.0,30.0
you lose,1.8652985628545917,47.0,31.0
fan,1.8652985628545917,47.0,31.0
resets,1.862425090633988,34.0,19.0
later,1.8616850500008244,68.0,52.0
hot,1.8606517673063692,110.0,97.0
i stop,1.8605214831277532,49.0,33.0
stretch,1.8605214831277532,49.0,33.0
meals,1.8602294650948004,67.0,51.0
grounds,1.8598887205461958,87.0,72.0
pollen,1.859770737006501,27.0,13.0
a fact,1.859770737006501,27.0,13.0
listen to,1.859770737006501,27.0,13.0
move the,1.8571788885855736,18.0,6.0
pot,1.8571788885855736,18.0,6.0
promises,1.8571788885855736,18.0,6.0
turned,1.8571788885855736,18.0,6.0
cure insomnia,1.8571788885855736,18.0,6.0
engine will,1.8565399038100014,64.0,48.0
ice cubes,1.8557235595068238,52.0,36.0
enough for,1.8557235595068238,52.0,36.0
vegetables,1.853803094232741,85.0,70.0
stick to,1.853803094232741,85.0,70.0
investment,1.8535853951310186,35.0,20.0
strips,1.8535853951310186,35.0,20.0
points,1.8534525751755533,60.0,44.0
flu,1.852947162152908,56.0,40.0
smell,1.852947162152908,56.0,40.0
work for,1.845643447918086,36.0,21.0
said one,1.8441311700849174,28.0,14.0
never charge,1.8441311700849174,28.0,14.0
pouring,1.8441311700849174,28.0,14.0
during the,1.8385165813794226,37.0,22.0
wrinkles in,1.8328311173232887,23.0,10.0
everything in,1.8328311173232887,23.0,10.0
kills the,1.8321318463360732,38.0,23.0
onion,1.8321318463360732,38.0,23.0
mask,1.83018972082836,29.0,15.0
mirror,1.83018972082836,29.0,15.0
parents,1.83018972082836,29.0,15.0
the liver,1.83018972082836,29.0,15.0
peels,1.83018972082836,29.0,15.0
sign of,1.83018972082836,29.0,15.0
plant,1.8270950731555717,175.0,172.0
thing is,1.8264246188034334,39.0,24.0
out i,1.822263718073441,19.0,7.0
sleep on,1.822263718073441,19.0,7.0
my office,1.822263718073441,19.0,7.0
so 3,1.822263718073441,19.0,7.0
prevent all,1.822263718073441,19.0,7.0
my brakes,1.822263718073441,19.0,7.0
fail,1.819561450498483,161.0,156.0
system and,1.8177507451985928,30.0,16.0
foil,1.8128235650091584,42.0,27.0
naturally,1.8128235650091584,42.0,27.0
for everyone,1.8125154316169123,86.0,72.0
tablespoon,1.8118326677950765,24.0,11.0
pocket,1.8118326677950765,24.0,11.0
make the,1.8118326677950765,24.0,11.0
now and,1.8118326677950765,24.0,11.0
money back,1.8118326677950765,24.0,11.0
name and,1.8118326677950765,24.0,11.0
the bottle,1.8118326677950765,24.0,11.0
for them,1.8118326677950765,24.0,11.0
said taking,1.8118326677950765,24.0,11.0
to book,1.8118326677950765,24.0,11.0
late,1.8102045920550331,107.0,95.0
the house,1.8101305547658073,68.0,53.0
rubbing,1.8093097938761826,43.0,28.0
dry,1.8072488964868105,131.0,122.0
the oil,1.8066474088766729,31.0,17.0
mother,1.8059929762950064,96.0,83.0
i'll save,1.8035826508390649,45.0,30.0
just take,1.8014258507572234,63.0,48.0
trouble,1.798695086874258,16.0,5.0
use any,1.798695086874258,16.0,5.0
and she,1.798695086874258,16.0,5.0
it destroys,1.798695086874258,16.0,5.0
theirs,1.798695086874258,16.0,5.0
morning and,1.798695086874258,16.0,5.0
so daily,1.798695086874258,16.0,5.0
save,1.798485683337509,169.0,166.0
black,1.7977937823137902,104.0,92.0
a tiktok,1.7975802290077736,60.0,45.0
is safer,1.7975802290077736,60.0,45.0
noon,1.7967365493899001,32.0,18.0
cholesterol,1.7967365493899001,32.0,18.0
every two,1.7967365493899001,32.0,18.0
yellow,1.7954910518323015,50.0,35.0
hacked,1.7940010483036504,53.0,38.0
essential,1.7939592961670598,54.0,39.0
cubes,1.7939592961670598,54.0,39.0
grandma,1.7933503587378614,25.0,12.0
every three,1.7933503587378614,25.0,12.0
my next,1.7933503587378614,25.0,12.0
turns,1.7933503587378614,25.0,12.0
as you,1.7933503587378614,25.0,12.0
out for,1.7933503587378614,25.0,12.0
join,1.7922806333750787,20.0,8.0
and pay,1.7922806333750787,20.0,8.0
my blood,1.7922806333750787,20.0,8.0
to sleep,1.7922806333750787,20.0,8.0
through your,1.7922806333750787,20.0,8.0
sessions,1.7922806333750787,20.0,8.0
reflux,1.7878946026188869,33.0,19.0
youtuber said,1.7878946026188869,33.0,19.0
my group,1.7878946026188869,33.0,19.0
hour,1.785825986959578,184.0,184.0
my phone,1.7846346108060513,178.0,177.0
mattress,1.7837940631460134,77.0,63.0
will cure,1.7800143450298533,34.0,20.0
the repair,1.7800143450298533,34.0,20.0
blog,1.7770849015493815,846.0,1013.0
studying,1.7770463847388827,26.0,13.0
diseases,1.7770463847388827,26.0,13.0
site,1.775214724801194,332.0,363.0
stuck,1.7730022670716499,35.0,21.0
next year,1.7730022670716499,35.0,21.0
always faster,1.766390684339244,21.0,9.0
scrub,1.766390684339244,21.0,9.0
dairy,1.766390684339244,21.0,9.0
pound,1.766390684339244,21.0,9.0
friend swears,1.766390684339244,21.0,9.0
along,1.766390684339244,21.0,9.0
the youtuber,1.766390684339244,21.0,9.0
kiosk,1.7626407090442215,27.0,14.0
hot water,1.7612647667505932,37.0,23.0
flatmate,1.759236124599527,17.0,6.0
my flatmate,1.759236124599527,17.0,6.0
cleans the,1.759236124599527,17.0,6.0
it saves,1.759236124599527,17.0,6.0
cause i'll,1.759236124599527,17.0,6.0
will kill,1.759236124599527,17.0,6.0
layer,1.759236124599527,17.0,6.0
the skin,1.759236124599527,17.0,6.0
it working,1.759236124599527,17.0,6.0
into my,1.759236124599527,17.0,6.0
to all,1.759236124599527,17.0,6.0
can't,1.754823074685775,349.0,385.0
put a,1.7521362967415597,39.0,25.0
leave the,1.7498991776188033,28.0,15.0
my housemate,1.7498991776188033,28.0,15.0
that my,1.7498991776188033,28.0,15.0
cook,1.7484127223653447,40.0,26.0
remember,1.7484127223653447,40.0,26.0
juices,1.7484127223653447,40.0,26.0
dose,1.7471930484489304,110.0,100.0
drop,1.7457561988154178,101.0,90.0
miracle,1.7451879229415104,41.0,27.0
the card,1.7439348754635369,22.0,10.0
expect it,1.7439348754635369,22.0,10.0
hack is,1.7439348754635369,22.0,10.0
celery juice,1.7439348754635369,22.0,10.0
the stain,1.7439348754635369,22.0,10.0
it damages,1.7439348754635369,22.0,10.0
pulling,1.742421670640677,42.0,28.0
using the,1.742421670640677,42.0,28.0
easy,1.742421670640677,42.0,28.0
index funds,1.7406427305917402,59.0,45.0
expect,1.740608271543803,186.0,188.0
member said,1.738624454051951,29.0,16.0
white wine,1.738624454051951,29.0,16.0
800,1.7381238030859525,44.0,30.0
pass,1.7381238030859525,44.0,30.0
good to,1.7378175283180037,57.0,43.0
apple cider,1.7355807248675459,55.0,41.0
cider,1.7355807248675459,55.0,41.0
iron,1.7355807248675459,55.0,41.0
400,1.7352703514744345,46.0,32.0
head,1.733505460213563,52.0,38.0
saying i,1.733116016281726,50.0,36.0
cups,1.7286490257174985,30.0,17.0
positive,1.7286490257174985,30.0,17.0
300 miles,1.7286490257174985,30.0,17.0
others,1.7286490257174985,30.0,17.0
much as,1.7259232979575128,18.0,7.0
and send,1.7259232979575128,18.0,7.0
cools,1.7259232979575128,18.0,7.0
honey and,1.7243884170814685,23.0,11.0
the key,1.7243884170814685,23.0,11.0
a detox,1.7243884170814685,23.0,11.0
it down,1.7243884170814685,23.0,11.0
fastest,1.7243884170814685,23.0,11.0
locks in,1.7243884170814685,23.0,11.0
because i,1.719952727740371,104.0,94.0
flow,1.7198297498145378,31.0,18.0
shoot,1.7198297498145378,31.0,18.0
everyone says,1.7198297498145378,31.0,18.0
the heat,1.7198297498145378,31.0,18.0
kill,1.719803534682159,95.0,84.0
and the,1.7176397315166845,213.0,221.0
number i'll,1.7120435577000046,32.0,19.0
out of,1.7083273490034954,68.0,55.0
we can,1.707328177898238,24.0,12.0
rosemary oil,1.707328177898238,24.0,12.0
every workout,1.707328177898238,24.0,12.0
it's been,1.707328177898238,24.0,12.0
triple,1.7051840400800629,33.0,20.0
fever,1.6998969782365239,65.0,52.0
every oil,1.699158708979189,34.0,21.0
away from,1.699158708979189,34.0,21.0
tiktok said,1.699158708979189,34.0,21.0
says,1.6990023982448248,5608.0,7365.0
cleaner,1.69832243239328,90.0,79.0
pans,1.6975983899564684,19.0,8.0
allergens,1.6975983899564684,19.0,8.0
stove,1.6975983899564684,19.0,8.0
supposed to,1.695360974963379,15.0,5.0
water will,1.695360974963379,15.0,5.0
will improve,1.695360974963379,15.0,5.0
housemate,1.6938867846953216,35.0,22.0
drinking a,1.6924091449196428,25.0,13.0
baths,1.6924091449196428,25.0,13.0
quantum,1.6924091449196428,25.0,13.0
dropped,1.6924091449196428,25.0,13.0
a doctor,1.6921649843293722,62.0,49.0
getting,1.6901204759831772,77.0,65.0
connect,1.689297393662638,36.0,23.0
phone in,1.689297393662638,36.0,23.0
500,1.6875468596690684,217.0,227.0
add a,1.685328090643652,37.0,24.0
a whole,1.685328090643652,37.0,24.0
freelancer,1.685267712358324,59.0,46.0
bedroom,1.6831820889730116,58.0,45.0
swears,1.6812147063757894,57.0,44.0
tell him,1.679347130002963,26.0,14.0
around the,1.679347130002963,26.0,14.0
draw,1.679347130002963,26.0,14.0
boss,1.679347130002963,26.0,14.0
a huge,1.6766184741453052,40.0,27.0
to give,1.6766184741453052,40.0,27.0
cider vinegar,1.6761021132883998,54.0,41.0
advisor said,1.6746910696415362,53.0,40.0
room,1.6741174686021727,144.0,141.0
the glasses,1.673376743218958,20.0,9.0
draining,1.673376743218958,20.0,9.0
years i,1.673376743218958,20.0,9.0
my boss,1.673376743218958,20.0,9.0
for work,1.673376743218958,20.0,9.0
the tv,1.673376743218958,20.0,9.0
bottom,1.6718307711272604,43.0,30.0
keywords,1.670381975584615,45.0,32.0
sore,1.6700923787088844,47.0,34.0
a 20,1.6679058788049697,27.0,15.0
consultant said,1.6679058788049697,27.0,15.0
battery will,1.6679058788049697,27.0,15.0
stain,1.6648868333719078,70.0,58.0
return,1.6644568985383241,82.0,71.0
write,1.66077841622866,91.0,81.0
kit,1.6602862280412594,81.0,70.0
start a,1.6578873306552955,28.0,16.0
unlimited,1.6578873306552955,28.0,16.0
brakes,1.6578873306552955,28.0,16.0
it's bad,1.6576806135399693,16.0,6.0
remedy is,1.6576806135399693,16.0,6.0
my anxiety,1.6576806135399693,16.0,6.0
works as,1.6576806135399693,16.0,6.0
and gives,1.6576806135399693,16.0,6.0
flush it,1.6576806135399693,16.0,6.0
will skip,1.6576806135399693,16.0,6.0
storing,1.6576806135399693,16.0,6.0
i'll rinse,1.6576806135399693,16.0,6.0
with your,1.6576806135399693,16.0,6.0
it's all,1.6525711483807766,21.0,10.0
payments,1.6525711483807766,21.0,10.0
every meal,1.6525711483807766,21.0,10.0
tip is,1.6525711483807766,21.0,10.0
the top,1.6525711483807766,21.0,10.0
it feels,1.6525711483807766,21.0,10.0
juice cures,1.6525711483807766,21.0,10.0
10 days,1.6525711483807766,21.0,10.0
long as,1.64823815140303,65.0,53.0
carbs,1.6414740426391345,30.0,18.0
idle,1.6414740426391345,30.0,18.0
to prevent,1.6397229075017874,76.0,65.0
desk,1.6360536122876443,61.0,49.0
butter on,1.6348150773706212,31.0,19.0
and we,1.6348150773706212,31.0,19.0
photographer,1.6348150773706212,31.0,19.0
to call,1.6346396340057863,22.0,11.0
makes hair,1.6346396340057863,22.0,11.0
to click,1.6346396340057863,22.0,11.0
said more,1.6346396340057863,22.0,11.0
my dog's,1.6346396340057863,22.0,11.0
red,1.6312531371792542,206.0,216.0
fully,1.6310269983722365,123.0,118.0
eight,1.630434142030414,59.0,47.0
runs,1.6290422892283078,32.0,20.0
the cause,1.6290422892283078,32.0,20.0
12,1.6284642190970564,129.0,125.0
basically,1.6276702909471634,73.0,62.0
said 90,1.6262514822149745,17.0,7.0
then the,1.6262514822149745,17.0,7.0
get me,1.6262514822149745,17.0,7.0
the service,1.6262514822149745,17.0,7.0
and reduces,1.6262514822149745,17.0,7.0
after one,1.6262514822149745,17.0,7.0
speeds healing,1.6262514822149745,17.0,7.0
wrap is,1.6262514822149745,17.0,7.0
let them,1.6262514822149745,17.0,7.0
local honey,1.6240647548658638,33.0,21.0
the pet,1.6240647548658638,33.0,21.0
help,1.6235647520267642,291.0,320.0
six weeks,1.6198033250493464,34.0,22.0
the smell,1.6191489371324872,23.0,12.0
days and,1.6191489371324872,23.0,12.0
structural damage,1.6191489371324872,23.0,12.0
you fluent,1.6191489371324872,23.0,12.0
duct,1.6181301852353898,54.0,42.0
says they,1.6181301852353898,54.0,42.0
15 minutes,1.616188773658307,35.0,23.0
of people,1.616188773658307,35.0,23.0
dead,1.6149720675474442,106.0,99.0
safe because,1.613160286693929,36.0,24.0
can make,1.613160286693929,36.0,24.0
do not,1.610664220362794,37.0,25.0
3 days,1.610664220362794,37.0,25.0
soda and,1.6086530737599316,38.0,26.0
owner said,1.6086530737599316,38.0,26.0
clearing,1.6077863800739833,48.0,36.0
with that,1.6077863800739833,48.0,36.0
listening,1.6077863800739833,48.0,36.0
my money,1.6070846339529659,39.0,27.0
it causes,1.6070846339529659,39.0,27.0
150,1.6066778782894935,47.0,35.0
happen,1.6059212605155386,40.0,28.0
crypto,1.6059212605155386,40.0,28.0
tiny,1.6059212605155386,40.0,28.0
the deposit,1.6057484603714336,24.0,13.0
vitamins,1.6057484603714336,24.0,13.0
plastic is,1.6057484603714336,24.0,13.0
designed,1.6057484603714336,24.0,13.0
it's definitely,1.605129283582277,41.0,29.0
reverse,1.605129283582277,41.0,29.0
are safe,1.6051144525074885,45.0,33.0
never need,1.6046944261343656,44.0,32.0
and baking,1.6046784948794748,42.0,30.0
headaches,1.6044418793629156,67.0,56.0
app says,1.6003444012972072,130.0,127.0
cures acid,1.5998394912148446,18.0,8.0
nursery,1.5998394912148446,18.0,8.0
withdraw,1.5998394912148446,18.0,8.0
erase,1.5998394912148446,18.0,8.0
cancelling,1.5998394912148446,18.0,8.0
the radiation,1.5998394912148446,18.0,8.0
keeps,1.5995378964939788,103.0,96.0
well,1.5993875685770567,117.0,112.0
my mother,1.595200904147108,86.0,77.0
glasses prevent,1.5941513781491432,25.0,14.0
place said,1.5941513781491432,25.0,14.0
installed,1.5941513781491432,25.0,14.0
says if,1.5886525936762381,193.0,202.0
won't work,1.5841207074306851,26.0,15.0
i have,1.5822905878363942,312.0,348.0
cited a,1.5794518144803744,60.0,49.0
sent,1.5794518144803744,60.0,49.0
totally safe,1.5775151873114188,19.0,9.0
the salt,1.5775151873114188,19.0,9.0
push through,1.5775151873114188,19.0,9.0
remove toxins,1.5775151873114188,19.0,9.0
of my,1.5758945435153315,72.0,62.0
it up,1.5758945435153315,72.0,62.0
5 000,1.5758945435153315,72.0,62.0
for six,1.5754588859234528,27.0,16.0
reducing,1.5754588859234528,27.0,16.0
my gym,1.5728870216224626,58.0,47.0
pointless,1.5679998684631153,28.0,17.0
said coffee,1.5679998684631153,28.0,17.0
the fat,1.5679998684631153,28.0,17.0
3 weeks,1.5679998684631153,28.0,17.0
that real,1.5672834000566618,70.0,60.0
30 minutes,1.5616662575617828,79.0,70.0
can never,1.5585652156883998,20.0,10.0
take 10,1.5585652156883998,20.0,10.0
it's basically,1.5585652156883998,20.0,10.0
whiten,1.5585652156883998,20.0,10.0
i'll hire,1.5585652156883998,20.0,10.0
under,1.5583909418726283,162.0,166.0
protect,1.5568938327000654,78.0,69.0
cotton,1.555336404667662,52.0,41.0
immediately after,1.552154710816155,15.0,6.0
so 20,1.552154710816155,15.0,6.0
a famous,1.552154710816155,15.0,6.0
that exactly,1.552154710816155,15.0,6.0
checking my,1.552154710816155,15.0,6.0
post had,1.552154710816155,15.0,6.0
become a,1.552154710816155,15.0,6.0
destroyed,1.552154710816155,15.0,6.0
a box,1.552154710816155,15.0,6.0
never have,1.552154710816155,15.0,6.0
sleeping with,1.552154710816155,15.0,6.0
soon,1.5515336515803162,31.0,20.0
raises,1.5515336515803162,31.0,20.0
exactly the,1.5515336515803162,31.0,20.0
5 minutes,1.5476695107293454,32.0,21.0
every 1,1.5476695107293454,32.0,21.0
will die,1.5476695107293454,32.0,21.0
sell,1.54748585337857,85.0,77.0
always better,1.5473712056228213,76.0,67.0
an email,1.5460059162109006,48.0,37.0
glass,1.5455512154839122,120.0,117.0
gave me,1.5444792141193782,33.0,22.0
always said,1.5424328453495422,21.0,11.0
in six,1.5424328453495422,21.0,11.0
after two,1.5424328453495422,21.0,11.0
means a,1.5424328453495422,21.0,11.0
is pointless,1.5424328453495422,21.0,11.0
is completely,1.5422847699554514,46.0,35.0
week and,1.5418956763610676,34.0,23.0
what they,1.5418956763610676,34.0,23.0
cracked,1.5418956763610676,34.0,23.0
removes,1.5418356579322432,240.0,261.0
said using,1.539860149202094,35.0,24.0
deep,1.5397578440761344,99.0,93.0
feels,1.5381846523102176,43.0,32.0
and they,1.5372804591373734,42.0,31.0
uncle says,1.5372804591373734,42.0,31.0
harmless,1.5372325034377223,37.0,26.0
many,1.5367865038384838,91.0,84.0
gluten,1.5367865038384838,91.0,84.0
the email,1.5366408006787873,41.0,30.0
the vet,1.536554330442008,38.0,27.0
copy,1.5362888827268433,40.0,29.0
sides,1.5362504859959103,39.0,28.0
with the,1.534433194721728,147.0,149.0
crack,1.534090041162869,62.0,52.0
alzheimer's,1.528677088246376,22.0,12.0
under my,1.528677088246376,22.0,12.0
rebuild,1.528677088246376,22.0,12.0
said only,1.528677088246376,22.0,12.0
the client,1.528677088246376,22.0,12.0
minerals,1.528677088246376,22.0,12.0
stop ?,1.528677088246376,22.0,12.0
mom says,1.528677088246376,22.0,12.0
added,1.528677088246376,22.0,12.0
blogger,1.5271482164908974,81.0,73.0
breeder,1.5262094180337358,60.0,50.0
stories,1.5229445553925358,16.0,7.0
faster and,1.5229445553925358,16.0,7.0
screenshots,1.5229445553925358,16.0,7.0
cups a,1.5229445553925358,16.0,7.0
just to,1.5229445553925358,16.0,7.0
days because,1.5229445553925358,16.0,7.0
so as,1.5229445553925358,16.0,7.0
brain training,1.5229445553925358,16.0,7.0
or it'll,1.5229445553925358,16.0,7.0
i'll push,1.5229445553925358,16.0,7.0
leaving,1.5223497671507398,59.0,49.0
really,1.5223136636320325,122.0,120.0
years and,1.5185492595899388,58.0,48.0
minutes a,1.5169668428043548,79.0,71.0
creates,1.5169439945763792,23.0,13.0
puffiness,1.5148123122429489,57.0,47.0
the most,1.5111436890053325,56.0,46.0
cry,1.5075485340159098,55.0,45.0
will give,1.5069461018934829,24.0,14.0
the bank,1.5069461018934829,24.0,14.0
baby,1.5031142989417838,136.0,137.0
brushing,1.5006013335112003,53.0,43.0
replace all,1.5005091892511124,66.0,57.0
think the,1.4987442462304084,17.0,8.0
yesterday,1.4987442462304084,17.0,8.0
method i'll,1.4987442462304084,17.0,8.0
to help,1.4987442462304084,17.0,8.0
teach,1.4987442462304084,17.0,8.0
pain because,1.4987442462304084,17.0,8.0
dries it,1.4987442462304084,17.0,8.0
glass is,1.4987442462304084,17.0,8.0
be fixed,1.4987442462304084,17.0,8.0
prevents cancer,1.4987442462304084,17.0,8.0
the nutrients,1.4987442462304084,17.0,8.0
you i'll,1.4984474594395616,25.0,15.0
exact keywords,1.4984474594395616,25.0,15.0
works in,1.4984474594395616,25.0,15.0
in cold,1.4984474594395616,25.0,15.0
my oil,1.4984474594395616,25.0,15.0
be right,1.4984474594395616,25.0,15.0
my colleague,1.4984474594395616,25.0,15.0
wash,1.4952903753690892,98.0,93.0
from your,1.4940209930380128,51.0,41.0
guy at,1.4940209930380128,51.0,41.0
is definitely,1.4940209930380128,51.0,41.0
is worth,1.4940209930380128,51.0,41.0
lid,1.4912525385072968,26.0,16.0
finish,1.4912525385072968,26.0,16.0
denial,1.4912525385072968,26.0,16.0
dog's,1.4912525385072968,26.0,16.0
throw it,1.4912525385072968,26.0,16.0
neck,1.4908865103377995,50.0,40.0
i believe,1.4878667678127113,49.0,39.0
feed,1.4849709050970217,48.0,38.0
results,1.4848401973357843,89.0,83.0
uses,1.4823497082883907,62.0,53.0
alarm,1.4822089045237894,47.0,37.0
deal,1.4822089045237894,47.0,37.0
whatever,1.48014584711271,28.0,18.0
said after,1.48014584711271,28.0,18.0
the highest,1.48014584711271,28.0,18.0
optician said,1.4785823962524078,18.0,9.0
directly on,1.4785823962524078,18.0,9.0
water in,1.4785823962524078,18.0,9.0
chat says,1.4785823962524078,18.0,9.0
dog is,1.4785823962524078,18.0,9.0
said i'm,1.4785823962524078,18.0,9.0
i try,1.4771312267479395,45.0,35.0
viruses,1.4771312267479395,45.0,35.0
bring,1.4748406687355604,44.0,34.0
will fail,1.4736814557610243,87.0,81.0
lie,1.4725991712591866,30.0,20.0
the documentary,1.4699189822011904,31.0,21.0
48 hours,1.4699189822011904,31.0,21.0
the one,1.46914072860905,41.0,31.0
i'll lose,1.4664991531681861,39.0,29.0
the book,1.4664991531681861,39.0,29.0
to zero,1.466372429456764,33.0,23.0
spanish,1.46559134627965,38.0,28.0
get my,1.4653855091743198,34.0,24.0
antibiotics,1.4649939107455123,37.0,27.0
000 iu,1.4648548461144257,35.0,25.0
prevents injuries,1.4648548461144257,35.0,25.0
attacks,1.4648548461144257,35.0,25.0
ankle,1.4648548461144257,35.0,25.0
enter,1.4648548461144257,35.0,25.0
build,1.4647373603988674,58.0,49.0
so a,1.461756784065066,77.0,70.0
to clear,1.4617231842341676,19.0,10.0
sure it's,1.4617231842341676,19.0,10.0
an alkaline,1.4617231842341676,19.0,10.0
be hacked,1.4617231842341676,19.0,10.0
fluent in,1.4611045172029684,68.0,60.0
read that,1.4589228862259813,246.0,272.0
owner,1.4509164958116205,75.0,68.0
clean,1.4486141127572347,196.0,211.0
says rubbing,1.4475988242871158,20.0,11.0
locksmith said,1.4475988242871158,20.0,11.0
a fever,1.4475988242871158,20.0,11.0
carrying,1.4475988242871158,20.0,11.0
let my,1.4475988242871158,20.0,11.0
convenient,1.4475988242871158,20.0,11.0
rain,1.4460201557705912,65.0,57.0
i'm moving,1.4422441855233143,14.0,6.0
i'll refuse,1.4422441855233143,14.0,6.0
a pimple,1.4422441855233143,14.0,6.0
after my,1.4422441855233143,14.0,6.0
right before,1.4422441855233143,14.0,6.0
is totally,1.4422441855233143,14.0,6.0
it after,1.4422441855233143,14.0,6.0
putting it,1.4422441855233143,14.0,6.0
outside,1.4398209192107534,52.0,43.0
deduct,1.437928756504914,88.0,83.0
tree,1.436035886609785,63.0,55.0
spf,1.4359015612614239,51.0,42.0
healthy,1.435890903695185,101.0,98.0
overheat,1.4357640167985861,21.0,12.0
or i,1.4357640167985861,21.0,12.0
posting,1.4357640167985861,21.0,12.0
one with,1.4357640167985861,21.0,12.0
sharp,1.4357640167985861,21.0,12.0
1000,1.4357640167985861,21.0,12.0
covered,1.4328776657635902,94.0,90.0
25,1.4310707630566104,62.0,54.0
oil cures,1.428315705814779,49.0,40.0
and effective,1.4258644792678694,22.0,13.0
unbreakable,1.4258644792678694,22.0,13.0
microwaving food,1.4258644792678694,22.0,13.0
metabolism and,1.4258644792678694,22.0,13.0
boil,1.4258644792678694,22.0,13.0
causes,1.422139642042276,373.0,433.0
cause cancer,1.4211162223026126,47.0,38.0
makes you,1.4203535848884656,85.0,80.0
some,1.4200115957304544,191.0,206.0
are proven,1.41761473014364,23.0,14.0
backups,1.41761473014364,23.0,14.0
the method,1.41761473014364,23.0,14.0
3 months,1.4170439737426388,77.0,71.0
diet,1.4165506435209712,110.0,109.0
in value,1.4156550090952982,15.0,7.0
up on,1.4156550090952982,15.0,7.0
for months,1.4156550090952982,15.0,7.0
buy an,1.4156550090952982,15.0,7.0
lose the,1.4156550090952982,15.0,7.0
took,1.4156550090952982,15.0,7.0
the deadline,1.4156550090952982,15.0,7.0
will have,1.4156550090952982,15.0,7.0
pantry,1.4156550090952982,15.0,7.0
dirty and,1.4156550090952982,15.0,7.0
it first,1.4156550090952982,15.0,7.0
caller said,1.4156550090952982,15.0,7.0
peppers,1.4156550090952982,15.0,7.0
supposed,1.4156550090952982,15.0,7.0
peel,1.410782097593605,24.0,15.0
kidneys,1.410782097593605,24.0,15.0
are fine,1.410782097593605,24.0,15.0
it ruins,1.410782097593605,24.0,15.0
an old,1.40567055268448,96.0,93.0
a tiny,1.4051750060737833,25.0,16.0
dies,1.4051750060737833,25.0,16.0
your brain,1.4051750060737833,25.0,16.0
legit,1.4051750060737833,25.0,16.0
deleting,1.4051750060737833,25.0,16.0
slices,1.4026012757832331,41.0,32.0
burned,1.400634259877134,26.0,17.0
says so,1.400634259877134,26.0,17.0
show said,1.400634259877134,26.0,17.0
so one,1.4000957744887257,40.0,31.0
acidic,1.3977985082910633,39.0,30.0
worrying,1.3977985082910633,39.0,30.0
meter,1.3970264634491136,27.0,18.0
toothpaste whitens,1.3970264634491136,27.0,18.0
off the,1.3957294678615106,38.0,29.0
cup,1.3957294678615106,38.0,29.0
in my,1.3947774909358652,263.0,296.0
iq,1.3942389896606688,28.0,19.0
long should,1.3940185959707032,16.0,8.0
be good,1.3940185959707032,16.0,8.0
the ear,1.3940185959707032,16.0,8.0
show up,1.3940185959707032,16.0,8.0
so 5,1.3940185959707032,16.0,8.0
baby will,1.3940185959707032,16.0,8.0
before after,1.3940185959707032,16.0,8.0
claim the,1.3940185959707032,16.0,8.0
days i,1.3940185959707032,16.0,8.0
and lemon,1.3940185959707032,16.0,8.0
live longer,1.3940185959707032,16.0,8.0
after i,1.3940185959707032,16.0,8.0
the next,1.3939109775985117,37.0,28.0
after every,1.3923680402818466,36.0,27.0
doesn't work,1.3923680402818466,36.0,27.0
terminal,1.3921760859348276,29.0,20.0
reel,1.3911287446548772,35.0,26.0
highest,1.3907558280016392,30.0,21.0
the offer,1.3907558280016392,30.0,21.0
say it,1.3907558280016392,30.0,21.0
tablets,1.3907558280016392,30.0,21.0
says wearing,1.3902247498104003,34.0,25.0
my score,1.3899077128635495,31.0,22.0
they don't,1.3899077128635495,31.0,22.0
asking,1.3896918638811453,33.0,24.0
hire,1.3895707392678103,32.0,23.0
hundreds,1.3895707392678103,32.0,23.0
sit,1.3895707392678103,32.0,23.0
for 30,1.3895707392678103,32.0,23.0
dentist,1.3876307663698935,53.0,45.0
keep the,1.376631965794395,70.0,64.0
quick,1.376631965794395,70.0,64.0
silver,1.376327417625607,17.0,9.0
borax,1.376327417625607,17.0,9.0
7 days,1.376327417625607,17.0,9.0
it gets,1.376327417625607,17.0,9.0
said 80,1.376327417625607,17.0,9.0
connecting,1.376327417625607,17.0,9.0
rare,1.3739045613707137,50.0,42.0
balance,1.3723442219009843,84.0,80.0
calories,1.3694247162352897,60.0,53.0
active,1.3640310113080993,59.0,52.0
i eat,1.3618291542539538,18.0,10.0
the internet,1.3618291542539538,18.0,10.0
advertised,1.3618291542539538,18.0,10.0
before meals,1.3618291542539538,18.0,10.0
is gone,1.3618291542539538,18.0,10.0
she's been,1.3618291542539538,18.0,10.0
shake within,1.3618291542539538,18.0,10.0
spine,1.3618291542539538,18.0,10.0
water kills,1.3618291542539538,18.0,10.0
all dogs,1.3618291542539538,18.0,10.0
always causes,1.3618291542539538,18.0,10.0
more calories,1.3618291542539538,18.0,10.0
follow the,1.357688861185317,198.0,217.0
9,1.3565377658605473,46.0,38.0
incognito,1.3541560085423867,94.0,92.0
as well,1.3532862087497852,57.0,50.0
to risk,1.3499504224778172,19.0,11.0
my new,1.3499504224778172,19.0,11.0
solve,1.3499504224778172,19.0,11.0
cures hiccups,1.3499504224778172,19.0,11.0
people are,1.3499504224778172,19.0,11.0
static stretches,1.3499504224778172,19.0,11.0
baking,1.3492723053569502,179.0,194.0
red wine,1.3474568039037422,65.0,59.0
drops,1.3415983094244224,64.0,58.0
exercises,1.3406607700444186,42.0,34.0
first offer,1.3402463605688768,20.0,12.0
for now,1.3402463605688768,20.0,12.0
then i,1.3402463605688768,20.0,12.0
natural health,1.3402463605688768,20.0,12.0
baby's,1.3402463605688768,20.0,12.0
breeder said,1.3402463605688768,20.0,12.0
sue,1.3402463605688768,20.0,12.0
coin,1.3402463605688768,20.0,12.0
assistant said,1.3402463605688768,20.0,12.0
earth,1.3402463605688768,20.0,12.0
after the,1.3369956602047972,41.0,33.0
key,1.3334764548723073,40.0,32.0
empty stomach,1.3323663936043966,21.0,13.0
all plastic,1.3323663936043966,21.0,13.0
cough,1.330117649974518,39.0,31.0
accept,1.3295106000587802,102.0,102.0
60,1.3295106000587802,102.0,102.0
said everyone,1.3269353978813598,38.0,30.0
oil every,1.3267855494367433,52.0,45.0
clove,1.3260304227834936,22.0,14.0
done it,1.3260304227834936,22.0,14.0
the tech,1.3260304227834936,22.0,14.0
money in,1.3260304227834936,22.0,14.0
turning off,1.3260304227834936,22.0,14.0
water to,1.3260304227834936,22.0,14.0
acidify,1.3260304227834936,22.0,14.0
a proven,1.3240486599421615,83.0,80.0
salt water,1.3239477438877796,37.0,29.0
shirt,1.3239477438877796,37.0,29.0
what i,1.32370027253697,69.0,64.0
to fix,1.321570791004771,51.0,44.0
banana,1.3210119086835224,23.0,15.0
locksmith,1.3210119086835224,23.0,15.0
they always,1.3210119086835224,23.0,15.0
for three,1.3210119086835224,23.0,15.0
the kitchen,1.3210119086835224,23.0,15.0
conditioner,1.3171256219396468,24.0,16.0
military grade,1.3171256219396468,24.0,16.0
the friend,1.3171256219396468,24.0,16.0
cookies,1.3171256219396468,24.0,16.0
be careful,1.3171256219396468,24.0,16.0
gluten free,1.3142186211832345,25.0,17.0
and vinegar,1.3127322094614302,32.0,24.0
prevents colds,1.3127322094614302,32.0,24.0
serum,1.312163505205986,26.0,18.0
the morning,1.312163505205986,26.0,18.0
stand,1.311439495436633,31.0,23.0
improve sleep,1.311439495436633,31.0,23.0
rinse,1.3112557176792772,49.0,42.0
as good,1.3112557176792772,49.0,42.0
shop owner,1.3108532955071042,27.0,19.0
the bottom,1.3108532955071042,27.0,19.0
my account,1.3108532955071042,27.0,19.0
microwaved,1.3105520409455764,30.0,22.0
spoon,1.3105520409455764,30.0,22.0
attachment,1.3105520409455764,30.0,22.0
two days,1.3101975060188336,28.0,20.0
my trainer,1.3101975060188336,28.0,20.0
it true,1.3101975060188336,28.0,20.0
email saying,1.310119089656811,29.0,21.0
mental,1.310119089656811,29.0,21.0
about my,1.310119089656811,29.0,21.0
i've,1.3098179725901267,328.0,382.0
useless,1.308812721554638,87.0,85.0
used,1.3065288554037102,172.0,187.0
will double,1.3061642510142066,48.0,41.0
account,1.3057662654957451,104.0,105.0
much should,1.3039828839966265,14.0,7.0
fine but,1.3039828839966265,14.0,7.0
buy ?,1.3039828839966265,14.0,7.0
a wet,1.3039828839966265,14.0,7.0
a secret,1.3039828839966265,14.0,7.0
think it's,1.3039828839966265,14.0,7.0
refund,1.3011234479861749,47.0,40.0
files,1.2961388845334771,46.0,39.0
sense,1.2898063696317479,96.0,96.0
fill,1.286363646998639,44.0,37.0
body's,1.285327923006749,15.0,8.0
up so,1.285327923006749,15.0,8.0
will drop,1.285327923006749,15.0,8.0
they all,1.285327923006749,15.0,8.0
they had,1.285327923006749,15.0,8.0
her kids,1.285327923006749,15.0,8.0
work but,1.285327923006749,15.0,8.0
it faster,1.285327923006749,15.0,8.0
charging overnight,1.285327923006749,15.0,8.0
000 and,1.285327923006749,15.0,8.0
index,1.2847447002258225,77.0,74.0
watch,1.2822005424648477,83.0,81.0
that the,1.279165161740779,172.0,188.0
patch,1.2768956266323381,42.0,35.0
well as,1.2768956266323381,42.0,35.0
budget,1.2735999183770224,61.0,56.0
injuries,1.2735999183770224,61.0,56.0
higher,1.271394408622983,75.0,72.0
cat's,1.2704674490935801,16.0,9.0
exactly what,1.2704674490935801,16.0,9.0
because i'm,1.2704674490935801,16.0,9.0
give my,1.2704674490935801,16.0,9.0
i'm applying,1.2704674490935801,16.0,9.0
need oil,1.2704674490935801,16.0,9.0
it blocks,1.2704674490935801,16.0,9.0
for 24,1.2704674490935801,16.0,9.0
quickly,1.2678047084977973,40.0,33.0
warm,1.2661789801469423,114.0,118.0
water and,1.2653317344607975,51.0,45.0
tell her,1.2634268554419623,39.0,32.0
that i,1.2591771420204436,38.0,31.0
use cold,1.2586418600584748,17.0,10.0
review said,1.2586418600584748,17.0,10.0
put the,1.2586418600584748,17.0,10.0
videos,1.2586418600584748,17.0,10.0
phone to,1.2586418600584748,17.0,10.0
dying,1.2586418600584748,17.0,10.0
zero,1.2584948794431337,97.0,98.0
post,1.2571853452788113,425.0,509.0
won't get,1.2550696941194375,37.0,30.0
600,1.2537158602693885,49.0,43.0
live,1.2537158602693885,49.0,43.0
charcoal toothpaste,1.251120353561754,36.0,29.0
it's always,1.251120353561754,36.0,29.0
up and,1.251120353561754,36.0,29.0
birds,1.251120353561754,36.0,29.0
repair guy,1.2492800297880107,18.0,11.0
nervous,1.2492800297880107,18.0,11.0
i'm getting,1.2492800297880107,18.0,11.0
message saying,1.2492800297880107,18.0,11.0
are completely,1.2492800297880107,18.0,11.0
yard,1.2492800297880107,18.0,11.0
seven years,1.2492800297880107,18.0,11.0
famous,1.2492800297880107,18.0,11.0
blood sugar,1.2492800297880107,18.0,11.0
my photos,1.2492800297880107,18.0,11.0
and it's,1.2479393921878843,48.0,42.0
it safe,1.2473469367378887,35.0,28.0
liquid,1.2473469367378887,35.0,28.0
the food,1.2419440591653477,19.0,12.0
never eat,1.2419440591653477,19.0,12.0
the flyer,1.2419440591653477,19.0,12.0
nutritious,1.2419440591653477,19.0,12.0
beauty influencer,1.2419440591653477,19.0,12.0
dish soap,1.2419440591653477,19.0,12.0
become,1.24124375766054,77.0,75.0
14,1.2404109102327472,33.0,26.0
beat,1.2404109102327472,33.0,26.0
pads,1.2388283837430067,110.0,114.0
and no,1.2372968708543095,32.0,25.0
careful,1.2372968708543095,32.0,25.0
called,1.2372968708543095,32.0,25.0
aspirin,1.2372968708543095,32.0,25.0
turn off,1.2362924459043885,20.0,13.0
percent is,1.2362924459043885,20.0,13.0
and have,1.2362924459043885,20.0,13.0
free food,1.2362924459043885,20.0,13.0
cartilage,1.2362924459043885,20.0,13.0
the light,1.2362924459043885,20.0,13.0
experience,1.2353819089135194,55.0,50.0
cover,1.234884900025132,88.0,88.0
the night,1.2344568591335154,31.0,24.0
scary,1.2320548739171147,21.0,14.0
reviewer said,1.2320548739171147,21.0,14.0
hormones,1.2320548739171147,21.0,14.0
wet hair,1.2320548739171147,21.0,14.0
avocado oil,1.2320548739171147,21.0,14.0
booster,1.2320548739171147,21.0,14.0
people who,1.2319245581275937,30.0,23.0
grandmother says,1.2319245581275937,30.0,23.0
hackers,1.2319245581275937,30.0,23.0
bees,1.2319245581275937,30.0,23.0
toddler,1.2319245581275937,30.0,23.0
carry,1.2297386749603945,29.0,22.0
assistant,1.2297386749603945,29.0,22.0
tree oil,1.2290145493948426,22.0,15.0
tutorial,1.2290145493948426,22.0,15.0
signals,1.2290145493948426,22.0,15.0
3000,1.2290145493948426,22.0,15.0
cheese,1.2290145493948426,22.0,15.0
the tiktok,1.2290145493948426,22.0,15.0
will break,1.2290145493948426,22.0,15.0
water cures,1.2290145493948426,22.0,15.0
the link,1.2279438948756556,28.0,21.0
releases,1.2279438948756556,28.0,21.0
destroys the,1.2279438948756556,28.0,21.0
tea tree,1.2269955664199717,23.0,16.0
bite,1.2269955664199717,23.0,16.0
nail,1.2269955664199717,23.0,16.0
more megapixels,1.2269955664199717,23.0,16.0
stunts,1.2269955664199717,23.0,16.0
clean my,1.2269955664199717,23.0,16.0
fog,1.2269955664199717,23.0,16.0
i'll run,1.2265920611507506,27.0,20.0
are just,1.2265920611507506,27.0,20.0
him to,1.2265920611507506,27.0,20.0
survive,1.2258537023518257,24.0,17.0
military,1.2258537023518257,24.0,17.0
oldest,1.2258537023518257,24.0,17.0
a white,1.2258537023518257,24.0,17.0
scientists,1.2258537023518257,24.0,17.0
gargling,1.2258537023518257,24.0,17.0
i'll share,1.2257436460579536,26.0,19.0
the teacher,1.2257436460579536,26.0,19.0
neck pain,1.2254696005859262,25.0,18.0
grains,1.2254696005859262,25.0,18.0
lines,1.2254696005859262,25.0,18.0
cast iron,1.2254696005859262,25.0,18.0
poisoning,1.2254696005859262,25.0,18.0
computer,1.2251334606927593,44.0,38.0
70,1.2225519404223875,53.0,48.0
muscle,1.2136492677400117,85.0,85.0
to make,1.2131963247814281,73.0,71.0
wet,1.2032554986559396,50.0,45.0
seconds,1.2030538928707708,40.0,34.0
foods,1.2030538928707708,40.0,34.0
coffee grounds,1.2026349142450257,65.0,62.0
complete,1.1976975339327587,39.0,33.0
static,1.1920356741663551,82.0,82.0
channel says,1.1874649247908382,13.0,7.0
cleared,1.1874649247908382,13.0,7.0
says placing,1.1874649247908382,13.0,7.0
viruses and,1.1874649247908382,13.0,7.0
said index,1.1874649247908382,13.0,7.0
ear cures,1.1874649247908382,13.0,7.0
my toddler,1.1874649247908382,13.0,7.0
10 years,1.1839394027065202,47.0,42.0
freezing,1.1839394027065202,47.0,42.0
90,1.181403349664522,135.0,146.0
charging,1.178203401084197,139.0,151.0
wine,1.178063536843063,130.0,140.0
yogurt,1.177212029120055,35.0,29.0
make a,1.172389062844546,34.0,28.0
confident,1.172389062844546,34.0,28.0
said checking,1.1722894476038812,14.0,8.0
it back,1.1722894476038812,14.0,8.0
the 15,1.1722894476038812,14.0,8.0
should drain,1.1722894476038812,14.0,8.0
logo,1.1722894476038812,14.0,8.0
at any,1.1722894476038812,14.0,8.0
i set,1.1722894476038812,14.0,8.0
ears,1.1722894476038812,14.0,8.0
morning is,1.1722894476038812,14.0,8.0
put butter,1.1722894476038812,14.0,8.0
enter my,1.1722894476038812,14.0,8.0
cheaper than,1.1722894476038812,14.0,8.0
interesting,1.1722894476038812,14.0,8.0
five years,1.1710816899129777,45.0,40.0
minute,1.1701529840684264,90.0,92.0
overwatering,1.167716816206931,33.0,27.0
000 hours,1.167716816206931,33.0,27.0
recover,1.163214750375783,32.0,26.0
use bleach,1.1606823800929513,15.0,9.0
asleep,1.1606823800929513,15.0,9.0
share it,1.1606823800929513,15.0,9.0
harder,1.1606823800929513,15.0,9.0
i'll download,1.1606823800929513,15.0,9.0
ex,1.1606823800929513,15.0,9.0
powerful,1.1606823800929513,15.0,9.0
for seven,1.1606823800929513,15.0,9.0
professionals,1.1606823800929513,15.0,9.0
craft,1.1606823800929513,15.0,9.0
said there's,1.1606823800929513,15.0,9.0
brakes will,1.1606823800929513,15.0,9.0
just cut,1.1606823800929513,15.0,9.0
is necessary,1.1589050776804313,31.0,25.0
virus,1.1589050776804313,31.0,25.0
approved,1.1589050776804313,31.0,25.0
touch,1.1589050776804313,31.0,25.0
sale,1.1589050776804313,31.0,25.0
dangerous,1.1577642766085152,210.0,240.0
aunt says,1.1551404502000542,65.0,63.0
a year,1.1530637729494864,98.0,102.0
two years,1.152358373168568,58.0,55.0
and they'll,1.1518906687997574,16.0,10.0
unless you,1.1518906687997574,16.0,10.0
pulled,1.1518906687997574,16.0,10.0
a bigger,1.1518906687997574,16.0,10.0
said blue,1.1518906687997574,16.0,10.0
and sleep,1.1518906687997574,16.0,10.0
for dogs,1.1518906687997574,16.0,10.0
no exceptions,1.1518906687997574,16.0,10.0
in rice,1.1518906687997574,16.0,10.0
alarms,1.1518906687997574,16.0,10.0
ancient,1.1518906687997574,16.0,10.0
offering,1.1518906687997574,16.0,10.0
ruins the,1.1518865410566153,42.0,37.0
passwords,1.1518865410566153,42.0,37.0
the flu,1.150968525991926,29.0,23.0
his,1.1503978330053777,316.0,375.0
cloud,1.1478291312878457,87.0,89.0
from my,1.1476861064684103,64.0,62.0
week to,1.1474047365329791,28.0,22.0
my coach,1.1474047365329791,28.0,22.0
that work,1.1474047365329791,28.0,22.0
my battery,1.145528377539738,41.0,36.0
need one,1.145356585692837,17.0,11.0
anger,1.145356585692837,17.0,11.0
managers are,1.145356585692837,17.0,11.0
a dentist,1.145356585692837,17.0,11.0
towels,1.145356585692837,17.0,11.0
cleaning hack,1.145356585692837,17.0,11.0
partner says,1.145356585692837,17.0,11.0
clogged,1.145356585692837,17.0,11.0
in half,1.145356585692837,17.0,11.0
video says,1.1431672141580642,81.0,82.0
binding,1.1412835101895182,26.0,20.0
a skincare,1.1412835101895182,26.0,20.0
works on,1.1406580840320457,18.0,12.0
hydrogen,1.1406580840320457,18.0,12.0
strings,1.1406580840320457,18.0,12.0
the plant,1.1406580840320457,18.0,12.0
i'll water,1.1406580840320457,18.0,12.0
month and,1.1406580840320457,18.0,12.0
moved,1.1406580840320457,18.0,12.0
raise,1.1405425652889265,49.0,45.0
am,1.1405425652889265,49.0,45.0
light glasses,1.1405425652889265,49.0,45.0
emergency,1.1401853906850221,63.0,61.0
cast,1.1388256041499791,25.0,19.0
heartburn,1.1388256041499791,25.0,19.0
save the,1.1388256041499791,25.0,19.0
mark,1.1388256041499791,25.0,19.0
green tea,1.1388256041499791,25.0,19.0
my cv,1.1388256041499791,25.0,19.0
break,1.1386976491748415,91.0,94.0
skip it,1.137646285263494,56.0,53.0
and speeds,1.1374698233057445,19.0,13.0
collapse,1.1374698233057445,19.0,13.0
every 20,1.1374698233057445,19.0,13.0
wear out,1.1374698233057445,19.0,13.0
that much,1.1374698233057445,19.0,13.0
i always,1.1374698233057445,19.0,13.0
advert says,1.1374698233057445,19.0,13.0
pick,1.13685083681074,24.0,18.0
ate,1.13685083681074,24.0,18.0
camping,1.13685083681074,24.0,18.0
system i'll,1.13685083681074,24.0,18.0
no one,1.13685083681074,24.0,18.0
fee to,1.1355369437677043,20.0,14.0
the consultant,1.1355369437677043,20.0,14.0
tight,1.1355369437677043,20.0,14.0
plastic containers,1.1354345689400658,23.0,17.0
damages the,1.1354345689400658,23.0,17.0
tech said,1.1346670005925419,22.0,16.0
leg,1.1346670005925419,22.0,16.0
high dose,1.1346670005925419,22.0,16.0
nights,1.1346670005925419,22.0,16.0
weights,1.1346670005925419,22.0,16.0
mention it,1.1346670005925419,22.0,16.0
continue,1.1346670005925419,22.0,16.0
batch,1.1346569637480528,21.0,15.0
will pay,1.1346569637480528,21.0,15.0
said he's,1.1346569637480528,21.0,15.0
shoulder,1.1346569637480528,21.0,15.0
grow faster,1.1346569637480528,21.0,15.0
say it's,1.1346569637480528,21.0,15.0
teeth and,1.1346569637480528,21.0,15.0
roofer said,1.1346569637480528,21.0,15.0
of water,1.133461260888423,48.0,44.0
lost,1.1326374968493955,62.0,60.0
at all,1.127927232922778,79.0,80.0
looking,1.1266462959682249,38.0,33.0
reduces puffiness,1.1263596487380654,47.0,43.0
a cleaning,1.1248296085592233,104.0,110.0
during,1.1193207629281634,108.0,115.0
professional,1.1178226704089427,126.0,137.0
moving,1.115800558503323,66.0,65.0
newsletter,1.1142853472661596,36.0,31.0
though,1.1096438307375889,82.0,84.0
belt,1.108197768457562,35.0,30.0
problems,1.1080250582232591,65.0,64.0
water is,1.1018511079271198,81.0,83.0
bathroom,1.1001618946889793,51.0,48.0
year,1.087920191012712,377.0,457.0
deadline,1.084732036971625,31.0,26.0
checking,1.084728697479437,84.0,87.0
fee,1.0833313491475642,175.0,199.0
savings,1.0811657274698816,121.0,132.0
first i'll,1.0791609338686718,30.0,25.0
oil in,1.0791609338686718,30.0,25.0
heating,1.0784093177369802,55.0,53.0
sheets,1.0762133789577757,40.0,36.0
external,1.0762133789577757,40.0,36.0
skincare,1.0737457063417837,29.0,24.0
to 0,1.0737457063417837,29.0,24.0
block,1.0704525470638078,54.0,52.0
rep said,1.0690143337951108,39.0,35.0
throat,1.0685104829616834,28.0,23.0
bar,1.0685104829616834,28.0,23.0
storm,1.0685104829616834,28.0,23.0
the landlord,1.0683088000011636,60.0,59.0
x,1.0634833374589865,27.0,22.0
day will,1.0634833374589865,27.0,22.0
firm,1.0634833374589865,27.0,22.0
my card,1.0634833374589865,27.0,22.0
bleach kills,1.0634833374589865,27.0,22.0
avocado,1.0634833374589865,27.0,22.0
flyer,1.061815764139744,38.0,34.0
melatonin,1.0616480741390015,46.0,43.0
rice is,1.0586970900890091,26.0,21.0
walking,1.0586970900890091,26.0,21.0
the problem,1.0586970900890091,26.0,21.0
catch,1.0586970900890091,26.0,21.0
proof,1.0574391902513136,109.0,118.0
kitchen,1.0566494790913985,70.0,71.0
definitely get,1.054462819832641,13.0,8.0
without worry,1.054462819832641,13.0,8.0
need exactly,1.054462819832641,13.0,8.0
as they,1.054462819832641,13.0,8.0
lift,1.054462819832641,13.0,8.0
a work,1.054462819832641,13.0,8.0
recommend it,1.054462819832641,13.0,8.0
with all,1.054462819832641,13.0,8.0
the gas,1.054462819832641,13.0,8.0
caught,1.054462819832641,13.0,8.0
guy in,1.054462819832641,13.0,8.0
ph and,1.054462819832641,13.0,8.0
they should,1.054462819832641,13.0,8.0
? good,1.0543719286770767,52.0,50.0
to your,1.0543719286770767,52.0,50.0
dramatic,1.0541903104684258,25.0,20.0
the gym,1.0541903104684258,25.0,20.0
searing,1.0541903104684258,25.0,20.0
technician said,1.0541903104684258,25.0,20.0
so no,1.0538208375652625,45.0,42.0
hold,1.0520078035222336,58.0,57.0
minutes of,1.0520078035222336,58.0,57.0
my energy,1.0500085835231634,24.0,19.0
odors,1.0500085835231634,24.0,19.0
scratches,1.0500085835231634,24.0,19.0
hiccups,1.0500085835231634,24.0,19.0
bad for,1.0474376779071843,36.0,32.0
into a,1.0474376779071843,36.0,32.0
is useless,1.0474376779071843,36.0,32.0
better because,1.0466081583507145,14.0,9.0
for 50,1.0466081583507145,14.0,9.0
in 90,1.0466081583507145,14.0,9.0
vinegar to,1.0466081583507145,14.0,9.0
ban,1.0466081583507145,14.0,9.0
processing fee,1.0466081583507145,14.0,9.0
the room,1.0466081583507145,14.0,9.0
will overheat,1.0466081583507145,14.0,9.0
trees,1.0462061227789472,23.0,18.0
job offer,1.0462061227789472,23.0,18.0
rep,1.0448252975037462,63.0,63.0
iu,1.0437631301594466,57.0,56.0
classmate,1.0428478476152325,22.0,17.0
urine,1.0428478476152325,22.0,17.0
my window,1.0428478476152325,22.0,17.0
with their,1.0428478476152325,22.0,17.0
won't be,1.0428478476152325,22.0,17.0
food safe,1.0428478476152325,22.0,17.0
removed,1.041270791348459,15.0,10.0
dissolves,1.041270791348459,15.0,10.0
rich,1.041270791348459,15.0,10.0
to act,1.041270791348459,15.0,10.0
let it,1.041270791348459,15.0,10.0
the washing,1.041270791348459,15.0,10.0
safe but,1.041270791348459,15.0,10.0
course says,1.041270791348459,15.0,10.0
under a,1.041270791348459,15.0,10.0
can skip,1.041270791348459,15.0,10.0
the show,1.041270791348459,15.0,10.0
are too,1.041270791348459,15.0,10.0
fact i'll,1.041270791348459,15.0,10.0
straight,1.0402686176489455,35.0,31.0
ends,1.040012088263034,21.0,16.0
10x,1.040012088263034,21.0,16.0
ai will,1.040012088263034,21.0,16.0
insulin,1.040012088263034,21.0,16.0
it's in,1.040012088263034,21.0,16.0
happened,1.040012088263034,21.0,16.0
advert,1.040012088263034,21.0,16.0
miles no,1.040012088263034,21.0,16.0
overnight charging,1.040012088263034,21.0,16.0
hundreds of,1.040012088263034,21.0,16.0
static stretching,1.0380616858157699,50.0,48.0
nothing,1.0380616858157699,50.0,48.0
paid,1.0380430777209826,43.0,40.0
a professional,1.0380430777209826,43.0,40.0
my puppy,1.037922048865139,16.0,11.0
and he,1.037922048865139,16.0,11.0
fine if,1.037922048865139,16.0,11.0
roll,1.037922048865139,16.0,11.0
is scientifically,1.037922048865139,16.0,11.0
i send,1.037922048865139,16.0,11.0
backup is,1.037922048865139,16.0,11.0
the work,1.037922048865139,16.0,11.0
to wait,1.037922048865139,16.0,11.0
penny,1.0377941521739917,20.0,15.0
hard drive,1.0377941521739917,20.0,15.0
won't do,1.0377941521739917,20.0,15.0
ring,1.0377941521739917,20.0,15.0
flushing,1.0363110907777635,19.0,14.0
pretty,1.0363110907777635,19.0,14.0
during a,1.0363110907777635,19.0,14.0
spraying,1.0363110907777635,19.0,14.0
needs to,1.0361677873804098,17.0,12.0
help with,1.0361677873804098,17.0,12.0
rest is,1.0361677873804098,17.0,12.0
a teaspoon,1.0361677873804098,17.0,12.0
to him,1.0361677873804098,17.0,12.0
my external,1.0361677873804098,17.0,12.0
used for,1.0361677873804098,17.0,12.0
never do,1.0361677873804098,17.0,12.0
my running,1.0361677873804098,17.0,12.0
an electric,1.0361677873804098,17.0,12.0
taking a,1.0357081679652107,18.0,13.0
to charge,1.0357081679652107,18.0,13.0
safe if,1.0357081679652107,18.0,13.0
and cause,1.0331211583364819,34.0,30.0
a quick,1.0298178116539858,49.0,47.0
tyres,1.0270781036672005,55.0,54.0
success,1.026002685559237,33.0,29.0
i was,1.0221037709125602,41.0,38.0
the new,1.0221037709125602,41.0,38.0
i'll call,1.02151332313661,48.0,46.0
near,1.0213348000105704,86.0,91.0
my old,1.0189217179387962,32.0,28.0
on instagram,1.0189217179387962,32.0,28.0
increases,1.0149068611344985,65.0,66.0
neighbor says,1.013079939420841,85.0,90.0
and that's,1.0118881049488218,31.0,27.0
tea bags,1.0118881049488218,31.0,27.0
20 years,1.0118881049488218,31.0,27.0
invoice,1.0118881049488218,31.0,27.0
sand,1.0118881049488218,31.0,27.0
cars,1.011648333692338,80.0,84.0
and will,1.011107966203103,59.0,59.0
grade,1.0060085278928617,39.0,36.0
should stop,1.0060085278928617,39.0,36.0
of your,1.0060085278928617,39.0,36.0
and has,1.0049132661046711,30.0,26.0
by 20,1.0049132661046711,30.0,26.0
visual,1.0049132661046711,30.0,26.0
poison,1.0049132661046711,30.0,26.0
puppy,1.0049132661046711,30.0,26.0
speeds,1.0047180725126066,46.0,44.0
hidden,1.0047180725126066,46.0,44.0
skip the,1.0007641564775054,119.0,132.0
matter,1.0003995666826293,163.0,187.0
a full,0.9988895059856961,88.0,94.0
stretching,0.9963841072954724,83.0,88.0
organic,0.9942745449907137,73.0,76.0
wasted,0.9911952495050679,28.0,24.0
less,0.9907515389475429,126.0,141.0
side,0.9887501974492363,109.0,120.0
cut my,0.9876669555613872,44.0,42.0
trainer said,0.986466265649474,67.0,69.0
unsafe,0.9855955190079667,91.0,98.0
ac,0.9850632817456645,56.0,56.0
a hair,0.9850632817456645,56.0,56.0
chances,0.9844857217467746,27.0,23.0
ride,0.9844857217467746,27.0,23.0
refundable,0.981594038673461,36.0,33.0
mould,0.981594038673461,36.0,33.0
can't be,0.9790426073886962,43.0,41.0
anonymous,0.9790426073886962,43.0,41.0
plant shop,0.9779032506105566,26.0,22.0
explode,0.9779032506105566,26.0,22.0
a 30,0.9779032506105566,26.0,22.0
a bit,0.9779032506105566,26.0,22.0
better for,0.9733905336135763,35.0,32.0
breast,0.9714730676657718,25.0,21.0
a glass,0.9714730676657718,25.0,21.0
said grain,0.9714730676657718,25.0,21.0
fine for,0.9714730676657718,25.0,21.0
all of,0.9714730676657718,25.0,21.0
oil change,0.9708545227843465,80.0,85.0
call,0.9694841820076906,151.0,173.0
leader,0.9652251415703252,24.0,20.0
said her,0.9652251415703252,24.0,20.0
month or,0.9652251415703252,24.0,20.0
pays,0.9652251415703252,24.0,20.0
reach,0.9652251415703252,24.0,20.0
million,0.9651584458313254,34.0,31.0
on tiktok,0.9651584458313254,34.0,31.0
cancer because,0.9651584458313254,34.0,31.0
is unsafe,0.9651584458313254,34.0,31.0
20 000,0.9651584458313254,34.0,31.0
2 000,0.962450897321653,59.0,60.0
charges,0.9599879741787042,64.0,66.0
meat,0.9593752003754283,69.0,72.0
my passport,0.9591952691201759,23.0,19.0
hole,0.9591952691201759,23.0,19.0
my resume,0.9591952691201759,23.0,19.0
is normal,0.9591952691201759,23.0,19.0
eye strain,0.9583113759608819,53.0,53.0
a freelancer,0.9569009803893886,33.0,30.0
tap water,0.9534305059067658,58.0,59.0
the bathroom,0.9534264771487082,22.0,18.0
activated charcoal,0.9534264771487082,22.0,18.0
re,0.9534264771487082,22.0,18.0
contains,0.9534264771487082,22.0,18.0
50 000,0.9534264771487082,22.0,18.0
bulk,0.9534264771487082,22.0,18.0
one day,0.9527608063535505,40.0,38.0
good i'll,0.9513929830901657,73.0,77.0
website,0.950316897662464,100.0,110.0
5 years,0.9492266244722605,52.0,52.0
deep sleep,0.9484336039203481,46.0,45.0
smells,0.947970843392827,21.0,17.0
the freezer,0.947970843392827,21.0,17.0
falls,0.947970843392827,21.0,17.0
saved,0.947970843392827,21.0,17.0
your scalp,0.947970843392827,21.0,17.0
to warm,0.947970843392827,21.0,17.0
home remedy,0.947970843392827,21.0,17.0
on tv,0.947970843392827,21.0,17.0
it still,0.947970843392827,21.0,17.0
replace my,0.9447063116040653,77.0,82.0
hand,0.9443248731440074,57.0,58.0
carrots,0.9428918897207633,20.0,16.0
definitely a,0.9428918897207633,20.0,16.0
earn,0.9428918897207633,20.0,16.0
reject,0.9403260049282837,31.0,28.0
cards,0.9392971596244173,45.0,44.0
month old,0.9382677689684313,19.0,15.0
blocks all,0.9382677689684313,19.0,15.0
download,0.9382677689684313,19.0,15.0
sea,0.9382677689684313,19.0,15.0
an empty,0.9382677689684313,19.0,15.0
laptop,0.9356944604438913,123.0,139.0
answer,0.9351315561656266,56.0,57.0
fully charges,0.9348879500644213,38.0,36.0
a late,0.9341955703387227,18.0,14.0
corner,0.9341955703387227,18.0,14.0
teaspoon,0.9341955703387227,18.0,14.0
i had,0.9341955703387227,18.0,14.0
the machine,0.9341955703387227,18.0,14.0
water makes,0.9341955703387227,18.0,14.0
adds,0.9341955703387227,18.0,14.0
brain fog,0.9341955703387227,18.0,14.0
forum,0.9313562967572032,595.0,753.0
everyone in,0.9313383923460611,12.0,8.0
be enough,0.9313383923460611,12.0,8.0
will prevent,0.9313383923460611,12.0,8.0
to write,0.9313383923460611,12.0,8.0
it's on,0.9313383923460611,12.0,8.0
an offer,0.9313383923460611,12.0,8.0
and remove,0.9313383923460611,12.0,8.0
people in,0.9313383923460611,12.0,8.0
a six,0.9307972303306044,17.0,13.0
stop working,0.9307972303306044,17.0,13.0
feeling,0.9307972303306044,17.0,13.0
and also,0.9307972303306044,17.0,13.0
means better,0.9307972303306044,17.0,13.0
drinks,0.9307972303306044,17.0,13.0
breaks,0.9307912720191166,50.0,50.0
cycles,0.92822779547613,16.0,12.0
and do,0.92822779547613,16.0,12.0
off and,0.92822779547613,16.0,12.0
reverse osmosis,0.92822779547613,16.0,12.0
will wear,0.92822779547613,16.0,12.0
every single,0.92822779547613,16.0,12.0
osmosis,0.92822779547613,16.0,12.0
waves,0.92822779547613,16.0,12.0
cloudy,0.92822779547613,16.0,12.0
stops all,0.92822779547613,16.0,12.0
funds are,0.92822779547613,16.0,12.0
the vinegar,0.92822779547613,16.0,12.0
looks official,0.9278286793536163,13.0,9.0
phone will,0.9278286793536163,13.0,9.0
a craft,0.9278286793536163,13.0,9.0
for new,0.9278286793536163,13.0,9.0
the damage,0.9278286793536163,13.0,9.0
hide my,0.9278286793536163,13.0,9.0
gluten is,0.9278286793536163,13.0,9.0
smarter,0.9266872096331421,15.0,11.0
guy on,0.9266872096331421,15.0,11.0
is my,0.9266872096331421,15.0,11.0
says mixing,0.9266872096331421,15.0,11.0
it without,0.9266872096331421,15.0,11.0
hours and,0.9266872096331421,15.0,11.0
the counter,0.9266872096331421,15.0,11.0
the screen,0.9266872096331421,15.0,11.0
minutes before,0.9266872096331421,15.0,11.0
counselor said,0.9266872096331421,15.0,11.0
the coworker,0.9264375217308932,14.0,10.0
protein shake,0.9264375217308932,14.0,10.0
extra for,0.9264375217308932,14.0,10.0
000 to,0.9264375217308932,14.0,10.0
protect the,0.9264375217308932,14.0,10.0
on social,0.9264375217308932,14.0,10.0
a fan,0.9264375217308932,14.0,10.0
and fix,0.9264375217308932,14.0,10.0
this laptop,0.9264375217308932,14.0,10.0
brand is,0.9264375217308932,14.0,10.0
always makes,0.9264375217308932,14.0,10.0
at 80,0.9264375217308932,14.0,10.0
the side,0.9264375217308932,14.0,10.0
and if,0.9258428931794513,37.0,35.0
old,0.9253449387814311,330.0,405.0
fit,0.9237061477087843,29.0,26.0
double my,0.9237061477087843,29.0,26.0
essay,0.9153966112855475,28.0,25.0
that works,0.9153966112855475,28.0,25.0
prevent eye,0.9153966112855475,28.0,25.0
losing,0.9153966112855475,28.0,25.0
certificate,0.9153966112855475,28.0,25.0
seed,0.9153966112855475,28.0,25.0
covers,0.9146907293742422,100.0,111.0
cache,0.9139868788809056,64.0,67.0
the container,0.911983497278641,48.0,48.0
germs,0.9075308978003196,35.0,33.0
roofer,0.9070992996345177,27.0,24.0
exam,0.9070992996345177,27.0,24.0
pill,0.9070992996345177,27.0,24.0
to water,0.9070992996345177,27.0,24.0
spread,0.9070992996345177,27.0,24.0
hair blog,0.9018491075205675,41.0,40.0
save money,0.9018491075205675,41.0,40.0
a permanent,0.8988254417066162,26.0,23.0
an article,0.8988254417066162,26.0,23.0
forward,0.8988254417066162,26.0,23.0
fertilizer,0.8988254417066162,26.0,23.0
documentary,0.8968026938201806,67.0,71.0
blood pressure,0.8952676023936362,57.0,59.0
they say,0.8922481865447807,40.0,39.0
a miracle,0.890588548950266,25.0,22.0
disable,0.890588548950266,25.0,22.0
water for,0.8889180818684536,33.0,31.0
brand,0.8881200515800807,144.0,167.0
youtuber,0.8877554703688266,51.0,52.0
a job,0.8877554703688266,51.0,52.0
vinegar and,0.883021360021993,45.0,45.0
gut,0.8825459230889678,39.0,38.0
destroys all,0.8824049351155884,24.0,21.0
canned,0.8824049351155884,24.0,21.0
6 months,0.8810291553847857,70.0,75.0
few,0.8809012871976964,79.0,86.0
box,0.8760937405819607,60.0,63.0
leaves,0.8760937405819607,60.0,63.0
critical,0.8742943783350885,23.0,20.0
a chart,0.8742943783350885,23.0,20.0
tap,0.8715992563872846,69.0,74.0
your eyes,0.8700006932102695,31.0,29.0
empty,0.8700006932102695,31.0,29.0
optician,0.8700006932102695,31.0,29.0
background,0.8700006932102695,31.0,29.0
email,0.8693146290769319,149.0,174.0
chat,0.8663793748116901,59.0,62.0
pasta,0.8662809723464786,22.0,19.0
sleep and,0.8662809723464786,22.0,19.0
said an,0.8662809723464786,22.0,19.0
the warning,0.8662809723464786,22.0,19.0
teacher said,0.8628246850361827,37.0,36.0
said he,0.8604276191428846,30.0,28.0
yes,0.8604276191428846,30.0,28.0
40,0.8590610697727302,129.0,149.0
asthma,0.8583942321406298,21.0,18.0
20 is,0.8583942321406298,21.0,18.0
strip,0.8583942321406298,21.0,18.0
towers,0.8583942321406298,21.0,18.0
symbol,0.8583942321406298,21.0,18.0
times a,0.8583942321406298,21.0,18.0
it was,0.85318610752772,109.0,124.0
completely anonymous,0.8527989789845308,36.0,35.0
magnesium,0.8527989789845308,36.0,35.0
showers,0.8527989789845308,36.0,35.0
full of,0.8527989789845308,36.0,35.0
soaking,0.8507788613753778,29.0,27.0
e,0.8506705462881021,20.0,17.0
barista,0.8506705462881021,20.0,17.0
months and,0.8506705462881021,20.0,17.0
the other,0.8506705462881021,20.0,17.0
radio,0.8506705462881021,20.0,17.0
fasting,0.8461322980960897,52.0,54.0
generator,0.8431551083822789,19.0,16.0
peroxide,0.8431551083822789,19.0,16.0
hang,0.8431551083822789,19.0,16.0
sensor is,0.8431551083822789,19.0,16.0
headphones,0.8431551083822789,19.0,16.0
package,0.8428591432689939,41.0,41.0
instagram,0.8428591432689939,41.0,41.0
my bank,0.8410554063642548,28.0,26.0
the first,0.8394329836244416,119.0,137.0
2 hours,0.8377421146048953,46.0,47.0
closing,0.8377421146048953,46.0,47.0
coworker says,0.8367894856881494,87.0,97.0
detailer said,0.8359045210517347,18.0,15.0
cures seasonal,0.8359045210517347,18.0,15.0
press,0.8359045210517347,18.0,15.0
cold milk,0.8359045210517347,18.0,15.0
can do,0.8359045210517347,18.0,15.0
eat the,0.8359045210517347,18.0,15.0
spoonful of,0.8359045210517347,18.0,15.0
for all,0.8327362652713635,122.0,141.0
rot,0.8325160214870491,40.0,40.0
pregnancy,0.8323992988013583,34.0,33.0
technician,0.8323992988013583,34.0,33.0
alternator,0.8312588247539736,27.0,25.0
dealer said,0.8312588247539736,27.0,25.0
fence,0.8312588247539736,27.0,25.0
says using,0.8290385634614597,60.0,64.0
for five,0.8289903605955715,17.0,14.0
inflammatory,0.8289903605955715,17.0,14.0
the wifi,0.8289903605955715,17.0,14.0
acid reflux,0.8289903605955715,17.0,14.0
plant group,0.8289903605955715,17.0,14.0
teen,0.8289903605955715,17.0,14.0
said adding,0.8289903605955715,17.0,14.0
the salesperson,0.8284143868752156,151.0,178.0
total,0.8273824075059426,45.0,46.0
stains,0.8256961555705998,50.0,52.0
apple,0.8244779078252507,73.0,80.0
drain,0.8226068016830558,117.0,135.0
half the,0.8225041404111765,16.0,13.0
rays,0.8225041404111765,16.0,13.0
child's,0.8225041404111765,16.0,13.0
wins,0.8225041404111765,16.0,13.0
compression,0.8225041404111765,16.0,13.0
slowly,0.8225041404111765,16.0,13.0
scalp cures,0.8225041404111765,16.0,13.0
gives a,0.8225041404111765,16.0,13.0
voids,0.8225041404111765,16.0,13.0
eye damage,0.8225041404111765,16.0,13.0
year and,0.8225041404111765,16.0,13.0
the wall,0.8225041404111765,16.0,13.0
interviews,0.8225041404111765,16.0,13.0
components,0.8225041404111765,16.0,13.0
becomes,0.822017540444979,33.0,32.0
5000,0.822017540444979,33.0,32.0
cucumber slices,0.8213914202273522,26.0,24.0
activated,0.8213914202273522,26.0,24.0
a mattress,0.8213914202273522,26.0,24.0
a raw,0.8165643558442874,15.0,12.0
free and,0.8165643558442874,15.0,12.0
because one,0.8165643558442874,15.0,12.0
data i'll,0.8165643558442874,15.0,12.0
the end,0.8165643558442874,15.0,12.0
for 500,0.8165643558442874,15.0,12.0
always buy,0.8165643558442874,15.0,12.0
drinking water,0.8165643558442874,15.0,12.0
eventually,0.8165643558442874,15.0,12.0
to skip,0.8165643558442874,15.0,12.0
make you,0.81150898701576,32.0,31.0
loses,0.8114564185563022,25.0,23.0
the five,0.8114564185563022,25.0,23.0
charges a,0.8114344903554845,38.0,38.0
with wet,0.8113267029488803,14.0,11.0
the black,0.8113267029488803,14.0,11.0
the lawn,0.8113267029488803,14.0,11.0
paint will,0.8113267029488803,14.0,11.0
changes every,0.8113267029488803,14.0,11.0
to wash,0.8113267029488803,14.0,11.0
can go,0.8113267029488803,14.0,11.0
also said,0.8113267029488803,14.0,11.0
a protein,0.8113267029488803,14.0,11.0
cleaner said,0.8113267029488803,14.0,11.0
water my,0.8113267029488803,14.0,11.0
i really,0.8113267029488803,14.0,11.0
add fish,0.8113267029488803,14.0,11.0
a youtube,0.810163534994526,80.0,89.0
the bedroom,0.8069992738384719,13.0,10.0
rush,0.8069992738384719,13.0,10.0
sleep by,0.8069992738384719,13.0,10.0
dangerous and,0.8069992738384719,13.0,10.0
but i'm,0.8069992738384719,13.0,10.0
a flyer,0.8069992738384719,13.0,10.0
because there's,0.8069992738384719,13.0,10.0
you the,0.8069992738384719,13.0,10.0
is dirty,0.8069992738384719,13.0,10.0
is failing,0.8069992738384719,13.0,10.0
annually,0.8069992738384719,13.0,10.0
putting butter,0.8069992738384719,13.0,10.0
eating local,0.8069992738384719,13.0,10.0
when it,0.8069992738384719,13.0,10.0
group chat,0.8047663767397216,48.0,50.0
trying it,0.8038658091531504,12.0,9.0
boost my,0.8038658091531504,12.0,9.0
making a,0.8038658091531504,12.0,9.0
to increase,0.8038658091531504,12.0,9.0
charge to,0.8038658091531504,12.0,9.0
prove it,0.8038658091531504,12.0,9.0
same thing,0.8038658091531504,12.0,9.0
number so,0.8038658091531504,12.0,9.0
dealership says,0.8038658091531504,12.0,9.0
the dry,0.8038658091531504,12.0,9.0
many people,0.8038658091531504,12.0,9.0
causes brain,0.8014582093336762,24.0,22.0
tomato,0.8014582093336762,24.0,22.0
your car,0.8006856734094321,37.0,37.0
adding,0.7991406498474813,95.0,108.0
reduce,0.7986223097938616,140.0,165.0
workout,0.7950650904402127,70.0,77.0
heart,0.7950606092710693,110.0,127.0
machine,0.7926099203865624,74.0,82.0
just accept,0.7914026573802562,23.0,21.0
to send,0.7914026573802562,23.0,21.0
waterproof,0.7914026573802562,23.0,21.0
in summer,0.7914026573802562,23.0,21.0
the guru,0.7914026573802562,23.0,21.0
boiling,0.7900936877992777,30.0,29.0
split,0.7897906292229682,36.0,36.0
returns,0.7846014732306864,41.0,42.0
pump,0.7846014732306864,41.0,42.0
cited,0.7827360288788382,73.0,81.0
dish,0.7812975072308623,22.0,20.0
idling,0.7812975072308623,22.0,20.0
to insulate,0.7812975072308623,22.0,20.0
rinsing,0.7812975072308623,22.0,20.0
just trust,0.7812975072308623,22.0,20.0
manager said,0.7812975072308623,22.0,20.0
python,0.7791774822431812,29.0,28.0
near a,0.7787432204224894,35.0,35.0
of driving,0.7787432204224894,35.0,35.0
i must,0.7731679816999335,144.0,171.0
evening,0.7711529133375663,21.0,19.0
employer,0.7711529133375663,21.0,19.0
yellow leaves,0.7711529133375663,21.0,19.0
the box,0.7711529133375663,21.0,19.0
vinegar cures,0.7711529133375663,21.0,19.0
better than,0.7695926902589151,140.0,166.0
steam,0.7681155469672538,28.0,27.0
dust,0.7675368679350235,34.0,34.0
family member,0.7675368679350235,34.0,34.0
pipes,0.7675368679350235,34.0,34.0
website says,0.7675368679350235,34.0,34.0
bill,0.7647644687899324,67.0,74.0
every year,0.762698132296254,71.0,79.0
people,0.7625508302257775,302.0,377.0
constantly,0.7609821421271477,20.0,18.0
seasonal allergies,0.7609821421271477,20.0,18.0
clog,0.7609821421271477,20.0,18.0
fungus,0.7609821421271477,20.0,18.0
yet,0.7609821421271477,20.0,18.0
is wasted,0.7609821421271477,20.0,18.0
causes permanent,0.7609821421271477,20.0,18.0
day ?,0.7609821421271477,20.0,18.0
do anything,0.7609821421271477,20.0,18.0
safest,0.7569025656633871,27.0,26.0
cool,0.7569025656633871,27.0,26.0
college,0.7569025656633871,27.0,26.0
bin,0.7561645051604796,33.0,33.0
within 30,0.7561645051604796,33.0,33.0
meditation,0.7561645051604796,33.0,33.0
has the,0.7509505122347641,38.0,39.0
camera is,0.750802512114236,19.0,17.0
lower back,0.750802512114236,19.0,17.0
floors,0.750802512114236,19.0,17.0
speech,0.750802512114236,19.0,17.0
mum says,0.750802512114236,19.0,17.0
to break,0.750802512114236,19.0,17.0
ibuprofen,0.750802512114236,19.0,17.0
lube place,0.7455329833011404,26.0,25.0
says an,0.7455329833011404,26.0,25.0
three weeks,0.7455329833011404,26.0,25.0
was wrong,0.7455329833011404,26.0,25.0
wall,0.7450075656624627,52.0,56.0
driving fully,0.7446185258431789,32.0,32.0
that makes,0.7422559988763011,69.0,77.0
flush,0.7409972404751994,115.0,135.0
babies,0.7408036552197416,47.0,50.0
upfront,0.7406366686339552,18.0,16.0
sent me,0.7406366686339552,18.0,16.0
swimming,0.7406366686339552,18.0,16.0
a headache,0.7406366686339552,18.0,16.0
said we,0.7406366686339552,18.0,16.0
password managers,0.7406366686339552,18.0,16.0
says charging,0.7406366686339552,18.0,16.0
register,0.7406366686339552,18.0,16.0
repels,0.7406366686339552,18.0,16.0
apps,0.7398236689823743,56.0,61.0
crash,0.7398236689823743,56.0,61.0
making,0.7398236689823743,56.0,61.0
repairs,0.7386287385175165,42.0,44.0
cats,0.7386287385175165,42.0,44.0
chicken,0.7386287385175165,42.0,44.0
80,0.7368131719092239,150.0,180.0
car for,0.7340010116274942,25.0,24.0
free is,0.7340010116274942,25.0,24.0
is extra,0.7340010116274942,25.0,24.0
together reduces,0.7328907245503836,31.0,31.0
using cold,0.7328907245503836,31.0,31.0
info,0.7328907245503836,31.0,31.0
mixing,0.7328907245503836,31.0,31.0
advisor,0.7318763898882585,68.0,76.0
attendant,0.7305143366271958,17.0,15.0
can't get,0.7305143366271958,17.0,15.0
the workout,0.7305143366271958,17.0,15.0
says soaking,0.7305143366271958,17.0,15.0
dandruff and,0.7305143366271958,17.0,15.0
only the,0.7305143366271958,17.0,15.0
windshield,0.7305143366271958,17.0,15.0
right after,0.7305143366271958,17.0,15.0
must do,0.7305143366271958,17.0,15.0
the forecast,0.7305143366271958,17.0,15.0
risk i'll,0.7305143366271958,17.0,15.0
worrying about,0.7305143366271958,17.0,15.0
says eating,0.729459879198383,46.0,49.0
bread,0.7288674214927575,55.0,60.0
running,0.7243446933796007,131.0,156.0
cramps,0.7223006431537482,24.0,23.0
stretches,0.7223006431537482,24.0,23.0
in water,0.7223006431537482,24.0,23.0
and causes,0.7209722284343417,30.0,30.0
tooth,0.7204747688734531,16.0,14.0
be better,0.7204747688734531,16.0,14.0
it's still,0.7204747688734531,16.0,14.0
i'll continue,0.7204747688734531,16.0,14.0
repairman,0.7204747688734531,16.0,14.0
wipe,0.7204747688734531,16.0,14.0
have one,0.7204747688734531,16.0,14.0
the dead,0.7204747688734531,16.0,14.0
deposit,0.7168218626098244,105.0,123.0
only need,0.715756475547351,35.0,36.0
grass,0.715756475547351,35.0,36.0
safe for,0.7120785054586681,62.0,69.0
stock,0.7113029145929974,49.0,53.0
says ai,0.7105702266837662,15.0,13.0
it healthy,0.7105702266837662,15.0,13.0
by half,0.7105702266837662,15.0,13.0
4 weeks,0.7105702266837662,15.0,13.0
a refund,0.7105702266837662,15.0,13.0
water on,0.7105702266837662,15.0,13.0
is already,0.7105702266837662,15.0,13.0
photos are,0.7105702266837662,15.0,13.0
stopping,0.7105702266837662,15.0,13.0
never needs,0.7105702266837662,15.0,13.0
accept that,0.7105702266837662,15.0,13.0
a sunburn,0.7105702266837662,15.0,13.0
stainless,0.7105702266837662,15.0,13.0
buddy says,0.7105702266837662,15.0,13.0
microwaves,0.7105702266837662,15.0,13.0
all tracking,0.7105702266837662,15.0,13.0
renew,0.7104256774826911,23.0,22.0
cannot,0.7104256774826911,23.0,22.0
and won't,0.7104256774826911,23.0,22.0
hired,0.7088534186651491,29.0,29.0
ground,0.7088534186651491,29.0,29.0
light,0.7068276348865611,226.0,280.0
damage,0.7041530120262047,283.0,355.0
apartment,0.7036441903905106,34.0,35.0
saving,0.7036441903905106,34.0,35.0
health,0.7034659294259312,376.0,478.0
batteries,0.7022937505982839,81.0,93.0
deadly,0.7008710289262906,14.0,12.0
player,0.7008710289262906,14.0,12.0
contain,0.7008710289262906,14.0,12.0
pay extra,0.7008710289262906,14.0,12.0
doses,0.7008710289262906,14.0,12.0
even with,0.7008710289262906,14.0,12.0
my bathroom,0.7008710289262906,14.0,12.0
before charging,0.7008710289262906,14.0,12.0
not worry,0.6997627712135364,48.0,52.0
a few,0.6997423180797657,69.0,78.0
bpa,0.6983697655207336,22.0,21.0
stocks,0.6983697655207336,22.0,21.0
11,0.6983697655207336,22.0,21.0
choice,0.6983697655207336,22.0,21.0
that to,0.6965238395566258,28.0,28.0
i'll drive,0.6944440809231278,43.0,46.0
ink,0.6944440809231278,43.0,46.0
cube,0.6914730463117897,13.0,11.0
close to,0.6914730463117897,13.0,11.0
speaker,0.6914730463117897,13.0,11.0
i'll wash,0.6914730463117897,13.0,11.0
permanent fix,0.6914730463117897,13.0,11.0
air fryers,0.6914730463117897,13.0,11.0
lung,0.6914730463117897,13.0,11.0
can drink,0.6914730463117897,13.0,11.0
steal,0.6914730463117897,13.0,11.0
fryers,0.6914730463117897,13.0,11.0
ice cube,0.6914730463117897,13.0,11.0
work on,0.6914730463117897,13.0,11.0
48,0.6913256431693758,33.0,34.0
my manager,0.6913256431693758,33.0,34.0
root,0.6912647735459984,38.0,40.0
hours a,0.6912647735459984,38.0,40.0
garage,0.6912647735459984,38.0,40.0
pharmacist,0.6901614195469062,60.0,67.0
in 3,0.6901614195469062,60.0,67.0
external drive,0.6861264796162104,21.0,20.0
covers everything,0.6861264796162104,21.0,20.0
spanish in,0.6861264796162104,21.0,20.0
for 2,0.6861264796162104,21.0,20.0
failing,0.683972092943495,27.0,27.0
90 days,0.683972092943495,27.0,27.0
will cost,0.683972092943495,27.0,27.0
hours or,0.6825091239138261,12.0,10.0
need 10,0.6825091239138261,12.0,10.0
plateau,0.6825091239138261,12.0,10.0
remove the,0.6825091239138261,12.0,10.0
more often,0.6825091239138261,12.0,10.0
to install,0.6825091239138261,12.0,10.0
glasses are,0.6825091239138261,12.0,10.0
afternoon,0.6825091239138261,12.0,10.0
the contract,0.6824208564740395,42.0,45.0
it can,0.6790189595108754,71.0,81.0
rotate,0.678946287144714,37.0,39.0
cold showers,0.678790155904347,32.0,33.0
after a,0.6764247491028419,86.0,100.0
beauty blog,0.67416703669308,11.0,9.0
reset my,0.67416703669308,11.0,9.0
that one,0.67416703669308,11.0,9.0
heating bills,0.67416703669308,11.0,9.0
talking about,0.67416703669308,11.0,9.0
as it,0.67416703669308,11.0,9.0
a cotton,0.67416703669308,11.0,9.0
the entire,0.67416703669308,11.0,9.0
your metabolism,0.6736894214002473,20.0,19.0
never give,0.6736894214002473,20.0,19.0
a sports,0.6736894214002473,20.0,19.0
i'm planning,0.6736894214002473,20.0,19.0
my ac,0.6736894214002473,20.0,19.0
holding,0.6736894214002473,20.0,19.0
workout is,0.6736894214002473,20.0,19.0
hides,0.6736894214002473,20.0,19.0
indoors,0.6736894214002473,20.0,19.0
person said,0.6736894214002473,20.0,19.0
that as,0.6736894214002473,20.0,19.0
drains,0.6711857147744746,26.0,26.0
says 10,0.6711857147744746,26.0,26.0
ever,0.6702092097847959,41.0,44.0
mother in,0.6702092097847959,41.0,44.0
comment,0.6671815216961487,62.0,70.0
and need,0.6664184099905319,36.0,38.0
planner said,0.6610523847707747,19.0,18.0
doctors,0.6610523847707747,19.0,18.0
gigabit,0.6610523847707747,19.0,18.0
minutes after,0.6610523847707747,19.0,18.0
listening to,0.6610523847707747,19.0,18.0
30 minute,0.6610523847707747,19.0,18.0
hour is,0.6610523847707747,19.0,18.0
in law,0.6600843235557787,49.0,54.0
client,0.6575217304818662,69.0,79.0
on your,0.6565733428197039,95.0,112.0
the dealer,0.6530208430992487,30.0,31.0
use my,0.6530208430992487,30.0,31.0
it if,0.6530208430992487,30.0,31.0
food in,0.6482096001887544,18.0,17.0
a 100,0.6482096001887544,18.0,17.0
gel,0.6482096001887544,18.0,17.0
cancer and,0.6482096001887544,18.0,17.0
airplane mode,0.6482096001887544,18.0,17.0
it then,0.6482096001887544,18.0,17.0
breast cancer,0.6482096001887544,18.0,17.0
windows,0.645935979372279,139.0,169.0
from the,0.6454843455813821,149.0,182.0
under the,0.6448529817799802,24.0,24.0
can see,0.6448529817799802,24.0,24.0
says every,0.6448529817799802,24.0,24.0
napoleon,0.6406916495640789,34.0,36.0
start with,0.6406916495640789,34.0,36.0
documentary said,0.6406916495640789,34.0,36.0
lowers it,0.6406916495640789,34.0,36.0
make it,0.6358626116571098,47.0,52.0
will it,0.6351561001424231,17.0,16.0
restore,0.6351561001424231,17.0,16.0
doctor said,0.6351561001424231,17.0,16.0
wellness influencer,0.6323556387497845,38.0,41.0
cracking,0.6312749264078158,23.0,23.0
pregnant,0.6312749264078158,23.0,23.0
playing,0.6312749264078158,23.0,23.0
viral video,0.6312749264078158,23.0,23.0
seats,0.6312749264078158,23.0,23.0
month to,0.6312749264078158,23.0,23.0
in spanish,0.6312749264078158,23.0,23.0
too much,0.6274690630495282,33.0,35.0
breathing,0.6262298141364168,28.0,29.0
hide,0.6262298141364168,28.0,29.0
words,0.6262298141364168,28.0,29.0
wool,0.6262298141364168,28.0,29.0
knees,0.6218882675271057,16.0,15.0
kills mold,0.6218882675271057,16.0,15.0
students,0.6218882675271057,16.0,15.0
steel,0.6218882675271057,16.0,15.0
month because,0.6218882675271057,16.0,15.0
to me,0.6218882675271057,16.0,15.0
master,0.6218882675271057,16.0,15.0
the juices,0.6218882675271057,16.0,15.0
in five,0.6218882675271057,16.0,15.0
next to,0.6218882675271057,16.0,15.0
neighbour says,0.6210607751117972,102.0,122.0
train,0.6192988067863587,37.0,40.0
on the,0.6187908895783324,361.0,463.0
seasonal,0.6173983902209319,22.0,22.0
mom group,0.6173983902209319,22.0,22.0
talking,0.6173983902209319,22.0,22.0
important,0.6139894586057134,32.0,34.0
fruit,0.6139894586057134,32.0,34.0
pad,0.6139894586057134,32.0,34.0
in order,0.61241207754444,27.0,28.0
blocking,0.61241207754444,27.0,28.0
freezer,0.61241207754444,27.0,28.0
white vinegar,0.61241207754444,27.0,28.0
calcium,0.61241207754444,27.0,28.0
eliminate,0.61241207754444,27.0,28.0
there's no,0.6096981707832888,57.0,65.0
during pregnancy,0.6084046644859112,15.0,14.0
5g towers,0.6084046644859112,15.0,14.0
a storm,0.6084046644859112,15.0,14.0
deodorant,0.6084046644859112,15.0,14.0
the planner,0.6084046644859112,15.0,14.0
vinegar is,0.6084046644859112,15.0,14.0
disinfectant,0.6084046644859112,15.0,14.0
seals,0.6084046644859112,15.0,14.0
the news,0.6084046644859112,15.0,14.0
blue light,0.6063232776035475,97.0,116.0
because a,0.6060041486168879,36.0,39.0
seller says,0.6044051431798191,68.0,79.0
the dealership,0.6032027741305426,21.0,21.0
not going,0.6032027741305426,21.0,21.0
chat said,0.6032027741305426,21.0,21.0
must always,0.6032027741305426,21.0,21.0
says leaving,0.6032027741305426,21.0,21.0
tiktok says,0.6009922539474112,40.0,44.0
vaccine,0.6002381713452392,31.0,33.0
is on,0.596879278386889,48.0,54.0
tickets,0.596879278386889,48.0,54.0
apply for,0.594707299282641,14.0,13.0
blades,0.594707299282641,14.0,13.0
clear cache,0.594707299282641,14.0,13.0
resets your,0.594707299282641,14.0,13.0
tickets are,0.594707299282641,14.0,13.0
i add,0.594707299282641,14.0,13.0
pre existing,0.594707299282641,14.0,13.0
only one,0.594707299282641,14.0,13.0
websites,0.594707299282641,14.0,13.0
anxiety by,0.594707299282641,14.0,13.0
on them,0.594707299282641,14.0,13.0
can take,0.594707299282641,14.0,13.0
fixed,0.5930951865592144,67.0,78.0
fluency,0.5924593041768228,35.0,38.0
demand,0.5924593041768228,35.0,38.0
a mom,0.5924593041768228,35.0,38.0
problem,0.5912198291341535,92.0,110.0
? right,0.5886649948187892,20.0,20.0
cloud backup,0.5886649948187892,20.0,20.0
orchids,0.5886649948187892,20.0,20.0
you never,0.5886649948187892,20.0,20.0
says microwaving,0.5861991462088182,30.0,32.0
brands,0.5861991462088182,30.0,32.0
ignore it,0.5861991462088182,30.0,32.0
primer,0.5861991462088182,30.0,32.0
they can't,0.5838392557635661,25.0,26.0
that it's,0.5838392557635661,25.0,26.0
2 weeks,0.5808035923289931,13.0,12.0
food poisoning,0.5808035923289931,13.0,12.0
a black,0.5808035923289931,13.0,12.0
hours before,0.5808035923289931,13.0,12.0
go through,0.5808035923289931,13.0,12.0
will grow,0.5808035923289931,13.0,12.0
a deposit,0.5808035923289931,13.0,12.0
says always,0.5808035923289931,13.0,12.0
it uses,0.5808035923289931,13.0,12.0
appliances,0.5808035923289931,13.0,12.0
says our,0.5808035923289931,13.0,12.0
down the,0.5808035923289931,13.0,12.0
allergies because,0.5808035923289931,13.0,12.0
store worker,0.5808035923289931,13.0,12.0
loud,0.5808035923289931,13.0,12.0
lose a,0.5808035923289931,13.0,12.0
for 8,0.5808035923289931,13.0,12.0
you more,0.5808035923289931,13.0,12.0
sludge,0.5808035923289931,13.0,12.0
suppresses,0.5808035923289931,13.0,12.0
sentence,0.5808035923289931,13.0,12.0
that cause,0.5808035923289931,13.0,12.0
bills,0.578650863422439,34.0,37.0
someone said,0.5742022760693407,38.0,42.0
screens,0.5739429860414731,69.0,81.0
puffiness better,0.573759043907525,19.0,19.0
a burn,0.573759043907525,19.0,19.0
in their,0.573759043907525,19.0,19.0
earlier,0.573759043907525,19.0,19.0
he can,0.5719556490217994,42.0,47.0
always use,0.5718547519941555,29.0,31.0
chef,0.5718547519941555,29.0,31.0
napoleon was,0.5718547519941555,29.0,31.0
3 years,0.5690406904863886,24.0,25.0
plug,0.5690406904863886,24.0,25.0
need for,0.5690406904863886,24.0,25.0
cut the,0.566709487027443,12.0,11.0
approval,0.566709487027443,12.0,11.0
a comment,0.566709487027443,12.0,11.0
a dead,0.566709487027443,12.0,11.0
legally required,0.566709487027443,12.0,11.0
the negative,0.566709487027443,12.0,11.0
i'll file,0.566709487027443,12.0,11.0
is essential,0.566709487027443,12.0,11.0
the property,0.566709487027443,12.0,11.0
get more,0.566709487027443,12.0,11.0
offer is,0.566709487027443,12.0,11.0
wifi router,0.566709487027443,12.0,11.0
raise my,0.566709487027443,12.0,11.0
must drink,0.566709487027443,12.0,11.0
illness,0.566709487027443,12.0,11.0
gas,0.5625011510245145,68.0,80.0
keeping,0.5604362260650115,37.0,41.0
a post,0.5597966189323422,82.0,98.0
cold tea,0.5584554411414087,18.0,18.0
part of,0.5584554411414087,18.0,18.0
three years,0.5584554411414087,18.0,18.0
system will,0.5584554411414087,18.0,18.0
living room,0.5584554411414087,18.0,18.0
hike,0.5571855629050871,28.0,30.0
event,0.5571855629050871,28.0,30.0
reading,0.5555747325831135,71.0,84.0
you only,0.5538673874765907,23.0,24.0
washing machine,0.5538673874765907,23.0,24.0
you a,0.5538673874765907,23.0,24.0
in all,0.5538673874765907,23.0,24.0
always send,0.5524544925012285,11.0,10.0
change engine,0.5524544925012285,11.0,10.0
year i,0.5524544925012285,11.0,10.0
philosophy,0.5524544925012285,11.0,10.0
my data,0.5524544925012285,11.0,10.0
said there,0.5524544925012285,11.0,10.0
call it,0.5524544925012285,11.0,10.0
calendar,0.5524544925012285,11.0,10.0
can add,0.5524544925012285,11.0,10.0
get in,0.5524544925012285,11.0,10.0
car won't,0.5524544925012285,11.0,10.0
it more,0.5524544925012285,11.0,10.0
dandruff because,0.5524544925012285,11.0,10.0
improves fuel,0.5524544925012285,11.0,10.0
dog ate,0.5524544925012285,11.0,10.0
a computer,0.5524544925012285,11.0,10.0
phone camera,0.5524544925012285,11.0,10.0
all plants,0.5524544925012285,11.0,10.0
bleach and,0.5524544925012285,11.0,10.0
the law,0.5512072772247588,56.0,65.0
dementia,0.5501835370326728,32.0,35.0
to clean,0.5501835370326728,32.0,35.0
megapixels,0.5501835370326728,32.0,35.0
inches,0.5501835370326728,32.0,35.0
18,0.5501835370326728,32.0,35.0
95,0.544868736303739,40.0,45.0
lens,0.544868736303739,40.0,45.0
miles for,0.5427205486702472,17.0,17.0
degrees,0.5427205486702472,17.0,17.0
grease,0.5427205486702472,17.0,17.0
causes weight,0.5427205486702472,17.0,17.0
a survival,0.5427205486702472,17.0,17.0
becomes toxic,0.5427205486702472,17.0,17.0
gas station,0.5427205486702472,17.0,17.0
plugged in,0.5427205486702472,17.0,17.0
plugged,0.5427205486702472,17.0,17.0
run,0.539653038641569,159.0,199.0
date,0.5392206746755512,87.0,105.0
a plant,0.5387504156125208,55.0,64.0
gallon,0.5382904671611467,22.0,23.0
thread,0.5382904671611467,22.0,23.0
says adding,0.5354913621694816,31.0,34.0
fitness influencer,0.5354913621694816,31.0,34.0
a cooking,0.5354913621694816,31.0,34.0
my entire,0.5354913621694816,31.0,34.0
over,0.5351764293943929,248.0,317.0
always means,0.5320970501418703,35.0,39.0
laundry,0.5320970501418703,35.0,39.0
ruin,0.53014007464503,58.0,68.0
case,0.5285405984239908,86.0,104.0
online,0.5270954765004103,198.0,251.0
nonstick,0.5265157007068157,16.0,16.0
drives,0.5265157007068157,16.0,16.0
before running,0.5265157007068157,16.0,16.0
lenses,0.5265157007068157,16.0,16.0
and prevent,0.5265157007068157,16.0,16.0
cold cucumber,0.5265157007068157,16.0,16.0
16gb,0.5265157007068157,16.0,16.0
used coffee,0.5265157007068157,16.0,16.0
baby cry,0.5265157007068157,16.0,16.0
phone store,0.5265157007068157,16.0,16.0
fight,0.5265157007068157,16.0,16.0
keep a,0.5265157007068157,16.0,16.0
by law,0.5265157007068157,16.0,16.0
printing,0.5265157007068157,16.0,16.0
standing,0.5225907007172137,50.0,58.0
coat,0.5222772507986587,21.0,22.0
a website,0.5222772507986587,21.0,22.0
spring,0.5204686528269378,30.0,33.0
miles is,0.5176760181215584,57.0,67.0
quick lube,0.5176672140794425,42.0,48.0
coating,0.5174946238156808,34.0,38.0
reviewer,0.5174946238156808,34.0,38.0
opening,0.5110022804531095,25.0,27.0
15 000,0.5110022804531095,25.0,27.0
fertiliser,0.5097960839057476,15.0,15.0
replacement i,0.5097960839057476,15.0,15.0
the fence,0.5097960839057476,15.0,15.0
blankets,0.5097960839057476,15.0,15.0
heated,0.5097960839057476,15.0,15.0
quiet,0.5097960839057476,15.0,15.0
are guaranteed,0.5097960839057476,15.0,15.0
saying a,0.5097960839057476,15.0,15.0
cleaned,0.5097960839057476,15.0,15.0
flyer says,0.5097960839057476,15.0,15.0
shut,0.5097960839057476,15.0,15.0
and use,0.5090555234554388,67.0,80.0
my credit,0.5061271227187446,45.0,52.0
terrible,0.505790538680239,20.0,21.0
on his,0.505790538680239,20.0,21.0
said that's,0.505790538680239,20.0,21.0
broker,0.505790538680239,20.0,21.0
verbal,0.5050944407349017,29.0,32.0
flat,0.5050431643205148,56.0,66.0
pet,0.5049875730414276,120.0,149.0
agent said,0.504627998246901,107.0,132.0
score,0.5036725500464179,139.0,174.0
cry it,0.49479363018117306,24.0,26.0
headache,0.49479363018117306,24.0,26.0
sells,0.49479363018117306,24.0,26.0
handle,0.49479363018117306,24.0,26.0
blossom end,0.4925092752153275,14.0,14.0
a dating,0.4925092752153275,14.0,14.0
fewer,0.4925092752153275,14.0,14.0
memory foam,0.4925092752153275,14.0,14.0
sitting is,0.4925092752153275,14.0,14.0
immediate,0.4925092752153275,14.0,14.0
tv said,0.4925092752153275,14.0,14.0
far,0.4925092752153275,14.0,14.0
end rot,0.4925092752153275,14.0,14.0
blossom,0.4925092752153275,14.0,14.0
and leave,0.4925092752153275,14.0,14.0
even in,0.4925092752153275,14.0,14.0
flu shot,0.4925092752153275,14.0,14.0
fishing,0.4925092752153275,14.0,14.0
skipping,0.4925092752153275,14.0,14.0
a private,0.4925092752153275,14.0,14.0
engine oil,0.4925092752153275,14.0,14.0
bank,0.4920621554560121,86.0,105.0
hours of,0.4909848080345369,62.0,74.0
probably,0.49009925034042384,128.0,160.0
cousin says,0.4893455881692501,28.0,31.0
browsing,0.48878770539806965,19.0,20.0
freelancer group,0.48878770539806965,19.0,20.0
tutor,0.48878770539806965,19.0,20.0
a salesman,0.48878770539806965,19.0,20.0
to kill,0.48878770539806965,19.0,20.0
boxes,0.48878770539806965,19.0,20.0
window is,0.48878770539806965,19.0,20.0
even though,0.4871305493948983,51.0,60.0
early,0.4852577755886398,92.0,113.0
microwave safe,0.4824301264714917,47.0,55.0
i didn't,0.4824301264714917,47.0,55.0
i get,0.479451212346674,98.0,121.0
gum,0.47812514606806206,23.0,25.0
the tire,0.47812514606806206,23.0,25.0
popular,0.47812514606806206,23.0,25.0
oven,0.47812514606806206,23.0,25.0
spoons,0.47812514606806206,23.0,25.0
lime,0.47812514606806206,23.0,25.0
with ice,0.47812514606806206,23.0,25.0
monstera,0.47812514606806206,23.0,25.0
it's for,0.4745932996923424,13.0,13.0
first 3,0.4745932996923424,13.0,13.0
the package,0.4745932996923424,13.0,13.0
puffiness best,0.4745932996923424,13.0,13.0
bugs,0.4745932996923424,13.0,13.0
a room,0.4745932996923424,13.0,13.0
dishes,0.4745932996923424,13.0,13.0
always ask,0.4745932996923424,13.0,13.0
written contract,0.4745932996923424,13.0,13.0
destroy the,0.4745932996923424,13.0,13.0
give you,0.4745932996923424,13.0,13.0
accountant,0.4745932996923424,13.0,13.0
a college,0.4745932996923424,13.0,13.0
overnight ruins,0.4745932996923424,13.0,13.0
studio,0.4745932996923424,13.0,13.0
drinking apple,0.4745932996923424,13.0,13.0
sprain,0.4745932996923424,13.0,13.0
to change,0.4737435883856734,50.0,59.0
waiting,0.47319647421580396,27.0,30.0
seat,0.47319647421580396,27.0,30.0
up my,0.47319647421580396,27.0,30.0
tyre shop,0.4725595208314569,35.0,40.0
recharge,0.4725595208314569,35.0,40.0
write off,0.47175175409605213,31.0,35.0
charging your,0.4712195530948827,18.0,19.0
bee,0.4712195530948827,18.0,19.0
investing,0.4712195530948827,18.0,19.0
window locks,0.4712195530948827,18.0,19.0
water a,0.4712195530948827,18.0,19.0
game,0.4686098276714054,46.0,54.0
consultant,0.466071469343288,53.0,63.0
lock,0.46398834161361946,42.0,49.0
cap,0.46398834161361946,42.0,49.0
miss,0.4609590435917272,22.0,24.0
i'm trying,0.4609590435917272,22.0,24.0
non refundable,0.4609590435917272,22.0,24.0
a money,0.4609590435917272,22.0,24.0
stages,0.46014886563423013,49.0,58.0
nitrogen,0.46008334783922206,38.0,44.0
container is,0.46008334783922206,38.0,44.0
become fluent,0.46008334783922206,38.0,44.0
for your,0.45661862210750775,26.0,29.0
counselor,0.45661862210750775,26.0,29.0
so even,0.4559740003383143,12.0,12.0
always be,0.4559740003383143,12.0,12.0
an eye,0.4559740003383143,12.0,12.0
best ?,0.4559740003383143,12.0,12.0
trained,0.4559740003383143,12.0,12.0
toxic and,0.4559740003383143,12.0,12.0
be one,0.4559740003383143,12.0,12.0
rated,0.4559740003383143,12.0,12.0
dead battery,0.4559740003383143,12.0,12.0
banned,0.4559740003383143,12.0,12.0
it takes,0.4559740003383143,12.0,12.0
my tomatoes,0.4559740003383143,12.0,12.0
only a,0.4559740003383143,12.0,12.0
confirming,0.4559740003383143,12.0,12.0
impossible to,0.4559740003383143,12.0,12.0
plan is,0.4559740003383143,12.0,12.0
is caused,0.4530288399783387,17.0,18.0
mineral,0.4530288399783387,17.0,18.0
realtor,0.4530288399783387,17.0,18.0
battery to,0.4530288399783387,17.0,18.0
says standing,0.4530288399783387,17.0,18.0
kidney,0.4530288399783387,17.0,18.0
takes,0.45270138946977434,52.0,62.0
else,0.45270138946977434,52.0,62.0
group says,0.45093061425337544,167.0,213.0
says to,0.44943510422149596,41.0,48.0
company,0.44695142663897586,303.0,395.0
wood,0.44611216347634236,55.0,66.0
protein,0.4436250360847644,101.0,126.0
years of,0.44325237975871185,21.0,23.0
probiotic,0.44325237975871185,21.0,23.0
disease,0.4419365669810274,88.0,109.0
a viral,0.4417566112302547,104.0,130.0
every 6,0.43958025386329436,25.0,28.0
pitcher,0.43958025386329436,25.0,28.0
cardio,0.43958025386329436,25.0,28.0
a home,0.43907960495087084,135.0,171.0
previous,0.4365613963553328,11.0,11.0
the drain,0.4365613963553328,11.0,11.0
cup of,0.4365613963553328,11.0,11.0
a relationship,0.4365613963553328,11.0,11.0
it becomes,0.4365613963553328,11.0,11.0
a ticket,0.4365613963553328,11.0,11.0
overnight destroys,0.4365613963553328,11.0,11.0
father,0.4365613963553328,11.0,11.0
a well,0.4365613963553328,11.0,11.0
causes breast,0.4365613963553328,11.0,11.0
won't start,0.4365613963553328,11.0,11.0
should go,0.4365613963553328,11.0,11.0
sprained,0.4365613963553328,11.0,11.0
spoons and,0.4365613963553328,11.0,11.0
wine stain,0.4365613963553328,11.0,11.0
bags together,0.4365613963553328,11.0,11.0
removing,0.4365613963553328,11.0,11.0
first because,0.4365613963553328,11.0,11.0
your passwords,0.4365613963553328,11.0,11.0
said bleach,0.4365613963553328,11.0,11.0
eyes reduces,0.4365613963553328,11.0,11.0
can remove,0.4365613963553328,11.0,11.0
work in,0.4365613963553328,11.0,11.0
setting,0.4346083515643127,40.0,47.0
dishwasher,0.4346083515643127,40.0,47.0
birth,0.4341483662817968,16.0,17.0
internet provider,0.4341483662817968,16.0,17.0
always goes,0.4341483662817968,16.0,17.0
at the,0.4333435568289685,186.0,239.0
has no,0.4327746755373456,54.0,65.0
youtube,0.43142885346485876,103.0,129.0
home inspector,0.4303597131563113,64.0,78.0
the trainer,0.4257161238388328,43.0,51.0
detergent,0.4253487311687402,50.0,60.0
account says,0.4249560529292208,20.0,22.0
the brand,0.4249560529292208,20.0,22.0
dehydrates,0.4249560529292208,20.0,22.0
dating,0.4249560529292208,20.0,22.0
cold spoons,0.4249560529292208,20.0,22.0
gym,0.4236992088746059,121.0,153.0
phone overnight,0.4226666592963859,28.0,32.0
wedding,0.4221444644666581,60.0,73.0
vitamin d,0.4221021010111235,83.0,103.0
centre says,0.42204575456361104,24.0,27.0
it means,0.42204575456361104,24.0,27.0
shelf,0.42204575456361104,24.0,27.0
schedule,0.42121136613829563,130.0,165.0
it could,0.4162445092996189,10.0,10.0
says we,0.4162445092996189,10.0,10.0
bread and,0.4162445092996189,10.0,10.0
drink water,0.4162445092996189,10.0,10.0
proving,0.4162445092996189,10.0,10.0
your wifi,0.4162445092996189,10.0,10.0
reviews say,0.4162445092996189,10.0,10.0
is now,0.4162445092996189,10.0,10.0
months because,0.4162445092996189,10.0,10.0
natural is,0.4162445092996189,10.0,10.0
one has,0.4162445092996189,10.0,10.0
with one,0.4162445092996189,10.0,10.0
says people,0.4162445092996189,10.0,10.0
i run,0.4162445092996189,10.0,10.0
sleep consultant,0.4162445092996189,10.0,10.0
reel saying,0.4162445092996189,10.0,10.0
car needs,0.4162445092996189,10.0,10.0
overnight because,0.4162445092996189,10.0,10.0
legally binding,0.4162445092996189,10.0,10.0
should be,0.41548367974990236,92.0,115.0
burglars,0.4144984465989668,15.0,16.0
to claim,0.4144984465989668,15.0,16.0
dollar,0.4144984465989668,15.0,16.0
helps with,0.4144984465989668,15.0,16.0
wine on,0.4144984465989668,15.0,16.0
money and,0.4144984465989668,15.0,16.0
8pm,0.4144984465989668,15.0,16.0
the stock,0.4144984465989668,15.0,16.0
in everyone,0.4144984465989668,15.0,16.0
try to,0.4144984465989668,15.0,16.0
my flight,0.4144984465989668,15.0,16.0
insulate my,0.4144984465989668,15.0,16.0
account is,0.4144984465989668,15.0,16.0
text,0.41202176966040666,98.0,123.0
deficiency,0.4089869359022938,31.0,36.0
surfaces,0.4089869359022938,31.0,36.0
instructor,0.40601354688905344,19.0,21.0
expert,0.40449761533788636,91.0,114.0
waking,0.4039750233969034,23.0,26.0
the review,0.4039750233969034,23.0,26.0
aloe,0.4039750233969034,23.0,26.0
can cause,0.4039750233969034,23.0,26.0
or they'll,0.40351883951527023,45.0,54.0
dates,0.3977324780959856,34.0,40.0
change every,0.39581674188517074,41.0,49.0
change,0.3948944680878986,269.0,352.0
said most,0.39398351482666055,14.0,15.0
trips,0.39398351482666055,14.0,15.0
every 300,0.39398351482666055,14.0,15.0
stolen,0.39398351482666055,14.0,15.0
has more,0.39398351482666055,14.0,15.0
jacket,0.39398351482666055,14.0,15.0
8 weeks,0.39398351482666055,14.0,15.0
saying they,0.39398351482666055,14.0,15.0
is at,0.39398351482666055,14.0,15.0
can cut,0.39398351482666055,14.0,15.0
oil to,0.39398351482666055,14.0,15.0
pile,0.39398351482666055,14.0,15.0
upgrade to,0.39398351482666055,14.0,15.0
watering,0.3915610120215556,51.0,62.0
relative,0.3883481466626399,37.0,44.0
ceramic,0.3883481466626399,37.0,44.0
i follow,0.3877395022489639,26.0,30.0
deleted,0.38635933651611526,18.0,20.0
exceptions,0.38635933651611526,18.0,20.0
run out,0.38635933651611526,18.0,20.0
airplane,0.38635933651611526,18.0,20.0
vpn makes,0.38635933651611526,18.0,20.0
stay in,0.38635933651611526,18.0,20.0
factory,0.38635933651611526,18.0,20.0
are useless,0.3853226815911558,22.0,25.0
leach,0.3853226815911558,22.0,25.0
to reduce,0.38127420056469613,33.0,39.0
property,0.380438949899635,40.0,48.0
with no,0.37866909380562874,60.0,74.0
flight,0.37739732306917007,50.0,61.0
how it,0.37371546427418734,43.0,52.0
bank account,0.37248747614897304,13.0,14.0
end of,0.37248747614897304,13.0,14.0
it's preventive,0.37248747614897304,13.0,14.0
mushroom,0.37248747614897304,13.0,14.0
to recover,0.37248747614897304,13.0,14.0
though the,0.37248747614897304,13.0,14.0
sourdough starter,0.37248747614897304,13.0,14.0
says one,0.37248747614897304,13.0,14.0
within two,0.37248747614897304,13.0,14.0
growing,0.37248747614897304,13.0,14.0
brochure,0.37248747614897304,13.0,14.0
up with,0.37248747614897304,13.0,14.0
transfer,0.3722829062343016,36.0,43.0
visible,0.3695166478743446,25.0,29.0
chip,0.3695166478743446,25.0,29.0
the number,0.36796034010359424,46.0,56.0
times,0.36687406515479176,100.0,127.0
jump,0.36603709776045573,21.0,24.0
venue,0.36603709776045573,21.0,24.0
serious,0.36603709776045573,21.0,24.0
is full,0.36603709776045573,21.0,24.0
starts,0.3659168395350164,17.0,19.0
crying,0.3659168395350164,17.0,19.0
strongest,0.3659168395350164,17.0,19.0
so there's,0.3659168395350164,17.0,19.0
is dead,0.3659168395350164,17.0,19.0
bug,0.3659168395350164,17.0,19.0
ssd,0.3659168395350164,17.0,19.0
rejected,0.36442664590780105,32.0,38.0
an app,0.3584025466578742,42.0,51.0
a pet,0.3571921018410785,68.0,85.0
need replacing,0.3558659373504398,35.0,42.0
lube,0.3550115607003525,55.0,68.0
mine is,0.34986720417185413,12.0,13.0
contracts,0.34986720417185413,12.0,13.0
a pop,0.34986720417185413,12.0,13.0
a mum,0.34986720417185413,12.0,13.0
brushing with,0.34986720417185413,12.0,13.0
causes heart,0.34986720417185413,12.0,13.0
the six,0.34986720417185413,12.0,13.0
i owe,0.34986720417185413,12.0,13.0
windows are,0.34986720417185413,12.0,13.0
best time,0.34986720417185413,12.0,13.0
battery terminals,0.34986720417185413,12.0,13.0
000 because,0.34986720417185413,12.0,13.0
can help,0.34986720417185413,12.0,13.0
stock market,0.34986720417185413,12.0,13.0
emotional,0.34986720417185413,12.0,13.0
spot,0.3487561037573981,38.0,46.0
the signal,0.3487561037573981,38.0,46.0
needs a,0.3487561037573981,38.0,46.0
cooking,0.3471532071258705,89.0,113.0
a relative,0.3460591779451985,20.0,23.0
and cold,0.3460591779451985,20.0,23.0
completely is,0.3460591779451985,20.0,23.0
a kitchen,0.3460591779451985,20.0,23.0
coffee dehydrates,0.34459575022790334,16.0,18.0
if we,0.34459575022790334,16.0,18.0
recession,0.34459575022790334,16.0,18.0
a microwave,0.34459575022790334,16.0,18.0
you just,0.34459575022790334,16.0,18.0
in 2,0.34459575022790334,16.0,18.0
epoxy,0.34459575022790334,16.0,18.0
and all,0.34459575022790334,16.0,18.0
spike,0.34459575022790334,16.0,18.0
hasn't,0.34459575022790334,16.0,18.0
mother says,0.34459575022790334,16.0,18.0
dirty,0.33907752089335963,34.0,41.0
16,0.33886818182499356,27.0,32.0
months is,0.3380603608770387,57.0,71.0
pay a,0.33777195514918695,44.0,54.0
car,0.3337495287653458,457.0,610.0
a 50,0.3313482367473344,23.0,27.0
the guide,0.32594321422931305,11.0,12.0
damage your,0.32594321422931305,11.0,12.0
the dose,0.32594321422931305,11.0,12.0
break down,0.32594321422931305,11.0,12.0
sleep app,0.32594321422931305,11.0,12.0
will destroy,0.32594321422931305,11.0,12.0
says sleeping,0.32594321422931305,11.0,12.0
a toddler,0.32594321422931305,11.0,12.0
your gut,0.32594321422931305,11.0,12.0
legs,0.32594321422931305,11.0,12.0
amounts,0.32594321422931305,11.0,12.0
the camera,0.32594321422931305,11.0,12.0
the cancer,0.32594321422931305,11.0,12.0
it by,0.32594321422931305,11.0,12.0
not covered,0.32594321422931305,11.0,12.0
id,0.32594321422931305,11.0,12.0
was from,0.32594321422931305,11.0,12.0
i skip,0.32594321422931305,11.0,12.0
and add,0.32594321422931305,11.0,12.0
the bike,0.32594321422931305,11.0,12.0
must pay,0.32532084906038145,19.0,22.0
microwaving vegetables,0.32532084906038145,19.0,22.0
nice,0.32532084906038145,19.0,22.0
to sign,0.32532084906038145,19.0,22.0
vacuum,0.32532084906038145,19.0,22.0
the paint,0.32532084906038145,19.0,22.0
told her,0.32532084906038145,19.0,22.0
online said,0.32532084906038145,19.0,22.0
to back,0.32228851754536897,15.0,17.0
don't get,0.32228851754536897,15.0,17.0
safer than,0.32228851754536897,15.0,17.0
with just,0.32228851754536897,15.0,17.0
new battery,0.32228851754536897,15.0,17.0
corrosion,0.32228851754536897,15.0,17.0
sales rep,0.32228851754536897,15.0,17.0
after eating,0.32228851754536897,15.0,17.0
platform,0.32228851754536897,15.0,17.0
from any,0.32228851754536897,15.0,17.0
six month,0.32228851754536897,15.0,17.0
year because,0.32228851754536897,15.0,17.0
loans,0.32226581230780027,43.0,53.0
provider,0.3218962059856031,33.0,40.0
five stages,0.3200983664670409,26.0,31.0
heart disease,0.31572894977950916,36.0,44.0
crashes,0.3113050451856117,22.0,26.0
smaller,0.3113050451856117,22.0,26.0
chance,0.3113050451856117,22.0,26.0
coach on,0.3113050451856117,22.0,26.0
the person,0.3113050451856117,22.0,26.0
notes,0.31129767842127665,29.0,35.0
a company,0.31129767842127665,29.0,35.0
cleaning blog,0.31129767842127665,29.0,35.0
support that,0.3106601363124295,39.0,48.0
paste,0.30429860232138756,32.0,39.0
colleague said,0.30429860232138756,32.0,39.0
a guaranteed,0.3037431380741492,18.0,21.0
beds,0.3037431380741492,18.0,21.0
square,0.3037431380741492,18.0,21.0
dehydrates you,0.3037431380741492,18.0,21.0
to learn,0.3037431380741492,18.0,21.0
native,0.3037431380741492,18.0,21.0
means you,0.3037431380741492,18.0,21.0
goes up,0.3037431380741492,18.0,21.0
vinegar kills,0.3037431380741492,18.0,21.0
also,0.3009247014479196,97.0,125.0
friend told,0.30075803709498466,25.0,30.0
99 of,0.30075803709498466,25.0,30.0
of time,0.3004858967280866,10.0,11.0
wrong but,0.3004858967280866,10.0,11.0
putting your,0.3004858967280866,10.0,11.0
know it,0.3004858967280866,10.0,11.0
break my,0.3004858967280866,10.0,11.0
will automatically,0.3004858967280866,10.0,11.0
of salt,0.3004858967280866,10.0,11.0
acidify soil,0.3004858967280866,10.0,11.0
fine and,0.3004858967280866,10.0,11.0
that taking,0.3004858967280866,10.0,11.0
lets,0.3004858967280866,10.0,11.0
drive is,0.3004858967280866,10.0,11.0
or it's,0.3004858967280866,10.0,11.0
by science,0.3004858967280866,10.0,11.0
but maybe,0.3004858967280866,10.0,11.0
made it,0.3004858967280866,10.0,11.0
label the,0.3004858967280866,10.0,11.0
minutes in,0.3004858967280866,10.0,11.0
warranty covers,0.3004858967280866,10.0,11.0
to run,0.29886561669756506,14.0,16.0
settlement,0.29886561669756506,14.0,16.0
reduce my,0.29886561669756506,14.0,16.0
up at,0.29886561669756506,14.0,16.0
triggers,0.29886561669756506,14.0,16.0
boards,0.29886561669756506,14.0,16.0
breaking,0.29886561669756506,14.0,16.0
of their,0.29886561669756506,14.0,16.0
walls,0.29866578707612856,35.0,43.0
houseplants,0.29866578707612856,35.0,43.0
safe to,0.297687403340135,51.0,64.0
contract,0.2928058688422552,114.0,148.0
softener,0.2926295543306045,28.0,34.0
for my,0.29090180081406947,391.0,523.0
every 5,0.29054630199565323,21.0,25.0
clean the,0.29054630199565323,21.0,25.0
the standard,0.2903661532012037,41.0,51.0
your own,0.2862591406875922,31.0,38.0
so i,0.28601416304724564,1180.0,1602.0
food is,0.28482349380694266,47.0,59.0
is real,0.28279081868146094,50.0,63.0
airport,0.28123371112072876,17.0,20.0
future,0.28123371112072876,17.0,20.0
the sidewall,0.2812089070156225,34.0,42.0
online says,0.28080216501353367,24.0,29.0
entire rent,0.28080216501353367,24.0,29.0
sister says,0.28080216501353367,24.0,29.0
fridge,0.2773785506349606,65.0,83.0
vegetable,0.2741690838971872,13.0,15.0
online and,0.2741690838971872,13.0,15.0
clean it,0.2741690838971872,13.0,15.0
street,0.2741690838971872,13.0,15.0
even a,0.2741690838971872,13.0,15.0
a leaking,0.2741690838971872,13.0,15.0
the home,0.2741690838971872,13.0,15.0
my kitchen,0.2741690838971872,13.0,15.0
missed,0.2741690838971872,13.0,15.0
roommate says,0.2741690838971872,13.0,15.0
for his,0.2741690838971872,13.0,15.0
startup,0.2741690838971872,13.0,15.0
good as,0.27342633776361347,27.0,33.0
lifting,0.27342633776361347,27.0,33.0
it from,0.27342633776361347,27.0,33.0
passport,0.2713548629624555,43.0,54.0
known,0.2692874815070927,46.0,58.0
doesn't matter,0.26900456799017775,20.0,24.0
so that,0.2677497956937249,30.0,37.0
caffeine,0.2676504564830282,49.0,62.0
loss,0.26667140738142026,126.0,165.0
ai,0.2657889027375515,88.0,114.0
strain,0.2637074527910895,67.0,86.0
bill by,0.2601800849683541,23.0,28.0
loan,0.25988532430077277,36.0,45.0
ticket,0.25988532430077277,36.0,45.0
color,0.25988532430077277,36.0,45.0
and everyone,0.25768368073213543,16.0,19.0
the strongest,0.25768368073213543,16.0,19.0
oil pulling,0.25768368073213543,16.0,19.0
insurance covers,0.25768368073213543,16.0,19.0
my heating,0.25768368073213543,16.0,19.0
is about,0.25768368073213543,16.0,19.0
vote,0.25768368073213543,16.0,19.0
score lowers,0.2536489665501593,26.0,32.0
misting,0.2536489665501593,26.0,32.0
jobs,0.25347480457884497,45.0,57.0
program,0.25347480457884497,45.0,57.0
electric,0.25016407288471826,63.0,81.0
breaks down,0.24800349200216038,12.0,14.0
your heart,0.24800349200216038,12.0,14.0
your internet,0.24800349200216038,12.0,14.0
died,0.24800349200216038,12.0,14.0
minute rule,0.24800349200216038,12.0,14.0
headaches and,0.24800349200216038,12.0,14.0
rep says,0.24800349200216038,12.0,14.0
just by,0.24800349200216038,12.0,14.0
my diet,0.24800349200216038,12.0,14.0
dating coach,0.24800349200216038,12.0,14.0
is accurate,0.24800349200216038,12.0,14.0
paracetamol,0.24800349200216038,12.0,14.0
deposits,0.24800349200216038,12.0,14.0
week or,0.24800349200216038,12.0,14.0
tires are,0.24800349200216038,12.0,14.0
my transmission,0.24800349200216038,12.0,14.0
5 is,0.24800349200216038,12.0,14.0
held,0.24800349200216038,12.0,14.0
says his,0.24800349200216038,12.0,14.0
doubling,0.24800349200216038,12.0,14.0
the limit,0.24660221179028588,19.0,23.0
percent of,0.24660221179028588,19.0,23.0
a great,0.24660221179028588,19.0,23.0
to calibrate,0.2388345195660089,22.0,27.0
the date,0.2388345195660089,22.0,27.0
winter,0.2385885434361864,106.0,139.0
your phone,0.2385885434361864,106.0,139.0
wire,0.23325389469064803,25.0,31.0
heating bill,0.23296340546217015,15.0,18.0
house has,0.23296340546217015,15.0,18.0
months with,0.23296340546217015,15.0,18.0
expecting,0.23296340546217015,15.0,18.0
that this,0.23296340546217015,15.0,18.0
identical,0.23296340546217015,15.0,18.0
to build,0.23296340546217015,15.0,18.0
final,0.23296340546217015,15.0,18.0
deposit is,0.23296340546217015,15.0,18.0
her the,0.23296340546217015,15.0,18.0
need new,0.2291950847223947,28.0,35.0
give a,0.22623823165323081,31.0,39.0
a wedding,0.22410449019245585,34.0,43.0
printed,0.2232492584852736,18.0,22.0
never buy,0.2232492584852736,18.0,22.0
plus,0.2232492584852736,18.0,22.0
instagram says,0.2232492584852736,18.0,22.0
engines,0.2232492584852736,18.0,22.0
one year,0.2232492584852736,18.0,22.0
blueberries,0.2232492584852736,18.0,22.0
small claims,0.2232492584852736,18.0,22.0
and that,0.2229515902486883,64.0,83.0
media,0.22161729045340892,58.0,75.0
starter,0.22097069531737198,43.0,55.0
0,0.22062016293983217,49.0,63.0
you take,0.2201230546795916,11.0,13.0
doubled,0.2201230546795916,11.0,13.0
drinking coffee,0.2201230546795916,11.0,13.0
submit,0.2201230546795916,11.0,13.0
elderly,0.2201230546795916,11.0,13.0
goal,0.2201230546795916,11.0,13.0
study found,0.2201230546795916,11.0,13.0
has never,0.2201230546795916,11.0,13.0
he doesn't,0.2201230546795916,11.0,13.0
always cheaper,0.2201230546795916,11.0,13.0
a higher,0.2201230546795916,11.0,13.0
though i,0.2201230546795916,11.0,13.0
tested it,0.2201230546795916,11.0,13.0
a diet,0.2201230546795916,11.0,13.0
the police,0.2201230546795916,11.0,13.0
properties,0.2201230546795916,11.0,13.0
direct,0.21670038515520318,21.0,26.0
as an,0.21670038515520318,21.0,26.0
cross,0.21670038515520318,21.0,26.0
additive,0.21219238496019782,24.0,30.0
faster than,0.21219238496019782,24.0,30.0
including,0.21219238496019782,24.0,30.0
will always,0.21219238496019782,24.0,30.0
the filter,0.21219238496019782,24.0,30.0
should keep,0.21219238496019782,24.0,30.0
panels,0.21219238496019782,24.0,30.0
a known,0.20907820372650532,27.0,34.0
year old,0.20907820372650532,27.0,34.0
sourdough,0.20907820372650532,27.0,34.0
is basically,0.2069575118664537,30.0,38.0
over the,0.2069575118664537,30.0,38.0
message says,0.2069575118664537,30.0,38.0
frame,0.2069575118664537,30.0,38.0
a roofer,0.20691687781039772,14.0,17.0
not worth,0.20691687781039772,14.0,17.0
tires every,0.20691687781039772,14.0,17.0
scale,0.20691687781039772,14.0,17.0
calls,0.20691687781039772,14.0,17.0
thermal paste,0.20691687781039772,14.0,17.0
glasses of,0.20691687781039772,14.0,17.0
petrol,0.20691687781039772,14.0,17.0
in 10,0.20691687781039772,14.0,17.0
wearing sunscreen,0.20691687781039772,14.0,17.0
better photos,0.20691687781039772,14.0,17.0
before driving,0.20691687781039772,14.0,17.0
fuel injector,0.20691687781039772,14.0,17.0
always mean,0.20691687781039772,14.0,17.0
and there's,0.20691687781039772,14.0,17.0
social media,0.20544669721056358,51.0,66.0
cortisol,0.20473323554037837,36.0,46.0
by the,0.2044481529439087,45.0,58.0
prep,0.1988406445480521,17.0,21.0
my monstera,0.1988406445480521,17.0,21.0
owe,0.1988406445480521,17.0,21.0
holes,0.1988406445480521,17.0,21.0
up in,0.1988406445480521,17.0,21.0
this new,0.1988406445480521,17.0,21.0
the text,0.1988406445480521,17.0,21.0
existing,0.1988406445480521,17.0,21.0
a finance,0.19370331823820994,20.0,25.0
voice,0.19370331823820994,20.0,25.0
accounts,0.19370331823820994,20.0,25.0
intermittent fasting,0.19370331823820994,20.0,25.0
at home,0.19040965782174016,23.0,29.0
car battery,0.19040965782174016,23.0,29.0
cooking show,0.1902126938996998,10.0,12.0
placed,0.1902126938996998,10.0,12.0
searing meat,0.1902126938996998,10.0,12.0
relative says,0.1902126938996998,10.0,12.0
the venue,0.1902126938996998,10.0,12.0
explains why,0.1902126938996998,10.0,12.0
a bootcamp,0.1902126938996998,10.0,12.0
a drop,0.1902126938996998,10.0,12.0
move out,0.1902126938996998,10.0,12.0
run prevents,0.1902126938996998,10.0,12.0
100 is,0.1902126938996998,10.0,12.0
says babies,0.1902126938996998,10.0,12.0
a vintage,0.1902126938996998,10.0,12.0
my tap,0.1902126938996998,10.0,12.0
field,0.1883474463677699,26.0,33.0
replacement is,0.1883474463677699,26.0,33.0
soreness,0.186568676457738,32.0,41.0
at my,0.18645484805349624,35.0,45.0
was,0.18021062926281792,564.0,767.0
a reel,0.17935409533868177,13.0,16.0
coding,0.17935409533868177,13.0,16.0
prepare,0.17935409533868177,13.0,16.0
sofa,0.17935409533868177,13.0,16.0
the park,0.17935409533868177,13.0,16.0
used car,0.17935409533868177,13.0,16.0
election,0.17935409533868177,13.0,16.0
a problem,0.17935409533868177,13.0,16.0
guru,0.17888481078922422,58.0,76.0
slow,0.1743271066106637,72.0,95.0
for any,0.17401075685825484,49.0,64.0
bulbs,0.17325267282761922,16.0,20.0
study in,0.17325267282761922,16.0,20.0
and you'll,0.17325267282761922,16.0,20.0
terminals,0.17325267282761922,16.0,20.0
vents,0.17325267282761922,16.0,20.0
ram,0.17251009454188693,46.0,60.0
paint,0.17161874188399565,114.0,152.0
caused,0.17110175784348317,43.0,56.0
5000 iu,0.16975784087086088,19.0,24.0
hydration,0.16975784087086088,19.0,24.0
daily is,0.16975784087086088,19.0,24.0
number first,0.16975784087086088,19.0,24.0
teens,0.16975784087086088,19.0,24.0
to add,0.16975784087086088,19.0,24.0
a door,0.16975784087086088,19.0,24.0
that instead,0.16975784087086088,19.0,24.0
roots,0.16975784087086088,19.0,24.0
by a,0.16867687839796358,37.0,48.0
public wifi,0.16784386050301175,22.0,28.0
the government,0.16784386050301175,22.0,28.0
should only,0.16707610788550623,31.0,40.0
lawn,0.16707610788550623,31.0,40.0
saying my,0.16707610788550623,31.0,40.0
in our,0.16695640264528902,25.0,32.0
payment,0.1640241696705093,57.0,75.0
fuel,0.1623326245155666,102.0,136.0
is microwave,0.15785935946509644,9.0,11.0
cracking your,0.15785935946509644,9.0,11.0
is automatically,0.15785935946509644,9.0,11.0
to have,0.15785935946509644,9.0,11.0
says cracking,0.15785935946509644,9.0,11.0
says index,0.15785935946509644,9.0,11.0
they get,0.15785935946509644,9.0,11.0
placing a,0.15785935946509644,9.0,11.0
housemate says,0.15785935946509644,9.0,11.0
that napoleon,0.15785935946509644,9.0,11.0
is to,0.15785935946509644,9.0,11.0
with high,0.15785935946509644,9.0,11.0
worker says,0.15785935946509644,9.0,11.0
even,0.15492046480096683,290.0,393.0
power,0.15379721381959155,62.0,82.0
impossible,0.15205722271850047,39.0,51.0
can become,0.15025458401156633,36.0,47.0
gain,0.15025458401156633,36.0,47.0
law says,0.15025458401156633,36.0,47.0
emails,0.15004048676329731,12.0,15.0
a sore,0.15004048676329731,12.0,15.0
by 10,0.15004048676329731,12.0,15.0
printed on,0.15004048676329731,12.0,15.0
heard you,0.15004048676329731,12.0,15.0
2,0.14934008759643336,300.0,407.0
fact,0.14731111666543487,84.0,112.0
living,0.147059933200896,30.0,39.0
i'll expect,0.147059933200896,30.0,39.0
a run,0.1463383735588132,15.0,19.0
nutritionist,0.1463383735588132,15.0,19.0
snake,0.1463383735588132,15.0,19.0
ruins your,0.1463383735588132,15.0,19.0
glass of,0.1463383735588132,15.0,19.0
immersion,0.1463383735588132,15.0,19.0
resale site,0.1463383735588132,15.0,19.0
recall,0.1463383735588132,15.0,19.0
the last,0.1463383735588132,15.0,19.0
for 3,0.1463383735588132,15.0,19.0
it's an,0.1457854344304636,27.0,35.0
within a,0.1448531896992151,24.0,31.0
supplements,0.1448531896992151,24.0,31.0
a visa,0.1448531896992151,24.0,31.0
will save,0.1447650545931526,18.0,23.0
the 5,0.1447650545931526,18.0,23.0
should water,0.1447650545931526,18.0,23.0
have it,0.1447650545931526,18.0,23.0
buildup,0.1447650545931526,18.0,23.0
and water,0.1447650545931526,18.0,23.0
why it,0.1447650545931526,18.0,23.0
into the,0.1447650545931526,18.0,23.0
megapixel,0.1447650545931526,18.0,23.0
door to,0.1447650545931526,18.0,23.0
give the,0.14442480911780098,21.0,27.0
movie,0.14442480911780098,21.0,27.0
poster,0.14442480911780098,21.0,27.0
member,0.13645062080026765,41.0,54.0
is dangerous,0.13350951534592562,69.0,92.0
the soil,0.12891726222585947,32.0,42.0
blogger says,0.12891726222585947,32.0,42.0
life,0.12773241033455507,99.0,133.0
a contract,0.12197956766938617,23.0,30.0
probiotics,0.12197956766938617,23.0,30.0
placing,0.12197956766938617,23.0,30.0
a text,0.12197956766938617,23.0,30.0
my doctor,0.1217368543611065,43.0,57.0
share,0.1217368543611065,43.0,57.0
intermittent,0.12007244179051903,20.0,26.0
pension,0.12007244179051903,20.0,26.0
must replace,0.12007244179051903,20.0,26.0
backup,0.11957577276266786,68.0,91.0
calibration,0.11868192997033146,11.0,14.0
is legally,0.11868192997033146,11.0,14.0
they use,0.11868192997033146,11.0,14.0
touching,0.11868192997033146,11.0,14.0
pc,0.11868192997033146,11.0,14.0
tourist,0.11868192997033146,11.0,14.0
law i'll,0.11868192997033146,11.0,14.0
photos and,0.11868192997033146,11.0,14.0
goes through,0.11868192997033146,11.0,14.0
grounding sheets,0.11868192997033146,11.0,14.0
buy their,0.11868192997033146,11.0,14.0
of deep,0.11868192997033146,11.0,14.0
with 10,0.11868192997033146,11.0,14.0
speakers,0.11868192997033146,11.0,14.0
the laptop,0.11868192997033146,11.0,14.0
seasoning,0.11868192997033146,11.0,14.0
dead zones,0.11868192997033146,11.0,14.0
are unsafe,0.11868192997033146,11.0,14.0
brother says,0.1186097112695512,17.0,22.0
that's true,0.1186097112695512,17.0,22.0
yield,0.1186097112695512,17.0,22.0
baker,0.1186097112695512,17.0,22.0
the 30,0.11859745533666881,40.0,53.0
you can't,0.11859745533666881,40.0,53.0
pads are,0.11792134423217158,14.0,18.0
a youtuber,0.11792134423217158,14.0,18.0
vegetables destroys,0.11792134423217158,14.0,18.0
upstairs,0.11792134423217158,14.0,18.0
purchase,0.11792134423217158,14.0,18.0
into food,0.11792134423217158,14.0,18.0
volume,0.11792134423217158,14.0,18.0
everyone needs,0.11792134423217158,14.0,18.0
it's based,0.11792134423217158,14.0,18.0
phones,0.1129812694408759,62.0,83.0
routine,0.11210397009712626,34.0,45.0
said you,0.11209690559791641,249.0,339.0
30 000,0.10415917978764376,42.0,56.0
by,0.10378460423808097,1120.0,1539.0
have no,0.10182027556021024,25.0,33.0
your hair,0.10036991787778987,39.0,52.0
d,0.0996108396660606,83.0,112.0
company said,0.0996108396660606,83.0,112.0
for an,0.09853734393027071,50.0,67.0
water filter,0.09826987193100356,22.0,29.0
a language,0.0964319335475872,36.0,48.0
my car,0.09632804532614338,145.0,197.0
pests,0.09469490021022177,19.0,25.0
chiropractor,0.09469490021022177,19.0,25.0
worn,0.09469490021022177,19.0,25.0
out and,0.09232619840884486,33.0,44.0
company says,0.09118846850234796,66.0,89.0
electricity,0.09115644969432267,16.0,21.0
can cure,0.09115644969432267,16.0,21.0
inflation is,0.09115644969432267,16.0,21.0
headline that,0.09115644969432267,16.0,21.0
check it,0.09115644969432267,16.0,21.0
unhackable,0.09115644969432267,16.0,21.0
blog says,0.09051984304345807,342.0,468.0
a facebook,0.08802924360299011,30.0,40.0
caused by,0.08802924360299011,30.0,40.0
full replacement,0.08778743509325562,13.0,17.0
better fuel,0.08778743509325562,13.0,17.0
to flush,0.08778743509325562,13.0,17.0
forgiven,0.08778743509325562,13.0,17.0
potassium,0.08778743509325562,13.0,17.0
the floor,0.08778743509325562,13.0,17.0
new windows,0.08778743509325562,13.0,17.0
replacing every,0.08778743509325562,13.0,17.0
lying,0.08778743509325562,13.0,17.0
calling,0.08778743509325562,13.0,17.0
lag,0.08778743509325562,13.0,17.0
microwave is,0.08778743509325562,13.0,17.0
dog park,0.08778743509325562,13.0,17.0
technology,0.08778743509325562,13.0,17.0
above,0.08630337310295114,52.0,70.0
meaning,0.084902983653034,10.0,13.0
wake up,0.084902983653034,10.0,13.0
extract,0.084902983653034,10.0,13.0
broker said,0.084902983653034,10.0,13.0
lifting or,0.084902983653034,10.0,13.0
me this,0.084902983653034,10.0,13.0
is low,0.084902983653034,10.0,13.0
matter the,0.084902983653034,10.0,13.0
for itself,0.084902983653034,10.0,13.0
a 300,0.084902983653034,10.0,13.0
apart,0.084902983653034,10.0,13.0
the 40,0.084902983653034,10.0,13.0
you think,0.084902983653034,10.0,13.0
doubles your,0.084902983653034,10.0,13.0
you and,0.084902983653034,10.0,13.0
removes 100,0.084902983653034,10.0,13.0
handyman says,0.084902983653034,10.0,13.0
and can't,0.084902983653034,10.0,13.0
for 12,0.084902983653034,10.0,13.0
disinfect,0.084902983653034,10.0,13.0
the event,0.084902983653034,10.0,13.0
says intermittent,0.084902983653034,10.0,13.0
dealer,0.08320222975057662,60.0,81.0
says a,0.08000976514975651,274.0,375.0
bird,0.07873515413846563,24.0,32.0
employers,0.07873515413846563,24.0,32.0
the fridge,0.07703360006095711,35.0,47.0
cv,0.07703360006095711,35.0,47.0
pan,0.07364971451420715,21.0,28.0
yoga,0.07364971451420715,21.0,28.0
finance,0.07204355481432331,32.0,43.0
a nutrition,0.06818612842667358,18.0,24.0
never be,0.06818612842667358,18.0,24.0
health site,0.06818612842667358,18.0,24.0
of vitamin,0.06672914223794957,29.0,39.0
99,0.06548018845176622,75.0,102.0
miles or,0.06336982673501067,56.0,76.0
maybe,0.06334800459935089,115.0,157.0
looking at,0.0622448992479945,15.0,20.0
you work,0.0622448992479945,15.0,20.0
i'll aim,0.0622448992479945,15.0,20.0
calibrate it,0.0622448992479945,15.0,20.0
number and,0.0622448992479945,15.0,20.0
wasn't,0.0622448992479945,15.0,20.0
get hired,0.0622448992479945,15.0,20.0
expires,0.0622448992479945,15.0,20.0
sent a,0.0622448992479945,15.0,20.0
what my,0.0622448992479945,15.0,20.0
should add,0.0622448992479945,15.0,20.0
expired,0.0622448992479945,15.0,20.0
can learn,0.0622448992479945,15.0,20.0
can write,0.061023691336114814,26.0,35.0
a dog,0.05716775874253248,34.0,46.0
the short,0.05567332005142073,12.0,16.0
will ruin,0.05567332005142073,12.0,16.0
fluid is,0.05567332005142073,12.0,16.0
electric car,0.05567332005142073,12.0,16.0
renting,0.05567332005142073,12.0,16.0
cavities,0.05567332005142073,12.0,16.0
10 is,0.05567332005142073,12.0,16.0
of germs,0.05567332005142073,12.0,16.0
hiking group,0.05567332005142073,12.0,16.0
license,0.05567332005142073,12.0,16.0
doctor's,0.05567332005142073,12.0,16.0
above the,0.05567332005142073,12.0,16.0
my laptop,0.054878902438249076,42.0,57.0
mode,0.05168634287863059,90.0,123.0
when i,0.049249486123843264,39.0,53.0
i'll report,0.04821432732172281,9.0,12.0
heat and,0.04821432732172281,9.0,12.0
a reviewer,0.04821432732172281,9.0,12.0
a resale,0.04821432732172281,9.0,12.0
tracking is,0.04821432732172281,9.0,12.0
says going,0.04821432732172281,9.0,12.0
should give,0.04821432732172281,9.0,12.0
leaking pipe,0.04821432732172281,9.0,12.0
a 1,0.04821432732172281,9.0,12.0
meetings,0.04821432732172281,9.0,12.0
meal,0.04752013878816296,55.0,75.0
the market,0.0448076382332967,28.0,38.0
by 40,0.0448076382332967,28.0,38.0
employee says,0.04324848144038962,36.0,49.0
target,0.040422837271245474,17.0,23.0
waste of,0.040422837271245474,17.0,23.0
for one,0.040422837271245474,17.0,23.0
to door,0.040422837271245474,17.0,23.0
invisible,0.040422837271245474,17.0,23.0
at exactly,0.040422837271245474,17.0,23.0
passive,0.03780259709596374,25.0,34.0
signing,0.03780259709596374,25.0,34.0
community,0.03680790833214293,33.0,45.0
need replacement,0.03168322061196905,14.0,19.0
movement,0.03168322061196905,14.0,19.0
salon,0.03168322061196905,14.0,19.0
won't buy,0.03168322061196905,14.0,19.0
inflate my,0.03168322061196905,14.0,19.0
sleep training,0.03168322061196905,14.0,19.0
officer,0.03168322061196905,14.0,19.0
shop employee,0.030053109644395545,22.0,30.0
calibrate,0.030053109644395545,22.0,30.0
100 of,0.030053109644395545,22.0,30.0
scratch,0.0298388373585644,30.0,41.0
gardening,0.02893544900769657,75.0,103.0
a fitness,0.024476061299312898,43.0,59.0
station,0.022221862222050668,27.0,37.0
a documentary,0.022221862222050668,27.0,37.0
my screen,0.021250459475086615,11.0,15.0
parent group,0.021250459475086615,11.0,15.0
create,0.021250459475086615,11.0,15.0
says vinegar,0.021250459475086615,11.0,15.0
tips,0.021250459475086615,11.0,15.0
food blog,0.021250459475086615,11.0,15.0
dealership said,0.021250459475086615,11.0,15.0
allows,0.021250459475086615,11.0,15.0
days with,0.021250459475086615,11.0,15.0
body is,0.021250459475086615,11.0,15.0
alignment every,0.021250459475086615,11.0,15.0
years ago,0.021250459475086615,11.0,15.0
health coach,0.021250459475086615,11.0,15.0
crack in,0.021250459475086615,11.0,15.0
enamel,0.013791533863845748,24.0,33.0
day or,0.013791533863845748,24.0,33.0
pesticides,0.013791533863845748,24.0,33.0
someone online,0.01126062479933008,16.0,22.0
visit,0.01126062479933008,16.0,22.0
a 500,0.01126062479933008,16.0,22.0
phone repair,0.01126062479933008,16.0,22.0
a podcast,0.009818490741817228,139.0,192.0
battery life,0.0043095633919465175,21.0,29.0
asked,0.0043095633919465175,21.0,29.0
incognito mode,0.0029154513564584525,34.0,47.0
cartridges,-0.0007605474009867422,13.0,18.0
3am,-0.0007605474009867422,13.0,18.0
filling,-0.0007605474009867422,13.0,18.0
extend,-0.0007605474009867422,13.0,18.0
their app,-0.0007605474009867422,13.0,18.0
loneliness,-0.0007605474009867422,13.0,18.0
with baking,-0.0007605474009867422,13.0,18.0
beans,-0.0010755944397347272,26.0,36.0
by 30,-0.0010755944397347272,26.0,36.0
chair,-0.005511555944193919,31.0,43.0
they won't,-0.006584404306740619,18.0,25.0
the average,-0.006584404306740619,18.0,25.0
side effects,-0.006584404306740619,18.0,25.0
says taking,-0.006584404306740619,18.0,25.0
resin,-0.006584404306740619,18.0,25.0
my mechanic,-0.009311969909884227,36.0,50.0
my tires,-0.009311969909884227,36.0,50.0
alcohol,-0.012657172722010158,41.0,57.0
ph,-0.014188713204077653,59.0,82.0
strict,-0.014790184768392703,28.0,39.0
remote,-0.014790184768392703,28.0,39.0
cycle,-0.015660058578311563,46.0,64.0
room is,-0.015897935794935737,10.0,14.0
worst,-0.015897935794935737,10.0,14.0
gym said,-0.015897935794935737,10.0,14.0
patterns,-0.015897935794935737,10.0,14.0
clinic,-0.015897935794935737,10.0,14.0
a crash,-0.015897935794935737,10.0,14.0
feeder,-0.015897935794935737,10.0,14.0
i replace,-0.015897935794935737,10.0,14.0
must change,-0.015897935794935737,10.0,14.0
sidewall is,-0.015897935794935737,10.0,14.0
a locksmith,-0.015897935794935737,10.0,14.0
wear unevenly,-0.015897935794935737,10.0,14.0
even for,-0.015897935794935737,10.0,14.0
it shows,-0.015897935794935737,10.0,14.0
but still,-0.015897935794935737,10.0,14.0
15 years,-0.015897935794935737,10.0,14.0
card,-0.016310701229642583,152.0,211.0
to one,-0.018002155523286573,33.0,46.0
dealership,-0.018002155523286573,33.0,46.0
designer,-0.01947104138487132,15.0,21.0
a laptop,-0.01947104138487132,15.0,21.0
and are,-0.01947104138487132,15.0,21.0
facebook group,-0.01947104138487132,15.0,21.0
carbon,-0.022483367526779967,20.0,28.0
is still,-0.022483367526779967,20.0,28.0
haven't,-0.022483367526779967,20.0,28.0
whitening,-0.02513733181613513,25.0,35.0
and can,-0.02513733181613513,25.0,35.0
experts,-0.02513733181613513,25.0,35.0
tracking,-0.025815557259983992,48.0,67.0
a garden,-0.030088068377515063,58.0,81.0
the right,-0.030088068377515063,58.0,81.0
30 20,-0.03537028060480133,12.0,17.0
50 30,-0.03537028060480133,12.0,17.0
more likely,-0.03537028060480133,12.0,17.0
black mold,-0.03537028060480133,12.0,17.0
says microwave,-0.03537028060480133,12.0,17.0
houseplant,-0.03537028060480133,12.0,17.0
the dishwasher,-0.03537028060480133,12.0,17.0
adding a,-0.03537028060480133,12.0,17.0
still be,-0.03537028060480133,12.0,17.0
women,-0.03537028060480133,12.0,17.0
crash is,-0.03537028060480133,12.0,17.0
risk so,-0.03537028060480133,12.0,17.0
for our,-0.03537028060480133,12.0,17.0
battery because,-0.03537028060480133,12.0,17.0
within 24,-0.03537028060480133,12.0,17.0
travel insurance,-0.035829117665686264,17.0,24.0
advance,-0.035829117665686264,17.0,24.0
to tell,-0.036862390910405794,22.0,31.0
companies,-0.036862390910405794,22.0,31.0
should take,-0.039459038616105724,32.0,45.0
mileage,-0.04083081173053064,37.0,52.0
hiking,-0.04490350663849933,52.0,73.0
in winter,-0.046219375947415826,57.0,80.0
freelance,-0.050021913065127044,24.0,34.0
most people,-0.050021913065127044,24.0,34.0
oil changes,-0.05042671491296806,19.0,27.0
brush,-0.051975399519800666,14.0,20.0
strain and,-0.051975399519800666,14.0,20.0
support group,-0.051975399519800666,14.0,20.0
stream,-0.051975399519800666,14.0,20.0
label says,-0.051975399519800666,14.0,20.0
instantly is,-0.051975399519800666,14.0,20.0
my dentist,-0.051975399519800666,14.0,20.0
says organic,-0.056310893133277716,9.0,13.0
damage and,-0.056310893133277716,9.0,13.0
50 and,-0.056310893133277716,9.0,13.0
for themselves,-0.056310893133277716,9.0,13.0
leaving a,-0.056310893133277716,9.0,13.0
when heated,-0.056310893133277716,9.0,13.0
laundry detergent,-0.056310893133277716,9.0,13.0
carrier,-0.056310893133277716,9.0,13.0
a classmate,-0.056310893133277716,9.0,13.0
applying for,-0.056310893133277716,9.0,13.0
secretly,-0.056310893133277716,9.0,13.0
runner,-0.056310893133277716,9.0,13.0
themselves in,-0.056310893133277716,9.0,13.0
a 6,-0.056310893133277716,9.0,13.0
focus,-0.06015566796372925,117.0,164.0
soft,-0.061487284454888005,31.0,44.0
stretching before,-0.061487284454888005,31.0,44.0
so you,-0.061487284454888005,31.0,44.0
because they're,-0.061632354532045415,46.0,65.0
method is,-0.06365718772263367,21.0,30.0
built,-0.06365718772263367,21.0,30.0
automatically,-0.06611161052594067,147.0,206.0
clay,-0.066558471247682,16.0,23.0
high heat,-0.066558471247682,16.0,23.0
longevity,-0.066558471247682,16.0,23.0
cleaning influencer,-0.066558471247682,16.0,23.0
feeders,-0.066558471247682,16.0,23.0
flood,-0.07212331337066327,33.0,47.0
planner,-0.07212331337066327,33.0,47.0
a gas,-0.07249815335971853,11.0,16.0
keeping your,-0.07249815335971853,11.0,16.0
first then,-0.07249815335971853,11.0,16.0
update my,-0.07249815335971853,11.0,16.0
have been,-0.07249815335971853,11.0,16.0
trigger,-0.07249815335971853,11.0,16.0
speaking,-0.07249815335971853,11.0,16.0
concert,-0.07249815335971853,11.0,16.0
banks,-0.07249815335971853,11.0,16.0
marathon,-0.07249815335971853,11.0,16.0
plain,-0.07249815335971853,11.0,16.0
car has,-0.07249815335971853,11.0,16.0
the family,-0.07249815335971853,11.0,16.0
a screen,-0.07249815335971853,11.0,16.0
stored,-0.07249815335971853,11.0,16.0
the 50,-0.07350566297177867,28.0,40.0
phone is,-0.0757947825653106,23.0,33.0
repair shop,-0.079209032806703,55.0,78.0
flush every,-0.07963657370371904,18.0,26.0
thermal,-0.07963657370371904,18.0,26.0
aim for,-0.07963657370371904,18.0,26.0
the leak,-0.07963657370371904,18.0,26.0
screen protector,-0.07963657370371904,18.0,26.0
an online,-0.0800344019212472,45.0,64.0
brake pads,-0.08412188062025666,30.0,43.0
get injured,-0.08649713627722964,13.0,19.0
discard,-0.08649713627722964,13.0,19.0
a consultant,-0.08649713627722964,13.0,19.0
security company,-0.08649713627722964,13.0,19.0
nurse,-0.08649713627722964,13.0,19.0
lose all,-0.08649713627722964,13.0,19.0
her that,-0.08649713627722964,13.0,19.0
renters,-0.08649713627722964,13.0,19.0
and avoid,-0.08649713627722964,13.0,19.0
instructions,-0.08649713627722964,13.0,19.0
keep my,-0.08664591686379407,72.0,102.0
until i,-0.08703813383249573,25.0,36.0
must have,-0.08703813383249573,25.0,36.0
1,-0.08915904304894569,203.0,285.0
push,-0.09002733483441387,42.0,60.0
hurts,-0.09154876740389095,20.0,29.0
okay ?,-0.09154876740389095,20.0,29.0
filter every,-0.09154876740389095,20.0,29.0
rent as,-0.09154876740389095,20.0,29.0
gardening group,-0.09154876740389095,20.0,29.0
my brake,-0.09154876740389095,20.0,29.0
on youtube,-0.09154876740389095,20.0,29.0
host,-0.09154876740389095,20.0,29.0
survival,-0.09154876740389095,20.0,29.0
site says,-0.09381300978902742,99.0,140.0
are always,-0.09608395873428321,54.0,77.0
phone battery,-0.09608395873428321,54.0,77.0
older,-0.09724152718761474,49.0,70.0
checking your,-0.09753564253869498,27.0,39.0
helmets,-0.0989504887101895,15.0,22.0
smart thermostat,-0.0989504887101895,15.0,22.0
need at,-0.0989504887101895,15.0,22.0
electronics,-0.0989504887101895,15.0,22.0
to 100,-0.0989504887101895,15.0,22.0
never let,-0.0989504887101895,15.0,22.0
with an,-0.0989504887101895,15.0,22.0
i'm a,-0.0989504887101895,15.0,22.0
of money,-0.0989504887101895,15.0,22.0
via,-0.1007014094522812,8.0,12.0
comfortable,-0.1007014094522812,8.0,12.0
tech youtuber,-0.1007014094522812,8.0,12.0
an expensive,-0.1007014094522812,8.0,12.0
again is,-0.1007014094522812,8.0,12.0
standard i,-0.1007014094522812,8.0,12.0
moving company,-0.1007014094522812,8.0,12.0
up your,-0.1007014094522812,8.0,12.0
wifi drops,-0.1007014094522812,8.0,12.0
hides your,-0.1007014094522812,8.0,12.0
says washing,-0.1007014094522812,8.0,12.0
applicant,-0.1007014094522812,8.0,12.0
a repairman,-0.1007014094522812,8.0,12.0
used in,-0.1007014094522812,8.0,12.0
without worrying,-0.1007014094522812,8.0,12.0
drain my,-0.1007014094522812,8.0,12.0
deposit because,-0.1007014094522812,8.0,12.0
a laundry,-0.1007014094522812,8.0,12.0
says planting,-0.1007014094522812,8.0,12.0
studies and,-0.1007014094522812,8.0,12.0
should start,-0.1007014094522812,8.0,12.0
telling me,-0.1007014094522812,8.0,12.0
with only,-0.1007014094522812,8.0,12.0
you because,-0.1007014094522812,8.0,12.0
damaged,-0.10252936468334718,22.0,32.0
someone on,-0.10360954047152349,34.0,49.0
from home,-0.10537251143538387,51.0,73.0
it as,-0.1067975859773339,88.0,125.0
directly,-0.10719324728300485,46.0,66.0
sounded,-0.1102471849545406,17.0,25.0
easily,-0.1102471849545406,17.0,25.0
missing,-0.1102471849545406,17.0,25.0
physio,-0.1102471849545406,17.0,25.0
most,-0.11198257124118391,135.0,191.0
your money,-0.11258790198645213,10.0,15.0
of radiation,-0.11258790198645213,10.0,15.0
laptop is,-0.11258790198645213,10.0,15.0
auto parts,-0.11258790198645213,10.0,15.0
a flush,-0.11258790198645213,10.0,15.0
speak,-0.11258790198645213,10.0,15.0
carefully,-0.11258790198645213,10.0,15.0
has an,-0.11258790198645213,10.0,15.0
says 30,-0.11258790198645213,10.0,15.0
needs replacement,-0.11258790198645213,10.0,15.0
orchids with,-0.11258790198645213,10.0,15.0
sensors,-0.11262579534017529,36.0,52.0
send a,-0.11262579534017529,36.0,52.0
painting,-0.11274709097644156,24.0,35.0
my attic,-0.11672353012187033,31.0,45.0
a client,-0.11672353012187033,31.0,45.0
7,-0.11782884372526309,112.0,159.0
effective,-0.11945692989722052,92.0,131.0
clicking,-0.12064128999613179,19.0,28.0
never get,-0.12064128999613179,19.0,28.0
to that,-0.12081871454116953,55.0,79.0
planning,-0.12123208261582591,38.0,55.0
will cut,-0.12232753423886107,26.0,38.0
because of,-0.12282358902404016,169.0,239.0
a seller,-0.12309455928734077,50.0,72.0
needs,-0.1232868569574375,184.0,260.0
plumber says,-0.123334199713847,12.0,18.0
honest,-0.123334199713847,12.0,18.0
client says,-0.123334199713847,12.0,18.0
sore throat,-0.123334199713847,12.0,18.0
skin is,-0.123334199713847,12.0,18.0
delayed,-0.123334199713847,12.0,18.0
stores,-0.123334199713847,12.0,18.0
won't pay,-0.123334199713847,12.0,18.0
manager says,-0.123334199713847,12.0,18.0
seem,-0.123334199713847,12.0,18.0
shared,-0.123334199713847,12.0,18.0
an optician,-0.123334199713847,12.0,18.0
cash,-0.12947293007008367,40.0,58.0
a different,-0.13030838694213184,21.0,31.0
wake,-0.13030838694213184,21.0,31.0
youtube video,-0.1313667537491108,28.0,41.0
release,-0.1313667537491108,28.0,41.0
vaccines,-0.1313667537491108,28.0,41.0
saying it's,-0.13321652037956788,14.0,21.0
you use,-0.13321652037956788,14.0,21.0
injector,-0.13321652037956788,14.0,21.0
told him,-0.13321652037956788,14.0,21.0
removes 99,-0.13321652037956788,14.0,21.0
plugs,-0.13321652037956788,14.0,21.0
what it,-0.13321652037956788,14.0,21.0
12 months,-0.13321652037956788,14.0,21.0
cooked,-0.13321652037956788,14.0,21.0
review says,-0.13321652037956788,14.0,21.0
80 is,-0.13321652037956788,14.0,21.0
youtuber says,-0.13321652037956788,14.0,21.0
a teacher,-0.13321652037956788,14.0,21.0
and focus,-0.13321652037956788,14.0,21.0
leaks,-0.1340105715193668,35.0,51.0
there's a,-0.1373858281947753,42.0,61.0
a photo,-0.13937521759399712,23.0,34.0
metal,-0.13937521759399712,23.0,34.0
long,-0.14151890608059875,202.0,286.0
parenting blog,-0.14241483463108506,16.0,24.0
pain in,-0.14241483463108506,16.0,24.0
says i,-0.14426679727922936,292.0,412.0
viral post,-0.14502066784585488,56.0,81.0
120,-0.14810698333636899,32.0,47.0
social,-0.14899522672399784,63.0,91.0
the router,-0.1498226057258999,39.0,57.0
months or,-0.1510541501656372,18.0,27.0
pop,-0.1510541501656372,18.0,27.0
an oil,-0.1523506807943206,46.0,67.0
a free,-0.15591659547110714,34.0,50.0
processing,-0.1560649736125711,27.0,40.0
salt is,-0.15620868584786696,9.0,14.0
letting a,-0.15620868584786696,9.0,14.0
coffee is,-0.15620868584786696,9.0,14.0
screenshot,-0.15620868584786696,9.0,14.0
a flat,-0.15620868584786696,9.0,14.0
muscle soreness,-0.15620868584786696,9.0,14.0
pro,-0.15620868584786696,9.0,14.0
mortgage broker,-0.15620868584786696,9.0,14.0
some people,-0.15620868584786696,9.0,14.0
organic produce,-0.15620868584786696,9.0,14.0
kettle,-0.15620868584786696,9.0,14.0
engine air,-0.15620868584786696,9.0,14.0
in 4,-0.15620868584786696,9.0,14.0
the foundation,-0.15620868584786696,9.0,14.0
shop told,-0.15620868584786696,9.0,14.0
gardening forum,-0.15620868584786696,9.0,14.0
needs replacing,-0.15620868584786696,9.0,14.0
i move,-0.15620868584786696,9.0,14.0
i haven't,-0.15620868584786696,9.0,14.0
work from,-0.15727089756567786,41.0,60.0
brain damage,-0.15922548407890594,20.0,30.0
allergy,-0.15922548407890594,20.0,30.0
or they,-0.15922548407890594,20.0,30.0
agent,-0.16085405156652402,170.0,242.0
through a,-0.16285405099320918,11.0,17.0
phone screen,-0.16285405099320918,11.0,17.0
the red,-0.16285405099320918,11.0,17.0
health and,-0.16285405099320918,11.0,17.0
a paper,-0.16285405099320918,11.0,17.0
table,-0.16340877460300945,36.0,53.0
a mesh,-0.16340877460300945,36.0,53.0
days is,-0.16340877460300945,36.0,53.0
i'll ignore,-0.16445333577670607,43.0,63.0
recipe,-0.16445333577670607,43.0,63.0
separate,-0.16699754673954914,22.0,33.0
to follow,-0.16699754673954914,22.0,33.0
call a,-0.16960989874852508,13.0,20.0
can tell,-0.16960989874852508,13.0,20.0
router near,-0.16960989874852508,13.0,20.0
emergency fund,-0.16960989874852508,13.0,20.0
wifi extender,-0.16960989874852508,13.0,20.0
text saying,-0.16960989874852508,13.0,20.0
need their,-0.16960989874852508,13.0,20.0
vintage,-0.16960989874852508,13.0,20.0
first if,-0.16960989874852508,13.0,20.0
off your,-0.16960989874852508,13.0,20.0
recipe says,-0.16960989874852508,13.0,20.0
should switch,-0.16960989874852508,13.0,20.0
preventive,-0.16960989874852508,13.0,20.0
matches,-0.16960989874852508,13.0,20.0
can deduct,-0.17061687268185513,38.0,56.0
annual,-0.17061687268185513,38.0,56.0
front,-0.17124129027317656,31.0,46.0
viral,-0.17611939100140797,112.0,161.0
permit,-0.17632283740496438,15.0,23.0
language app,-0.17632283740496438,15.0,23.0
about a,-0.17632283740496438,15.0,23.0
purifier,-0.1783725107882975,33.0,49.0
45,-0.1783725107882975,33.0,49.0
was very,-0.1783725107882975,33.0,49.0
here,-0.18292502643320138,17.0,26.0
theory,-0.18292502643320138,17.0,26.0
improvement,-0.18292502643320138,17.0,26.0
vent,-0.18292502643320138,17.0,26.0
within,-0.18349825363325384,148.0,212.0
end,-0.18428905561665818,42.0,62.0
foam,-0.18463157687284604,49.0,72.0
a certain,-0.1884001649806896,28.0,42.0
managers,-0.1884001649806896,28.0,42.0
a coworker,-0.188762859865551,82.0,119.0
and must,-0.18938715657786317,19.0,29.0
a support,-0.18938715657786317,19.0,29.0
a water,-0.19096237579935196,51.0,75.0
music,-0.19187753663929166,37.0,55.0
oil on,-0.19569846073575892,21.0,32.0
oils,-0.19569846073575892,21.0,32.0
a long,-0.19569846073575892,21.0,32.0
facebook,-0.19711238144499543,46.0,68.0
own credit,-0.20185743358080427,23.0,35.0
sense i'll,-0.20185743358080427,23.0,35.0
feeding,-0.20185743358080427,23.0,35.0
always a,-0.20185743358080427,23.0,35.0
always the,-0.20185743358080427,23.0,35.0
credit score,-0.2031185584529002,55.0,81.0
charge a,-0.2041057996535872,8.0,13.0
path,-0.2041057996535872,8.0,13.0
change your,-0.2041057996535872,8.0,13.0
a camping,-0.2041057996535872,8.0,13.0
can ignore,-0.2041057996535872,8.0,13.0
food and,-0.2041057996535872,8.0,13.0
the roots,-0.2041057996535872,8.0,13.0
a course,-0.2041057996535872,8.0,13.0
always caused,-0.2041057996535872,8.0,13.0
and still,-0.2041057996535872,8.0,13.0
city is,-0.2041057996535872,8.0,13.0
is off,-0.2041057996535872,8.0,13.0
research says,-0.2041057996535872,8.0,13.0
linked,-0.2041057996535872,8.0,13.0
retire,-0.2041057996535872,8.0,13.0
a realtor,-0.2041057996535872,8.0,13.0
meters,-0.2041057996535872,8.0,13.0
are automatically,-0.2041057996535872,8.0,13.0
needed for,-0.2055164803346799,10.0,16.0
average height,-0.2055164803346799,10.0,16.0
receipt,-0.2055164803346799,10.0,16.0
says white,-0.2055164803346799,10.0,16.0
50 of,-0.2055164803346799,10.0,16.0
iphone,-0.2055164803346799,10.0,16.0
is 100,-0.2055164803346799,10.0,16.0
says static,-0.2055164803346799,10.0,16.0
he wants,-0.2055164803346799,10.0,16.0
run the,-0.2055164803346799,10.0,16.0
that drinking,-0.2055164803346799,10.0,16.0
a slow,-0.2055164803346799,10.0,16.0
you can,-0.2060075348810495,291.0,414.0
ads,-0.20786724072731563,25.0,38.0
warm up,-0.20786724072731563,25.0,38.0
codes,-0.2084375360093247,12.0,19.0
mold in,-0.2084375360093247,12.0,19.0
damage from,-0.2084375360093247,12.0,19.0
of baking,-0.2084375360093247,12.0,19.0
admin,-0.2084375360093247,12.0,19.0
its,-0.21048768349899372,71.0,104.0
can only,-0.21218798278581713,14.0,22.0
study so,-0.21218798278581713,14.0,22.0
without checking,-0.21218798278581713,14.0,22.0
because your,-0.21218798278581713,14.0,22.0
a short,-0.21218798278581713,14.0,22.0
injured,-0.21218798278581713,14.0,22.0
what the,-0.21228344595076315,109.0,158.0
floor,-0.21362801078989063,36.0,54.0
air purifier,-0.2137333425314904,27.0,41.0
is correct,-0.2137333425314904,27.0,41.0
is in,-0.2164137174799568,16.0,25.0
me if,-0.2164137174799568,16.0,25.0
my friend's,-0.2164137174799568,16.0,25.0
therapist,-0.2164137174799568,16.0,25.0
you email,-0.2164137174799568,16.0,25.0
detailer,-0.21946222632907814,29.0,44.0
resume,-0.22071717632380963,54.0,80.0
short,-0.22127767961206612,75.0,110.0
sold,-0.225060719017922,31.0,47.0
can get,-0.225060719017922,31.0,47.0
planting,-0.225060719017922,31.0,47.0
a family,-0.22518490947907532,40.0,60.0
shoe,-0.22557327262941684,20.0,31.0
set my,-0.22557327262941684,20.0,31.0
with my,-0.22586064238274936,70.0,103.0
fitness,-0.2277895391587248,49.0,73.0
replaced,-0.2277895391587248,49.0,73.0
normal,-0.22907595738744724,134.0,194.0
a neighbour,-0.23165712184940596,79.0,116.0
sitting,-0.2332521856258475,51.0,76.0
mean,-0.23347577011086626,124.0,180.0
deduction,-0.2350894728641341,24.0,37.0
dad says,-0.23986888571403497,26.0,40.0
pipe,-0.2446314244222621,28.0,43.0
manager,-0.246260415026522,78.0,115.0
mention,-0.24668036908775182,48.0,72.0
guitar,-0.24936325571491377,30.0,46.0
anywhere,-0.24936325571491377,30.0,46.0
available,-0.25007572780019127,11.0,18.0
a nutritionist,-0.25007572780019127,11.0,18.0
forgiveness,-0.25007572780019127,11.0,18.0
lube shop,-0.25007572780019127,11.0,18.0
rotate my,-0.25007572780019127,11.0,18.0
paint store,-0.25007572780019127,11.0,18.0
and someone,-0.25007572780019127,11.0,18.0
sealed,-0.25007572780019127,11.0,18.0
expire,-0.25007572780019127,11.0,18.0
lifetime,-0.25007572780019127,11.0,18.0
leaches,-0.25007572780019127,11.0,18.0
insist,-0.25007572780019127,11.0,18.0
invoices,-0.25007572780019127,11.0,18.0
that too,-0.25007572780019127,11.0,18.0
weight gain,-0.250268981055975,13.0,21.0
a baking,-0.250268981055975,13.0,21.0
can replace,-0.250268981055975,13.0,21.0
miles but,-0.250268981055975,13.0,21.0
a strict,-0.2517070182593803,15.0,24.0
outdoor,-0.2517070182593803,15.0,24.0
a meal,-0.2517070182593803,15.0,24.0
sealant,-0.2517070182593803,15.0,24.0
supplement ad,-0.2517070182593803,15.0,24.0
a house,-0.2517070182593803,15.0,24.0
automatically is,-0.2517070182593803,15.0,24.0
season,-0.2517070182593803,15.0,24.0
chart,-0.2517677761559367,50.0,75.0
meditation app,-0.2519063820717978,9.0,15.0
a transmission,-0.2519063820717978,9.0,15.0
says 20,-0.2519063820717978,9.0,15.0
stomach acid,-0.2519063820717978,9.0,15.0
for high,-0.2519063820717978,9.0,15.0
negotiating,-0.2519063820717978,9.0,15.0
labelled,-0.2519063820717978,9.0,15.0
isn't covered,-0.2519063820717978,9.0,15.0
? it's,-0.2519063820717978,9.0,15.0
amount of,-0.2519063820717978,9.0,15.0
a dry,-0.2519063820717978,9.0,15.0
says high,-0.2519063820717978,9.0,15.0
water softener,-0.2519063820717978,9.0,15.0
should wait,-0.2519063820717978,9.0,15.0
a clean,-0.2519063820717978,9.0,15.0
emit,-0.2519063820717978,9.0,15.0
my pharmacist,-0.2519063820717978,9.0,15.0
for their,-0.2519063820717978,9.0,15.0
says smart,-0.2519063820717978,9.0,15.0
burst,-0.2519063820717978,9.0,15.0
back bedroom,-0.2519063820717978,9.0,15.0
work and,-0.2539495970336053,17.0,27.0
less than,-0.2539495970336053,17.0,27.0
an air,-0.2539495970336053,17.0,27.0
can fix,-0.2539495970336053,17.0,27.0
fuel economy,-0.2540551550747723,32.0,49.0
there is,-0.2567301498504971,19.0,30.0
neutral,-0.2567301498504971,19.0,30.0
subscription,-0.2567301498504971,19.0,30.0
photography,-0.2567301498504971,19.0,30.0
all your,-0.2567301498504971,19.0,30.0
inflate,-0.25870104965297885,34.0,52.0
selling,-0.25870104965297885,34.0,52.0
i'll have,-0.25870104965297885,34.0,52.0
extender,-0.25870104965297885,34.0,52.0
accept the,-0.25987866449598696,21.0,33.0
even if,-0.2610223371902541,77.0,114.0
sidewall,-0.2611322153594396,45.0,68.0
a repair,-0.2616461587280438,54.0,81.0
a waste,-0.263282255631802,23.0,36.0
year or,-0.263282255631802,23.0,36.0
zone,-0.2632970535625881,36.0,55.0
space,-0.27056808819214867,27.0,42.0
burnout,-0.27056808819214867,27.0,42.0
grounding,-0.2723310705004036,40.0,61.0
coach says,-0.27497194588357315,111.0,163.0
to avoid,-0.2757060901049917,118.0,173.0
anyone,-0.27820116941945544,31.0,48.0
recruiter,-0.2804522868210699,78.0,116.0
parts store,-0.28114963432251006,44.0,67.0
i work,-0.28208000450203025,33.0,51.0
everyone should,-0.2859774858920247,35.0,54.0
for more,-0.28865245536744644,16.0,26.0
heart rate,-0.28865245536744644,16.0,26.0
void,-0.28865245536744644,16.0,26.0
listing,-0.28865245536744644,16.0,26.0
an emergency,-0.2890249871901783,14.0,23.0
themselves,-0.2890249871901783,14.0,23.0
internal,-0.2890249871901783,14.0,23.0
know that,-0.289292471403039,18.0,29.0
a cheap,-0.289292471403039,18.0,29.0
should buy,-0.289292471403039,18.0,29.0
overnight is,-0.289292471403039,18.0,29.0
you'll get,-0.289292471403039,18.0,29.0
colleague says,-0.2906482652439113,20.0,32.0
police,-0.2906482652439113,20.0,32.0
agreement,-0.2906482652439113,20.0,32.0
says checking,-0.2908776881685602,12.0,20.0
interfere,-0.2908776881685602,12.0,20.0
users,-0.2908776881685602,12.0,20.0
pool,-0.2908776881685602,12.0,20.0
click a,-0.2908776881685602,12.0,20.0
interfere with,-0.2908776881685602,12.0,20.0
food,-0.291533015054261,360.0,516.0
driving,-0.2917072272639038,98.0,145.0
shower,-0.29252272611616775,22.0,35.0
agent says,-0.2947801143549975,24.0,38.0
accurately,-0.2949920987844497,10.0,17.0
protein within,-0.2949920987844497,10.0,17.0
a resume,-0.2949920987844497,10.0,17.0
gardening blog,-0.2949920987844497,10.0,17.0
business,-0.29790368116979254,70.0,105.0
signal,-0.2996006282101809,79.0,118.0
or you,-0.30008494464177327,28.0,44.0
can be,-0.30146093460482576,63.0,95.0
not that,-0.3027820857127974,8.0,14.0
grief in,-0.3027820857127974,8.0,14.0
something else,-0.3027820857127974,8.0,14.0
bleach is,-0.3027820857127974,8.0,14.0
law is,-0.3027820857127974,8.0,14.0
home insurance,-0.3027820857127974,8.0,14.0
says keeping,-0.3027820857127974,8.0,14.0
a side,-0.3027820857127974,8.0,14.0
reviewer says,-0.3027820857127974,8.0,14.0
account will,-0.3027820857127974,8.0,14.0
you see,-0.3027820857127974,8.0,14.0
raising,-0.3027820857127974,8.0,14.0
i wait,-0.3027820857127974,8.0,14.0
an outdoor,-0.3027820857127974,8.0,14.0
are better,-0.3027820857127974,8.0,14.0
about this,-0.3027820857127974,8.0,14.0
a coffee,-0.3027820857127974,8.0,14.0
should avoid,-0.3030105863726591,30.0,47.0
if you,-0.3037173246961106,307.0,442.0
changed,-0.30606197700252935,32.0,50.0
salesperson says,-0.30606197700252935,32.0,50.0
furniture,-0.30606197700252935,32.0,50.0
do a,-0.30920917863698566,34.0,53.0
mesh system,-0.31901755042378893,40.0,62.0
otherwise,-0.31901755042378893,40.0,62.0
teacher,-0.32001736236348216,89.0,133.0
crime,-0.3227319448401186,19.0,31.0
aim,-0.3227319448401186,19.0,31.0
over time,-0.3227319448401186,19.0,31.0
productivity,-0.3228973120278173,21.0,34.0
trail,-0.3228973120278173,21.0,34.0
a friend,-0.32312773784183985,426.0,611.0
highway,-0.32340173924373516,17.0,28.0
d daily,-0.32340173924373516,17.0,28.0
the trolley,-0.32340173924373516,17.0,28.0
? a,-0.32340173924373516,17.0,28.0
the back,-0.32340173924373516,17.0,28.0
that it,-0.32340173924373516,17.0,28.0
85,-0.3236883628371169,23.0,37.0
says blue,-0.3236883628371169,23.0,37.0
can keep,-0.32495691537897725,25.0,40.0
relief,-0.32495691537897725,25.0,40.0
a workout,-0.3252125430391656,15.0,25.0
every 2,-0.3252125430391656,15.0,25.0
anti,-0.3252125430391656,15.0,25.0
say the,-0.3252125430391656,15.0,25.0
a 200,-0.3252125430391656,15.0,25.0
a blog,-0.32564020045211794,75.0,113.0
and get,-0.3280451535629996,57.0,87.0
by 80,-0.32862910011074825,13.0,22.0
label is,-0.33247765246726907,48.0,74.0
says any,-0.3330216213297577,33.0,52.0
secure,-0.3330216213297577,33.0,52.0
your credit,-0.3330216213297577,33.0,52.0
cleaning,-0.3341319303891718,188.0,275.0
any reason,-0.33439426127407124,11.0,19.0
the mold,-0.33439426127407124,11.0,19.0
soil is,-0.33439426127407124,11.0,19.0
receipts,-0.33439426127407124,11.0,19.0
installer said,-0.33439426127407124,11.0,19.0
larger,-0.33439426127407124,11.0,19.0
says cold,-0.33439426127407124,11.0,19.0
deficient,-0.33439426127407124,11.0,19.0
on linkedin,-0.33439426127407124,11.0,19.0
guide says,-0.33439426127407124,11.0,19.0
a gaming,-0.33439426127407124,11.0,19.0
cancellation,-0.33439426127407124,11.0,19.0
article says,-0.33550842209723725,35.0,55.0
you need,-0.3378001304389824,90.0,135.0
needed,-0.3388088727736478,171.0,251.0
have,-0.3408384432222104,852.0,1211.0
office,-0.3415337626564976,92.0,138.0
mats,-0.3437767312551154,9.0,16.0
number in,-0.3437767312551154,9.0,16.0
deductible,-0.3437767312551154,9.0,16.0
will look,-0.3437767312551154,9.0,16.0
attention,-0.3437767312551154,9.0,16.0
hiking forum,-0.3437767312551154,9.0,16.0
drugs,-0.3437767312551154,9.0,16.0
core,-0.3437767312551154,9.0,16.0
relationships,-0.3437767312551154,9.0,16.0
for back,-0.3437767312551154,9.0,16.0
kills 99,-0.3437767312551154,9.0,16.0
on time,-0.3437767312551154,9.0,16.0
my smart,-0.3437767312551154,9.0,16.0
meal prep,-0.3437767312551154,9.0,16.0
another,-0.3483146578272,78.0,118.0
story,-0.3493105599199358,45.0,70.0
there's,-0.35327675197312725,130.0,193.0
sometimes,-0.35352961362276225,24.0,39.0
the extra,-0.35352961362276225,24.0,39.0
a safe,-0.35366601037304374,22.0,36.0
you won't,-0.3545032442831586,20.0,33.0
bootcamp,-0.3545032442831586,20.0,33.0
commercial,-0.3545032442831586,20.0,33.0
application,-0.35478408382785803,28.0,45.0
center,-0.35478408382785803,28.0,45.0
the minimum,-0.35478408382785803,28.0,45.0
could be,-0.35625402645121995,18.0,30.0
of the,-0.3590108812340426,148.0,219.0
eat protein,-0.35914880975440544,7.0,13.0
a lawn,-0.35914880975440544,7.0,13.0
in 5,-0.35914880975440544,7.0,13.0
seller on,-0.35914880975440544,7.0,13.0
is very,-0.35914880975440544,7.0,13.0
staying,-0.35914880975440544,7.0,13.0
and clean,-0.35914880975440544,7.0,13.0
the project,-0.35914880975440544,7.0,13.0
without the,-0.35914880975440544,7.0,13.0
cancer causing,-0.35914880975440544,7.0,13.0
for weight,-0.35914880975440544,7.0,13.0
nutritionist on,-0.35914880975440544,7.0,13.0
help a,-0.35914880975440544,7.0,13.0
iu of,-0.3592212049592605,16.0,27.0
updates,-0.3592212049592605,16.0,27.0
file,-0.3593039340770091,64.0,98.0
learn,-0.3624466553751851,86.0,130.0
foundation,-0.3630808466587369,38.0,60.0
colors,-0.36385142922719865,14.0,24.0
saying you,-0.36385142922719865,14.0,24.0
skills,-0.36385142922719865,14.0,24.0
history,-0.3699045701250199,44.0,69.0
party,-0.3699045701250199,44.0,69.0
posted,-0.37083300209936837,12.0,21.0
for 5,-0.37083300209936837,12.0,21.0
often should,-0.37083300209936837,12.0,21.0
youtube says,-0.37083300209936837,12.0,21.0
post says,-0.3780629007224709,121.0,181.0
mechanic says,-0.379286248990379,65.0,100.0
unevenly,-0.3812879840484504,10.0,18.0
should cut,-0.3812879840484504,10.0,18.0
a photography,-0.3812879840484504,10.0,18.0
car batteries,-0.3812879840484504,10.0,18.0
a password,-0.3812879840484504,10.0,18.0
of grief,-0.3812879840484504,10.0,18.0
drain to,-0.3812879840484504,10.0,18.0
use one,-0.38217739346070734,25.0,41.0
prove,-0.38311242895250447,23.0,38.0
fix a,-0.38311242895250447,23.0,38.0
below,-0.3833758200596471,33.0,53.0
after an,-0.3847999858620957,21.0,35.0
colleague,-0.3853153123920998,69.0,106.0
landlord said,-0.3873792560604782,39.0,62.0
option,-0.38745038348830785,19.0,32.0
a gardening,-0.38801460481199374,58.0,90.0
looked,-0.3948685009072015,47.0,74.0
phone's,-0.3969404293614728,15.0,26.0
battery drain,-0.3969404293614728,15.0,26.0
a used,-0.3969404293614728,15.0,26.0
a software,-0.39718739572196754,8.0,15.0
guests,-0.39718739572196754,8.0,15.0
equal,-0.39718739572196754,8.0,15.0
british propaganda,-0.39718739572196754,8.0,15.0
a power,-0.39718739572196754,8.0,15.0
salesman says,-0.39718739572196754,8.0,15.0
out a,-0.39718739572196754,8.0,15.0
limited,-0.39718739572196754,8.0,15.0
a game,-0.39718739572196754,8.0,15.0
that eating,-0.39718739572196754,8.0,15.0
fully drain,-0.39718739572196754,8.0,15.0
i qualify,-0.39718739572196754,8.0,15.0
an hvac,-0.39718739572196754,8.0,15.0
a barista,-0.39718739572196754,8.0,15.0
method,-0.40230901276828485,144.0,215.0
does not,-0.40483127384380685,13.0,23.0
the parts,-0.40483127384380685,13.0,23.0
that with,-0.40483127384380685,13.0,23.0
ruin the,-0.40483127384380685,13.0,23.0
i'll see,-0.40483127384380685,13.0,23.0
garden center,-0.40483127384380685,13.0,23.0
slows,-0.40483127384380685,13.0,23.0
death,-0.40483127384380685,13.0,23.0
if he,-0.4082254532779858,32.0,52.0
the 10,-0.4085299783140806,34.0,55.0
water damage,-0.4097438833807221,26.0,43.0
came,-0.4097438833807221,26.0,43.0
tires to,-0.4113702607473776,24.0,40.0
a coach,-0.4113702607473776,24.0,40.0
maximum,-0.41370231250923467,44.0,70.0
that guaranteed,-0.41601689595308317,11.0,20.0
pushing,-0.41601689595308317,11.0,20.0
trim,-0.41601689595308317,11.0,20.0
that good,-0.41601689595308317,11.0,20.0
pull the,-0.41601689595308317,11.0,20.0
activity,-0.4171878915328344,20.0,34.0
that in,-0.4182761393716079,67.0,104.0
my kid,-0.42186344039194756,18.0,31.0
other,-0.4236688557266026,115.0,174.0
door,-0.4246057257738735,106.0,161.0
my windows,-0.42820360231724774,16.0,28.0
wedding planner,-0.42820360231724774,16.0,28.0
residue,-0.42820360231724774,16.0,28.0
surface,-0.42820360231724774,16.0,28.0
made,-0.43091033716478233,77.0,119.0
dead and,-0.4321464515481708,9.0,17.0
spreading,-0.4321464515481708,9.0,17.0
hard water,-0.4321464515481708,9.0,17.0
is selling,-0.4321464515481708,9.0,17.0
a linkedin,-0.4321464515481708,9.0,17.0
says i'm,-0.4321464515481708,9.0,17.0
stages of,-0.4321464515481708,9.0,17.0
economy,-0.4329638551766665,35.0,57.0
hr,-0.4330920543359002,37.0,60.0
before a,-0.4334944710183425,39.0,63.0
thermostat,-0.4363259312640797,27.0,45.0
a 5,-0.43678107261343163,14.0,25.0
should put,-0.43678107261343163,14.0,25.0
condensation,-0.43678107261343163,14.0,25.0
fails,-0.43678107261343163,14.0,25.0
cooling,-0.43678107261343163,14.0,25.0
causing,-0.4385535784105486,25.0,42.0
found a,-0.4385535784105486,25.0,42.0
works better,-0.4385535784105486,25.0,42.0
a cure,-0.44158925237901636,23.0,39.0
day is,-0.44300406863082764,55.0,87.0
mandatory,-0.4456297301290373,21.0,36.0
a diy,-0.4456297301290373,21.0,36.0
me my,-0.4456297301290373,21.0,36.0
trainer,-0.4466322856359719,140.0,211.0
a solar,-0.4484650467373398,12.0,22.0
i go,-0.4484650467373398,12.0,22.0
lights,-0.4484650467373398,12.0,22.0
argue,-0.4484650467373398,12.0,22.0
a writing,-0.4484650467373398,12.0,22.0
compost tea,-0.4484650467373398,12.0,22.0
question,-0.4484650467373398,12.0,22.0
likely to,-0.45093977192758783,19.0,33.0
or it,-0.45354412068932953,82.0,127.0
real fix,-0.4562171050476496,7.0,14.0
unsafe and,-0.4562171050476496,7.0,14.0
app advertises,-0.4562171050476496,7.0,14.0
a popular,-0.4562171050476496,7.0,14.0
if not,-0.4562171050476496,7.0,14.0
planning a,-0.4562171050476496,7.0,14.0
combine,-0.4562171050476496,7.0,14.0
weight is,-0.4562171050476496,7.0,14.0
i asked,-0.4562171050476496,7.0,14.0
energy is,-0.4562171050476496,7.0,14.0
events,-0.4562171050476496,7.0,14.0
literally,-0.4562171050476496,7.0,14.0
a grounding,-0.4562171050476496,7.0,14.0
email within,-0.4562171050476496,7.0,14.0
says plastic,-0.4562171050476496,7.0,14.0
station attendant,-0.4562171050476496,7.0,14.0
safely,-0.45672649983077734,36.0,59.0
store says,-0.45777927056479745,46.0,74.0
aren't,-0.4578846948530235,17.0,30.0
says he,-0.45841396800898226,32.0,53.0
in an,-0.45957457180291095,50.0,80.0
injury,-0.45992989653297156,30.0,50.0
battery,-0.46031604036702906,502.0,728.0
store employee,-0.46113312953399,132.0,200.0
forum says,-0.46347304022265634,232.0,344.0
they were,-0.4646471153367727,10.0,19.0
f is,-0.4646471153367727,10.0,19.0
him the,-0.4646471153367727,10.0,19.0
attack,-0.4646471153367727,10.0,19.0
the product,-0.4646471153367727,10.0,19.0
for health,-0.4646471153367727,10.0,19.0
traps,-0.4646471153367727,10.0,19.0
be used,-0.4646471153367727,10.0,19.0
registration,-0.4646471153367727,10.0,19.0
podcast says,-0.464760488909291,26.0,44.0
a regular,-0.4669840205107659,15.0,27.0
says coffee,-0.4669840205107659,15.0,27.0
mountain,-0.4669840205107659,15.0,27.0
2 years,-0.4683327698841835,24.0,41.0
a parent,-0.4683327698841835,24.0,41.0
rotors,-0.47291253659767946,22.0,38.0
washing,-0.4745035747775619,70.0,110.0
using a,-0.4786639015756282,43.0,70.0
a fire,-0.47900432738888593,13.0,24.0
either,-0.47900432738888593,13.0,24.0
change the,-0.47900432738888593,13.0,24.0
a lawyer,-0.47900432738888593,13.0,24.0
synthetic,-0.4798620489982415,37.0,61.0
the label,-0.4820072232114488,78.0,122.0
the 4,-0.48618025627002975,18.0,32.0
deduct my,-0.48618025627002975,18.0,32.0
car is,-0.48618025627002975,18.0,32.0
night is,-0.48618025627002975,18.0,32.0
screen time,-0.48618025627002975,18.0,32.0
and save,-0.48618025627002975,18.0,32.0
volunteer,-0.48618025627002975,18.0,32.0
my house,-0.4868628717401438,29.0,49.0
fund,-0.4868628717401438,29.0,49.0
cold weather,-0.48771738643194196,8.0,16.0
must start,-0.48771738643194196,8.0,16.0
trainer at,-0.48771738643194196,8.0,16.0
problem is,-0.48771738643194196,8.0,16.0
in ?,-0.48771738643194196,8.0,16.0
a tip,-0.48771738643194196,8.0,16.0
need more,-0.48771738643194196,8.0,16.0
break the,-0.48771738643194196,8.0,16.0
great deal,-0.48771738643194196,8.0,16.0
the health,-0.48771738643194196,8.0,16.0
my air,-0.48771738643194196,8.0,16.0
basically a,-0.48771738643194196,8.0,16.0
need an,-0.4896021477563765,67.0,106.0
password,-0.4911179759640642,69.0,109.0
mortgage,-0.4941127399908973,25.0,43.0
of an,-0.49513008724566704,11.0,21.0
winter tires,-0.49513008724566704,11.0,21.0
was actually,-0.49513008724566704,11.0,21.0
groceries,-0.49513008724566704,11.0,21.0
sending,-0.4956773511544869,16.0,29.0
real estate,-0.4956773511544869,16.0,29.0
gains,-0.4956773511544869,16.0,29.0
forever is,-0.4991518763299075,23.0,40.0
basement,-0.4991518763299075,23.0,40.0
that exact,-0.5054272275723499,21.0,37.0
should just,-0.5054272275723499,21.0,37.0
a business,-0.505681241788607,34.0,57.0
seal,-0.505681241788607,34.0,57.0
is okay,-0.5079185809792165,14.0,26.0
leak is,-0.5079185809792165,14.0,26.0
deny,-0.5079185809792165,14.0,26.0
weeks is,-0.5080272626294737,32.0,54.0
a group,-0.5109561584129816,30.0,51.0
says no,-0.5132511509210326,19.0,34.0
near the,-0.5132511509210326,19.0,34.0
offers,-0.5132511509210326,19.0,34.0
kid,-0.5132511509210326,19.0,34.0
regular,-0.5165759964161212,80.0,126.0
support agent,-0.5173032406871206,9.0,18.0
fast is,-0.5173032406871206,9.0,18.0
hazard,-0.5173032406871206,9.0,18.0
my devices,-0.5173032406871206,9.0,18.0
charging is,-0.5173032406871206,9.0,18.0
adjuster said,-0.5173032406871206,9.0,18.0
covered because,-0.5173032406871206,9.0,18.0
current ?,-0.5173032406871206,9.0,18.0
to negotiate,-0.5173032406871206,9.0,18.0
nutrients is,-0.5173032406871206,9.0,18.0
to report,-0.5173032406871206,9.0,18.0
a clear,-0.5173032406871206,9.0,18.0
call the,-0.5190144288700137,26.0,45.0
entry,-0.5230511709928386,17.0,31.0
anonymous online,-0.5230511709928386,17.0,31.0
see it,-0.5230511709928386,17.0,31.0
trolley problem,-0.5230511709928386,17.0,31.0
offered,-0.5239205751639768,12.0,23.0
to ask,-0.5239205751639768,12.0,23.0
headline says,-0.5239205751639768,12.0,23.0
prescription,-0.5239205751639768,12.0,23.0
ago,-0.5310889830947422,22.0,39.0
access,-0.5310889830947422,22.0,39.0
necessary for,-0.5310889830947422,22.0,39.0
smoking,-0.5354297132615561,15.0,28.0
warranty is,-0.5354297132615561,15.0,28.0
advertises,-0.5354297132615561,15.0,28.0
cognitive,-0.5354297132615561,15.0,28.0
a running,-0.5431119603288311,27.0,47.0
years old,-0.5431119603288311,27.0,47.0
protector,-0.5431119603288311,27.0,47.0
travel blogger,-0.545286372772711,10.0,20.0
running coach,-0.545286372772711,10.0,20.0
of its,-0.545286372772711,10.0,20.0
hepa,-0.545286372772711,10.0,20.0
seen it,-0.5489700759500774,7.0,15.0
think ?,-0.5489700759500774,7.0,15.0
texting,-0.5489700759500774,7.0,15.0
home one,-0.5489700759500774,7.0,15.0
chef on,-0.5489700759500774,7.0,15.0
a chiropractor,-0.5489700759500774,7.0,15.0
must eat,-0.5489700759500774,7.0,15.0
a hidden,-0.5489700759500774,7.0,15.0
tenants,-0.5489700759500774,7.0,15.0
500 i,-0.5489700759500774,7.0,15.0
interest is,-0.5489700759500774,7.0,15.0
believe that,-0.5489700759500774,7.0,15.0
track my,-0.5489700759500774,7.0,15.0
says buying,-0.5489700759500774,7.0,15.0
the cap,-0.5489700759500774,7.0,15.0
my routine,-0.5489700759500774,7.0,15.0
saying all,-0.5489700759500774,7.0,15.0
tech forum,-0.5492602886591381,18.0,33.0
every 30,-0.5492602886591381,18.0,33.0
a breeder,-0.5492602886591381,18.0,33.0
damage the,-0.5492602886591381,18.0,33.0
a guitar,-0.5512662069154923,13.0,25.0
when you,-0.5512662069154923,13.0,25.0
a high,-0.5534756840512836,34.0,58.0
internet,-0.5570089954499936,92.0,145.0
a tyre,-0.5570798409760706,32.0,55.0
best way,-0.5570798409760706,32.0,55.0
a detailer,-0.5617147492359107,16.0,30.0
should do,-0.5617147492359107,16.0,30.0
a smart,-0.5617147492359107,16.0,30.0
time to,-0.5617147492359107,16.0,30.0
ceiling,-0.5642309621393997,21.0,38.0
games,-0.5642309621393997,21.0,38.0
indoor,-0.5642309621393997,21.0,38.0
guru says,-0.5642309621393997,21.0,38.0
washer,-0.5719020943728675,11.0,22.0
a nature,-0.5719020943728675,11.0,22.0
a design,-0.5719020943728675,11.0,22.0
home internet,-0.5719020943728675,11.0,22.0
back is,-0.5719020943728675,11.0,22.0
replaced every,-0.5719020943728675,11.0,22.0
radiation is,-0.5719020943728675,11.0,22.0
salesperson told,-0.5719020943728675,11.0,22.0
log,-0.5719020943728675,11.0,22.0
a chef,-0.5719020943728675,11.0,22.0
wellness blog,-0.5725289697447705,26.0,46.0
cable,-0.5725289697447705,26.0,46.0
are a,-0.5725289697447705,26.0,46.0
lawyer,-0.574432542134894,19.0,35.0
fabric,-0.574432542134894,19.0,35.0
art,-0.574432542134894,19.0,35.0
solution,-0.574432542134894,19.0,35.0
for people,-0.5747164382576468,8.0,17.0
a verbal,-0.5747164382576468,8.0,17.0
i make,-0.5747164382576468,8.0,17.0
a fuel,-0.5747164382576468,8.0,17.0
all student,-0.5747164382576468,8.0,17.0
my tpms,-0.5747164382576468,8.0,17.0
smartwatch,-0.5747164382576468,8.0,17.0
engine is,-0.5747164382576468,8.0,17.0
consultant says,-0.5747164382576468,8.0,17.0
a certified,-0.5747164382576468,8.0,17.0
follow my,-0.5747164382576468,8.0,17.0
guitar teacher,-0.5747164382576468,8.0,17.0
raw chicken,-0.5747164382576468,8.0,17.0
their ai,-0.5747164382576468,8.0,17.0
longer is,-0.5747164382576468,8.0,17.0
weak i'll,-0.5747164382576468,8.0,17.0
wasted is,-0.5747164382576468,8.0,17.0
ceramic coating,-0.5747164382576468,8.0,17.0
which one,-0.5773604273010529,14.0,27.0
must never,-0.5773604273010529,14.0,27.0
light is,-0.5773604273010529,14.0,27.0
school,-0.5786850252149965,54.0,89.0
refuse,-0.5792065576456942,33.0,57.0
says all,-0.5794868922838611,52.0,86.0
style,-0.5797389233116177,24.0,43.0
failure,-0.5833359440901776,46.0,77.0
allowed,-0.5833359440901776,46.0,77.0
main,-0.587406351374488,42.0,71.0
flights,-0.5883465482076291,22.0,40.0
try a,-0.5883465482076291,22.0,40.0
there are,-0.5891461593572044,29.0,51.0
much,-0.5935064418025557,162.0,249.0
retirement,-0.595454786098991,27.0,48.0
carpet,-0.595454786098991,27.0,48.0
saying the,-0.5973332189625373,12.0,24.0
resumes,-0.5973332189625373,12.0,24.0
health is,-0.5973332189625373,12.0,24.0
diagnose,-0.5973332189625373,12.0,24.0
day a,-0.5973332189625373,12.0,24.0
real thing,-0.5973332189625373,12.0,24.0
accident,-0.5973332189625373,12.0,24.0
a dealership,-0.5973332189625373,12.0,24.0
a bad,-0.5973332189625373,12.0,24.0
pet shop,-0.5973332189625373,12.0,24.0
is as,-0.5973332189625373,12.0,24.0
a thing,-0.5973332189625373,12.0,24.0
is covered,-0.5973332189625373,12.0,24.0
a warning,-0.5973332189625373,12.0,24.0
the rules,-0.598674798860211,20.0,37.0
travel blog,-0.598674798860211,20.0,37.0
newsletter says,-0.5995015511760869,9.0,19.0
my apartment,-0.5995015511760869,9.0,19.0
in advance,-0.5995015511760869,9.0,19.0
your resume,-0.5995015511760869,9.0,19.0
comment says,-0.5995015511760869,9.0,19.0
can still,-0.5995015511760869,9.0,19.0
the 100,-0.5995015511760869,9.0,19.0
tracker,-0.5995015511760869,9.0,19.0
off is,-0.5995015511760869,9.0,19.0
traditional,-0.5995015511760869,9.0,19.0
standing desks,-0.5995015511760869,9.0,19.0
fits,-0.5995015511760869,9.0,19.0
date is,-0.5995015511760869,9.0,19.0
agree,-0.6023576051061177,15.0,29.0
toilet,-0.6023576051061177,15.0,29.0
risk by,-0.6023576051061177,15.0,29.0
and should,-0.6028828605414973,25.0,45.0
says everyone,-0.6028828605414973,25.0,45.0
letting,-0.6028828605414973,25.0,45.0
the main,-0.6055856832206942,32.0,56.0
at,-0.6080423561423989,1010.0,1460.0
project,-0.6116585814790696,23.0,42.0
count,-0.6170819770288342,54.0,90.0
money saving,-0.6171882533960042,6.0,14.0
is reliable,-0.6171882533960042,6.0,14.0
to treat,-0.6171882533960042,6.0,14.0
vpn ad,-0.6171882533960042,6.0,14.0
router on,-0.6171882533960042,6.0,14.0
extender will,-0.6171882533960042,6.0,14.0
the case,-0.6171882533960042,6.0,14.0
office expense,-0.6171882533960042,6.0,14.0
selling a,-0.6171882533960042,6.0,14.0
tax preparer,-0.6171882533960042,6.0,14.0
a list,-0.6171882533960042,6.0,14.0
a low,-0.6171882533960042,6.0,14.0
a two,-0.621725128265888,13.0,26.0
life is,-0.621725128265888,13.0,26.0
comes,-0.6217939760054546,35.0,61.0
student loans,-0.6220773684491144,21.0,39.0
cabin,-0.6234000247626249,10.0,21.0
desks,-0.6234000247626249,10.0,21.0
of sleep,-0.6234000247626249,10.0,21.0
a salary,-0.6234000247626249,10.0,21.0
structure,-0.6234000247626249,10.0,21.0
the city,-0.6234000247626249,10.0,21.0
synthetic oil,-0.6263831601273715,16.0,31.0
you completely,-0.6263831601273715,16.0,31.0
the headline,-0.6268353497866455,33.0,58.0
be replaced,-0.6268353497866455,33.0,58.0
park,-0.6268353497866455,33.0,58.0
post saying,-0.6302349478880339,42.0,72.0
training,-0.6318151743395425,61.0,101.0
if your,-0.6342369508100304,24.0,44.0
fake,-0.6342369508100304,24.0,44.0
my basement,-0.6378249230063521,7.0,16.0
brick,-0.6378249230063521,7.0,16.0
old is,-0.6378249230063521,7.0,16.0
dealer says,-0.6378249230063521,7.0,16.0
order is,-0.6378249230063521,7.0,16.0
pre,-0.6393583903803275,29.0,52.0
form,-0.6447173072273846,22.0,41.0
have the,-0.6447173072273846,22.0,41.0
meeting,-0.6451956970351841,14.0,28.0
rolling,-0.6451956970351841,14.0,28.0
lightning,-0.6451956970351841,14.0,28.0
a dealer,-0.6451956970351841,14.0,28.0
medicine,-0.6464690515455486,45.0,77.0
doesn't have,-0.6464851963309955,11.0,23.0
it only,-0.6464851963309955,11.0,23.0
deposit for,-0.6464851963309955,11.0,23.0
expenses,-0.6464851963309955,11.0,23.0
30 of,-0.6464851963309955,11.0,23.0
draft,-0.6464851963309955,11.0,23.0
000 mile,-0.6464851963309955,11.0,23.0
a store,-0.6471244878870696,27.0,49.0
coolant,-0.6471244878870696,27.0,49.0
hearing,-0.6475631248795065,34.0,60.0
tools,-0.6495405699067546,17.0,33.0
piano,-0.6495405699067546,17.0,33.0
cures dandruff,-0.6518271096148226,58.0,97.0
the 20,-0.656142361251344,25.0,46.0
address,-0.656142361251344,25.0,46.0
insurer,-0.6571204980689959,20.0,38.0
helmet,-0.6571204980689959,20.0,38.0
teacher says,-0.6571204980689959,20.0,38.0
30 day,-0.6584858908901369,8.0,18.0
progress,-0.6584858908901369,8.0,18.0
battery and,-0.6584858908901369,8.0,18.0
screen is,-0.6584858908901369,8.0,18.0
sharing,-0.6584858908901369,8.0,18.0
fiber,-0.6584858908901369,8.0,18.0
claim my,-0.6584858908901369,8.0,18.0
a movie,-0.6584858908901369,8.0,18.0
charity,-0.6584858908901369,8.0,18.0
high,-0.6597290629209197,221.0,338.0
a number,-0.6604300592590235,30.0,54.0
cameras,-0.6604300592590235,30.0,54.0
at a,-0.6653856007325288,46.0,79.0
on an,-0.6678018410567468,35.0,62.0
the science,-0.6678420708101548,15.0,30.0
learn to,-0.6678420708101548,15.0,30.0
my wifi,-0.6683257557335031,28.0,51.0
can just,-0.6688209251688509,44.0,76.0
international,-0.6688249560974722,12.0,25.0
nature,-0.6688249560974722,12.0,25.0
a personal,-0.6688249560974722,12.0,25.0
a thank,-0.6688249560974722,12.0,25.0
fine is,-0.6688249560974722,12.0,25.0
in that,-0.6688249560974722,12.0,25.0
mold is,-0.6688249560974722,12.0,25.0
gym trainer,-0.671916350349978,18.0,35.0
things,-0.6739579946642389,33.0,59.0
a 10,-0.6774278976021968,26.0,48.0
gauge,-0.6774278976021968,26.0,48.0
password manager,-0.6789673709084326,9.0,20.0
are needed,-0.6789673709084326,9.0,20.0
insurance is,-0.6789673709084326,9.0,20.0
contractor says,-0.6789673709084326,9.0,20.0
parenting group,-0.6789673709084326,9.0,20.0
news headline,-0.6789673709084326,9.0,20.0
setup,-0.6789673709084326,9.0,20.0
home office,-0.680969046255073,31.0,56.0
4,-0.68165126263021,137.0,216.0
that thanks,-0.6897454366159038,16.0,32.0
my deposit,-0.6904805835204004,13.0,27.0
contractor said,-0.6922710770644229,87.0,142.0
smart,-0.6934697645203495,79.0,130.0
90 of,-0.6935836797825936,19.0,37.0
taste,-0.6935836797825936,19.0,37.0
can use,-0.6938792716062013,34.0,61.0
career coach,-0.6964627107543638,71.0,118.0
auto,-0.6981402673522928,27.0,50.0
match,-0.6981402673522928,27.0,50.0
budgeting,-0.6991626713777794,10.0,22.0
should have,-0.6991626713777794,10.0,22.0
gaps,-0.6991626713777794,10.0,22.0
route,-0.6991626713777794,10.0,22.0
someone in,-0.7059312920019734,46.0,80.0
should fully,-0.707856291095697,6.0,15.0
i apply,-0.707856291095697,6.0,15.0
gardener,-0.707856291095697,6.0,15.0
insurance adjuster,-0.707856291095697,6.0,15.0
are no,-0.707856291095697,6.0,15.0
by age,-0.707856291095697,6.0,15.0
chemicals is,-0.707856291095697,6.0,15.0
so many,-0.707856291095697,6.0,15.0
invest in,-0.707856291095697,6.0,15.0
coffee causes,-0.707856291095697,6.0,15.0
installing,-0.707856291095697,6.0,15.0
home,-0.709048378408114,344.0,519.0
wheel,-0.7091049524020933,30.0,55.0
trolley,-0.710974468486385,17.0,34.0
that all,-0.710974468486385,17.0,34.0
according to,-0.710974468486385,17.0,34.0
according,-0.710974468486385,17.0,34.0
is right,-0.7125633116266877,72.0,120.0
sound,-0.7134035609889077,53.0,91.0
replacement,-0.7175070016176529,134.0,213.0
country,-0.7183207988877032,28.0,52.0
trainer says,-0.7183207988877032,28.0,52.0
the safest,-0.7190175919640197,11.0,24.0
a reddit,-0.7190175919640197,11.0,24.0
maximum pressure,-0.7190175919640197,11.0,24.0
cold is,-0.7190175919640197,11.0,24.0
hear,-0.7190175919640197,11.0,24.0
the 2,-0.7190175919640197,11.0,24.0
more is,-0.7190175919640197,11.0,24.0
led,-0.7190175919640197,11.0,24.0
week is,-0.7200289552857418,40.0,71.0
makes a,-0.7208658098380205,23.0,44.0
and keep,-0.7208658098380205,23.0,44.0
a baker,-0.7231421084109945,7.0,17.0
teaching,-0.7231421084109945,7.0,17.0
an ev,-0.7231421084109945,7.0,17.0
first is,-0.7231421084109945,7.0,17.0
there for,-0.7231421084109945,7.0,17.0
insist on,-0.7231421084109945,7.0,17.0
my contract,-0.7231421084109945,7.0,17.0
a phone,-0.7262044142277698,77.0,128.0
in any,-0.7288539592145051,26.0,49.0
relationship,-0.7288539592145051,26.0,49.0
the lease,-0.7315878717327834,18.0,36.0
health blog,-0.7315878717327834,18.0,36.0
zones,-0.7319522769244535,15.0,31.0
30 is,-0.7319522769244535,15.0,31.0
prevention,-0.7319522769244535,15.0,31.0
or the,-0.737649500280205,88.0,145.0
loss is,-0.7385073861428508,12.0,26.0
a book,-0.7385073861428508,12.0,26.0
now ?,-0.7385073861428508,12.0,26.0
conventional,-0.7385073861428508,12.0,26.0
a community,-0.7385073861428508,12.0,26.0
the extended,-0.7392907381163479,8.0,19.0
job is,-0.7392907381163479,8.0,19.0
taken,-0.7392907381163479,8.0,19.0
rejection,-0.7392907381163479,8.0,19.0
running store,-0.7392907381163479,8.0,19.0
healthy is,-0.7392907381163479,8.0,19.0
and replace,-0.7392907381163479,8.0,19.0
writing,-0.7392921324150874,61.0,104.0
include,-0.7397251606552067,34.0,62.0
the old,-0.7409495245973214,24.0,46.0
a good,-0.7441514716383358,74.0,124.0
or your,-0.7444213215079271,39.0,70.0
it's just,-0.7477766032500964,55.0,95.0
travel agent,-0.7479552323544112,32.0,59.0
and not,-0.7499897333221812,105.0,171.0
career,-0.7500075838708281,107.0,174.0
should always,-0.7505720210132586,97.0,159.0
checks,-0.7516362983617084,19.0,38.0
on their,-0.7518603013469479,16.0,33.0
tech support,-0.7518603013469479,16.0,33.0
children,-0.7518603013469479,16.0,33.0
that really,-0.7549187886392753,22.0,43.0
the code,-0.7549187886392753,22.0,43.0
a mortgage,-0.7559022002736381,9.0,21.0
drain and,-0.7559022002736381,9.0,21.0
hiding,-0.7559022002736381,9.0,21.0
cutoff,-0.7559022002736381,9.0,21.0
someone is,-0.7559022002736381,9.0,21.0
workplace,-0.7559022002736381,9.0,21.0
capacity,-0.7576242251676273,13.0,28.0
reaction,-0.7576242251676273,13.0,28.0
modern cars,-0.7576242251676273,13.0,28.0
tpms,-0.7605236034587065,25.0,48.0
closed,-0.7605236034587065,25.0,48.0
sleep is,-0.7677165111783396,28.0,53.0
court,-0.771163813781494,20.0,40.0
verified,-0.771163813781494,20.0,40.0
panel,-0.771163813781494,20.0,40.0
80 of,-0.7712694210022152,17.0,35.0
the guarantee,-0.7727317386624591,10.0,23.0
i'm considering,-0.7727317386624591,10.0,23.0
customer,-0.7727317386624591,10.0,23.0
and doesn't,-0.7727317386624591,10.0,23.0
bad because,-0.7727317386624591,10.0,23.0
and needs,-0.7727317386624591,10.0,23.0
i only,-0.7742989913085095,23.0,45.0
have an,-0.7763700946607307,14.0,30.0
wifi is,-0.7796240722710833,26.0,50.0
that's a,-0.7809476168062772,48.0,85.0
produce,-0.786472890086895,29.0,55.0
insurance agent,-0.7896250346298753,11.0,25.0
propaganda,-0.7896250346298753,11.0,25.0
are not,-0.7896250346298753,11.0,25.0
the 80,-0.7896250346298753,11.0,25.0
controls,-0.7896250346298753,11.0,25.0
a care,-0.7896250346298753,11.0,25.0
failed,-0.7896250346298753,11.0,25.0
enable,-0.7896250346298753,11.0,25.0
editing,-0.7896250346298753,11.0,25.0
late fee,-0.7896250346298753,11.0,25.0
fee is,-0.7902140555770355,18.0,37.0
trying,-0.7931196777187478,51.0,90.0
inflation,-0.7944042675050947,32.0,60.0
nutrition,-0.7944042675050947,32.0,60.0
scan,-0.7946380800731558,6.0,16.0
a quote,-0.7946380800731558,6.0,16.0
years or,-0.7946380800731558,6.0,16.0
office deduction,-0.7946380800731558,6.0,16.0
making it,-0.7946380800731558,6.0,16.0
a tutor,-0.7946380800731558,6.0,16.0
itself is,-0.7946380800731558,6.0,16.0
that even,-0.7946380800731558,6.0,16.0
role is,-0.7946380800731558,6.0,16.0
actively,-0.7946380800731558,6.0,16.0
early is,-0.7946380800731558,6.0,16.0
poster says,-0.7946380800731558,6.0,16.0
not always,-0.7946380800731558,6.0,16.0
must buy,-0.7947526417542043,15.0,32.0
a gym,-0.803115706798865,35.0,65.0
side effect,-0.8052349581103109,7.0,18.0
still a,-0.8052349581103109,7.0,18.0
respond,-0.8052349581103109,7.0,18.0
insulation is,-0.8052349581103109,7.0,18.0
5 year,-0.8052349581103109,7.0,18.0
unemployment,-0.8052349581103109,7.0,18.0
tire sidewall,-0.8052349581103109,7.0,18.0
alone is,-0.8052349581103109,7.0,18.0
coach told,-0.8064828412607701,12.0,27.0
image,-0.8064828412607701,12.0,27.0
40 is,-0.8064828412607701,12.0,27.0
last year,-0.8064828412607701,12.0,27.0
i'll clean,-0.8064828412607701,12.0,27.0
homes,-0.8064828412607701,12.0,27.0
vet,-0.8066225126905467,63.0,109.0
from screens,-0.8087250318085099,19.0,39.0
chain,-0.808806038678046,22.0,44.0
visa,-0.8089957894199347,74.0,126.0
leaking,-0.8116877397167495,25.0,49.0
track,-0.8123938881682281,38.0,70.0
mixed,-0.8127826895416774,16.0,34.0
letter,-0.8165289426975775,28.0,54.0
wasting,-0.8173651043741033,8.0,20.0
claims a,-0.8173651043741033,8.0,20.0
penalty,-0.8173651043741033,8.0,20.0
domestic,-0.8173651043741033,8.0,20.0
co,-0.8173651043741033,8.0,20.0
hiring managers,-0.8173651043741033,8.0,20.0
my tyres,-0.8173651043741033,8.0,20.0
should let,-0.8173651043741033,8.0,20.0
first,-0.8191175184164626,422.0,639.0
photo,-0.8214866254299005,55.0,97.0
conflict,-0.8232406446240655,13.0,29.0
pressure is,-0.8268300493405685,20.0,41.0
aluminum,-0.8268300493405685,20.0,41.0
personal,-0.8300483683557903,34.0,64.0
my insurer,-0.8304863772657731,9.0,22.0
a bank,-0.8304863772657731,9.0,22.0
for 1,-0.8304863772657731,9.0,22.0
campaign,-0.8304863772657731,9.0,22.0
spray foam,-0.8304863772657731,9.0,22.0
a neighbor,-0.8332143637340972,58.0,102.0
tire shop,-0.8345044691509723,67.0,116.0
very,-0.8374936265376657,56.0,99.0
4k,-0.839856459930032,14.0,31.0
book says,-0.8403694044468253,32.0,61.0
habit,-0.8442496009055475,10.0,24.0
was a,-0.8447730793685815,24.0,48.0
device,-0.8474445267354883,27.0,53.0
way,-0.8476458252259277,256.0,399.0
a landlord,-0.8563032473078799,15.0,33.0
diets,-0.8563032473078799,15.0,33.0
heat,-0.8574133056374091,165.0,265.0
me an,-0.8584222432201365,11.0,26.0
hotel,-0.8584222432201365,11.0,26.0
a fee,-0.8584222432201365,11.0,26.0
a career,-0.8611201684664218,84.0,143.0
ats,-0.8619197185986262,22.0,45.0
forecast,-0.8621943034673928,25.0,50.0
the real,-0.8647735238813175,28.0,55.0
software,-0.8717734725318826,39.0,73.0
how many,-0.8725640580606043,16.0,35.0
that putting,-0.8725640580606043,16.0,35.0
facebook post,-0.8728453567963463,12.0,28.0
ups,-0.8728453567963463,12.0,28.0
charged,-0.8728453567963463,12.0,28.0
a 3,-0.8728453567963463,12.0,28.0
questions,-0.8728453567963463,12.0,28.0
a one,-0.8728453567963463,12.0,28.0
the test,-0.8728453567963463,12.0,28.0
growth is,-0.8745157328628077,5.0,15.0
needed is,-0.8745157328628077,5.0,15.0
laptops,-0.8745157328628077,5.0,15.0
actually effective,-0.8745157328628077,5.0,15.0
by just,-0.8745157328628077,5.0,15.0
follow ?,-0.8745157328628077,5.0,15.0
recommended by,-0.8745157328628077,5.0,15.0
more of,-0.8745157328628077,5.0,15.0
wellness coach,-0.8779071718681143,6.0,17.0
claims it,-0.8779071718681143,6.0,17.0
a 4,-0.8779071718681143,6.0,17.0
be worried,-0.8779071718681143,6.0,17.0
card is,-0.8779071718681143,6.0,17.0
problems is,-0.8779071718681143,6.0,17.0
be more,-0.8779071718681143,6.0,17.0
research shows,-0.8779071718681143,6.0,17.0
worried ?,-0.8779071718681143,6.0,17.0
complain,-0.8779071718681143,6.0,17.0
whole deposit,-0.8779071718681143,6.0,17.0
conversation,-0.8779071718681143,6.0,17.0
updated,-0.8779071718681143,6.0,17.0
not be,-0.8779071718681143,6.0,17.0
output,-0.8779071718681143,6.0,17.0
really necessary,-0.8779071718681143,6.0,17.0
or you'll,-0.8787891988515519,54.0,97.0
charger,-0.878947461707062,23.0,47.0
a hiking,-0.879270532867147,26.0,52.0
illegal,-0.879270532867147,26.0,52.0
says their,-0.8815796543439873,94.0,159.0
mile,-0.8816354441236359,20.0,42.0
manual is,-0.8843773619422295,7.0,19.0
generally,-0.8843773619422295,7.0,19.0
mold and,-0.8843773619422295,7.0,19.0
historically accurate,-0.8843773619422295,7.0,19.0
the sink,-0.8843773619422295,7.0,19.0
specialist,-0.8843773619422295,7.0,19.0
a manager,-0.8843773619422295,7.0,19.0
a pest,-0.8843773619422295,7.0,19.0
recipe blog,-0.8843773619422295,7.0,19.0
flags,-0.8843773619422295,7.0,19.0
came from,-0.8843773619422295,7.0,19.0
router to,-0.8843773619422295,7.0,19.0
too low,-0.8843773619422295,7.0,19.0
fat is,-0.8874080593638827,13.0,30.0
can claim,-0.8874080593638827,13.0,30.0
a recruiter,-0.8881819575019767,40.0,75.0
time and,-0.8886288504837916,17.0,37.0
6 000,-0.8929167523550257,8.0,21.0
6 month,-0.8929167523550257,8.0,21.0
in is,-0.8929167523550257,8.0,21.0
when they,-0.8929167523550257,8.0,21.0
last month,-0.8929167523550257,8.0,21.0
news segment,-0.8929167523550257,8.0,21.0
time for,-0.8929167523550257,8.0,21.0
load,-0.895917371719667,43.0,80.0
person,-0.8975089964885222,69.0,121.0
adults,-0.898097683316988,21.0,44.0
sticker,-0.898097683316988,21.0,44.0
my insurance,-0.9020317819343882,14.0,32.0
must practice,-0.9028818710703183,9.0,23.0
ingredients,-0.9028818710703183,9.0,23.0
run a,-0.9028818710703183,9.0,23.0
gradual,-0.9028818710703183,9.0,23.0
false i'll,-0.9051929311003584,85.0,146.0
screen,-0.9053515999698861,125.0,207.0
says my,-0.9095167405057208,56.0,101.0
r,-0.9120622973794581,25.0,51.0
a battery,-0.9125841195677452,49.0,90.0
routers,-0.9138453935351972,10.0,25.0
british,-0.9138453935351972,10.0,25.0
page or,-0.9138453935351972,10.0,25.0
be wrong,-0.9138453935351972,10.0,25.0
without any,-0.9138453935351972,10.0,25.0
requires,-0.9142848240200939,22.0,46.0
the tank,-0.9166602089010958,15.0,34.0
is weak,-0.9166602089010958,15.0,34.0
same as,-0.9201526276044173,19.0,41.0
leather,-0.9201526276044173,19.0,41.0
solid,-0.9245667238551447,57.0,103.0
a self,-0.9255141241359364,11.0,27.0
only if,-0.9255141241359364,11.0,27.0
a paint,-0.9255141241359364,11.0,27.0
star,-0.9281820363979527,26.0,53.0
the door,-0.9281820363979527,26.0,53.0
by 50,-0.9286176713155839,29.0,58.0
time is,-0.9302085919729326,23.0,48.0
house is,-0.9302085919729326,23.0,48.0
my internet,-0.9302085919729326,23.0,48.0
resistance,-0.9312526645574604,16.0,36.0
fees,-0.9345683330905808,35.0,68.0
change my,-0.9358167280229459,43.0,81.0
normal wear,-0.937681521574897,12.0,29.0
the handyman,-0.9440295200125597,27.0,55.0
estate,-0.9440295200125597,27.0,55.0
solar,-0.9440295200125597,27.0,55.0
interview,-0.9485748327256607,86.0,149.0
the advice,-0.9501989208194734,13.0,31.0
and a,-0.9519734555863024,95.0,163.0
an interview,-0.9548600901791,39.0,75.0
short term,-0.9579860335745073,6.0,18.0
standard and,-0.9579860335745073,6.0,18.0
detailer says,-0.9579860335745073,6.0,18.0
salary negotiation,-0.9579860335745073,6.0,18.0
1 backup,-0.9579860335745073,6.0,18.0
backup rule,-0.9579860335745073,6.0,18.0
orchid,-0.9579860335745073,6.0,18.0
psychological,-0.9579860335745073,6.0,18.0
the range,-0.9579860335745073,6.0,18.0
knowledge,-0.9579860335745073,6.0,18.0
my printer,-0.9579860335745073,6.0,18.0
maintain,-0.9587509943750552,5.0,16.0
advice and,-0.9587509943750552,5.0,16.0
count as,-0.9587509943750552,5.0,16.0
who says,-0.9587509943750552,5.0,16.0
treating,-0.9587509943750552,5.0,16.0
the no,-0.9587509943750552,5.0,16.0
halve,-0.9587509943750552,5.0,16.0
confirms,-0.9587509943750552,5.0,16.0
skip all,-0.9587509943750552,5.0,16.0
ingredient,-0.9587509943750552,5.0,16.0
infection is,-0.9587509943750552,5.0,16.0
a student,-0.9587509943750552,5.0,16.0
place,-0.9598912146356132,57.0,104.0
tear,-0.9602198032390078,18.0,40.0
insurance,-0.9603288969198824,146.0,241.0
gives the,-0.9608099962161873,7.0,20.0
as effective,-0.9608099962161873,7.0,20.0
soil ph,-0.9608099962161873,7.0,20.0
results ?,-0.9608099962161873,7.0,20.0
chance of,-0.9608099962161873,7.0,20.0
blind,-0.9608099962161873,7.0,20.0
dog food,-0.9608099962161873,7.0,20.0
stage,-0.9608099962161873,7.0,20.0
action,-0.9608099962161873,7.0,20.0
friend insists,-0.9608099962161873,7.0,20.0
of all,-0.9608099962161873,7.0,20.0
up a,-0.9629574047788955,14.0,33.0
recovery,-0.965239014325888,50.0,93.0
hair with,-0.9659251836516191,22.0,47.0
truth to,-0.9661308152564484,8.0,22.0
development,-0.9661308152564484,8.0,22.0
officers,-0.9661308152564484,8.0,22.0
for normal,-0.9661308152564484,8.0,22.0
where the,-0.9732346402648222,9.0,24.0
loose,-0.9732346402648222,9.0,24.0
my roof,-0.9732346402648222,9.0,24.0
pressure on,-0.9732346402648222,9.0,24.0
filter is,-0.9732346402648222,9.0,24.0
segment,-0.9732346402648222,9.0,24.0
truth,-0.9745576866010669,19.0,42.0
expect a,-0.9745576866010669,19.0,42.0
income,-0.975472508387977,32.0,64.0
sink,-0.9758760073574517,15.0,35.0
140,-0.9758760073574517,15.0,35.0
the maximum,-0.9765079813212894,26.0,54.0
shop says,-0.9802675408665362,108.0,184.0
delay,-0.980789836691269,23.0,49.0
is slow,-0.9816365677453129,10.0,26.0
online is,-0.9816365677453129,10.0,26.0
grocery,-0.9816365677453129,10.0,26.0
a school,-0.9816365677453129,10.0,26.0
claims,-0.984079810819561,280.0,442.0
recruiter told,-0.9887823093431495,20.0,44.0
hardware,-0.9887823093431495,20.0,44.0
read it,-0.9887823093431495,20.0,44.0
note,-0.9888938200122628,16.0,37.0
real rule,-0.990996832958444,11.0,28.0
cloud storage,-0.990996832958444,11.0,28.0
the tax,-0.990996832958444,11.0,28.0
guaranteed ?,-0.990996832958444,11.0,28.0
accepted,-1.0010712248372207,12.0,30.0
recording,-1.0010712248372207,12.0,30.0
generic,-1.0010712248372207,12.0,30.0
as fact,-1.0010712248372207,12.0,30.0
business expense,-1.0010712248372207,12.0,30.0
exist,-1.0019645814811617,17.0,39.0
media post,-1.0019645814811617,17.0,39.0
filters,-1.002885986297185,21.0,46.0
cracks,-1.006245800915359,28.0,58.0
having,-1.006245800915359,28.0,58.0
wireless,-1.0116804534383832,13.0,32.0
a hardware,-1.0116804534383832,13.0,32.0
that proven,-1.0150528907454723,18.0,41.0
if you're,-1.0168635286309606,22.0,48.0
speed,-1.0209169041655173,141.0,236.0
get that,-1.0281315067459702,19.0,43.0
digital,-1.033999788115753,15.0,36.0
3 2,-1.033999788115753,15.0,36.0
issues,-1.0340700516386347,33.0,67.0
gear,-1.0347453893352565,7.0,21.0
items,-1.0347453893352565,7.0,21.0
how the,-1.0347453893352565,7.0,21.0
exact number,-1.0347453893352565,7.0,21.0
? it,-1.0347453893352565,7.0,21.0
report it,-1.0347453893352565,7.0,21.0
the sales,-1.035154805274775,6.0,19.0
if they're,-1.035154805274775,6.0,19.0
you're not,-1.035154805274775,6.0,19.0
1 500,-1.035154805274775,6.0,19.0
decisions,-1.035154805274775,6.0,19.0
in this,-1.035154805274775,6.0,19.0
the council,-1.035154805274775,6.0,19.0
actually help,-1.035154805274775,6.0,19.0
should change,-1.035154805274775,6.0,19.0
camera store,-1.035154805274775,6.0,19.0
seeing that,-1.035154805274775,6.0,19.0
may not,-1.035154805274775,6.0,19.0
mobile,-1.035154805274775,6.0,19.0
author,-1.035154805274775,6.0,19.0
change is,-1.035154805274775,6.0,19.0
transit,-1.035154805274775,6.0,19.0
thought the,-1.035154805274775,6.0,19.0
you'll be,-1.0371729048198413,8.0,23.0
self help,-1.0371729048198413,8.0,23.0
ip,-1.0371729048198413,8.0,23.0
for 6,-1.0371729048198413,8.0,23.0
people with,-1.0371729048198413,8.0,23.0
and only,-1.03839836534552,27.0,57.0
taking the,-1.0395407165175443,5.0,17.0
i'll track,-1.0395407165175443,5.0,17.0
science on,-1.0395407165175443,5.0,17.0
email is,-1.0395407165175443,5.0,17.0
to push,-1.0395407165175443,5.0,17.0
that would,-1.0395407165175443,5.0,17.0
a chemical,-1.0395407165175443,5.0,17.0
still the,-1.0395407165175443,5.0,17.0
scores,-1.0395407165175443,5.0,17.0
scientifically accurate,-1.0395407165175443,5.0,17.0
and an,-1.0395407165175443,5.0,17.0
coworker is,-1.0395407165175443,5.0,17.0
breeder told,-1.0395407165175443,5.0,17.0
a piano,-1.0395407165175443,5.0,17.0
a router,-1.0395407165175443,5.0,17.0
a social,-1.0411793912113854,20.0,45.0
storage is,-1.0416766326609703,9.0,25.0
frying,-1.0416766326609703,9.0,25.0
limit is,-1.0416766326609703,9.0,25.0
optometrist,-1.0416766326609703,9.0,25.0
tech article,-1.0416766326609703,9.0,25.0
winter is,-1.0416766326609703,9.0,25.0
a filter,-1.0416766326609703,9.0,25.0
hardware store,-1.0455301175354599,16.0,38.0
rental,-1.0455301175354599,16.0,38.0
following,-1.0455301175354599,16.0,38.0
back up,-1.0477302286766685,10.0,27.0
parts,-1.0485127557978682,80.0,143.0
a sleep,-1.0493321600885057,31.0,64.0
how long,-1.0493321600885057,31.0,64.0
a red,-1.0536845992003865,43.0,84.0
it a,-1.0541802692676108,21.0,47.0
inch,-1.0549586997444265,11.0,29.0
i might,-1.0549586997444265,11.0,29.0
act,-1.058013233492906,25.0,54.0
applies,-1.0630883141234095,12.0,31.0
i'll find,-1.0630883141234095,12.0,31.0
says the,-1.0637526581312857,180.0,297.0
saying it,-1.0690243360383045,18.0,42.0
real ?,-1.0700030294883405,84.0,150.0
i'll choose,-1.071915133783397,13.0,33.0
now is,-1.071915133783397,13.0,33.0
across,-1.071915133783397,13.0,33.0
protection,-1.0755850051828295,50.0,96.0
reddit,-1.0809030423133035,19.0,44.0
to sell,-1.0812845581185506,14.0,35.0
everyone is,-1.0812845581185506,14.0,35.0
plastics,-1.0812845581185506,14.0,35.0
contact,-1.0847875724848135,27.0,58.0
parent,-1.0847875724848135,27.0,58.0
the 3,-1.0907701382839834,34.0,70.0
estate agent,-1.0910776310057504,15.0,37.0
a first,-1.0928270420630073,20.0,46.0
location,-1.0928270420630073,20.0,46.0
32,-1.1012016399885156,16.0,39.0
install a,-1.1061917138170123,8.0,24.0
to set,-1.1061917138170123,8.0,24.0
it depends,-1.1061917138170123,8.0,24.0
r value,-1.1061917138170123,8.0,24.0
outdated and,-1.1061917138170123,8.0,24.0
stat,-1.1061917138170123,8.0,24.0
walkers,-1.1061917138170123,8.0,24.0
member says,-1.1063720744803147,7.0,22.0
call my,-1.1063720744803147,7.0,22.0
mesh wifi,-1.1063720744803147,7.0,22.0
that plausible,-1.1063720744803147,7.0,22.0
inaccurate,-1.1063720744803147,7.0,22.0
the two,-1.1063720744803147,7.0,22.0
substitute,-1.1063720744803147,7.0,22.0
somewhere,-1.108327488778752,9.0,26.0
connection,-1.108327488778752,9.0,26.0
interest,-1.1085183077822423,47.0,92.0
technique,-1.109658288585232,6.0,20.0
security camera,-1.109658288585232,6.0,20.0
a non,-1.109658288585232,6.0,20.0
admissions officers,-1.109658288585232,6.0,20.0
tub,-1.109658288585232,6.0,20.0
traffic,-1.109658288585232,6.0,20.0
tailor,-1.109658288585232,6.0,20.0
fare,-1.109658288585232,6.0,20.0
assume it's,-1.109658288585232,6.0,20.0
those numbers,-1.109658288585232,6.0,20.0
board,-1.1110420221412236,29.0,62.0
signal is,-1.1122242914976297,10.0,28.0
minor,-1.1122242914976297,10.0,28.0
regardless of,-1.1122242914976297,10.0,28.0
absorption,-1.1122242914976297,10.0,28.0
up,-1.1129274766035102,660.0,1007.0
government,-1.1158706844393464,53.0,102.0
programs,-1.1172119682965755,5.0,18.0
is leaking,-1.1172119682965755,5.0,18.0
very confident,-1.1172119682965755,5.0,18.0
6 router,-1.1172119682965755,5.0,18.0
battery replacement,-1.1172119682965755,5.0,18.0
adjust my,-1.1172119682965755,5.0,18.0
wants me,-1.1172119682965755,5.0,18.0
an estate,-1.1172119682965755,5.0,18.0
filing,-1.1172119682965755,5.0,18.0
yourself,-1.1172119682965755,5.0,18.0
contractor,-1.1206058126106213,122.0,211.0
changes,-1.1235128745228766,64.0,120.0
normal ?,-1.1238011762267706,12.0,32.0
a pharmacist,-1.1238011762267706,12.0,32.0
large,-1.1286542871427254,23.0,52.0
they didn't,-1.130813668497566,4.0,16.0
that blue,-1.130813668497566,4.0,16.0
says her,-1.130813668497566,4.0,16.0
high is,-1.130813668497566,4.0,16.0
affected,-1.130813668497566,4.0,16.0
benefit is,-1.130813668497566,4.0,16.0
applies to,-1.130813668497566,4.0,16.0
a plumbing,-1.130813668497566,4.0,16.0
rent is,-1.130813668497566,4.0,16.0
she cited,-1.130813668497566,4.0,16.0
not my,-1.130813668497566,4.0,16.0
immediately is,-1.1309611172942766,13.0,34.0
adjuster,-1.1309611172942766,13.0,34.0
worth the,-1.1328997836034562,19.0,45.0
a parts,-1.1328997836034562,19.0,45.0
a written,-1.1387894377533674,14.0,36.0
installer,-1.1387894377533674,14.0,36.0
debt,-1.1405628311285094,24.0,54.0
financial advisor,-1.1471527939816883,15.0,38.0
company is,-1.1471527939816883,15.0,38.0
audio,-1.1559461486649758,16.0,40.0
tank,-1.1638595678138486,54.0,105.0
rely on,-1.1672754866171737,163.0,276.0
diy,-1.1677184257477324,30.0,65.0
grief,-1.1677184257477324,30.0,65.0
low,-1.1682955738465852,106.0,188.0
harmful,-1.1689157450007903,43.0,87.0
mild,-1.173295999071399,9.0,27.0
sidewall for,-1.173295999071399,9.0,27.0
mechanic told,-1.1733212066930288,8.0,25.0
old and,-1.1733212066930288,8.0,25.0
length,-1.1733212066930288,8.0,25.0
is unnecessary,-1.1733212066930288,8.0,25.0
skill,-1.1733212066930288,8.0,25.0
measures,-1.1733212066930288,8.0,25.0
brand says,-1.1745046027676969,18.0,44.0
75,-1.1752084836923715,10.0,29.0
the 90,-1.1752084836923715,10.0,29.0
recycling,-1.1752084836923715,10.0,29.0
choose a,-1.1758580165152617,7.0,23.0
logs,-1.1758580165152617,7.0,23.0
test and,-1.1758580165152617,7.0,23.0
mbps,-1.1758580165152617,7.0,23.0
happens,-1.1760425763266973,27.0,60.0
someone told,-1.1767117583097604,23.0,53.0
light from,-1.1786388535909875,11.0,31.0
data is,-1.1786388535909875,11.0,31.0
the glass,-1.1786388535909875,11.0,31.0
detector,-1.1786388535909875,11.0,31.0
the fine,-1.1786388535909875,11.0,31.0
tyre,-1.1815582230581012,44.0,89.0
beneficial,-1.1817115717822084,6.0,21.0
me you,-1.1817115717822084,6.0,21.0
rise,-1.1817115717822084,6.0,21.0
degree,-1.1817115717822084,6.0,21.0
claims their,-1.1817115717822084,6.0,21.0
value is,-1.1817115717822084,6.0,21.0
manage,-1.1817115717822084,6.0,21.0
in healthy,-1.1817115717822084,6.0,21.0
what makes,-1.1817115717822084,6.0,21.0
it or,-1.1817115717822084,6.0,21.0
unreliable,-1.1817115717822084,6.0,21.0
filter and,-1.1817115717822084,6.0,21.0
neighbor is,-1.1817115717822084,6.0,21.0
a wine,-1.1817115717822084,6.0,21.0
these,-1.1819520093725306,41.0,84.0
when the,-1.1832732515101227,12.0,33.0
strength,-1.1836197318163666,38.0,79.0
encryption,-1.1841478514867596,19.0,46.0
i found,-1.186834769173568,35.0,74.0
first and,-1.1888726192564851,13.0,35.0
quoted,-1.1888726192564851,13.0,35.0
strategy,-1.1888726192564851,13.0,35.0
sign a,-1.1920471030734126,5.0,19.0
that helps,-1.1920471030734126,5.0,19.0
save my,-1.1920471030734126,5.0,19.0
areas,-1.1920471030734126,5.0,19.0
i'll adjust,-1.1920471030734126,5.0,19.0
letting agent,-1.1920471030734126,5.0,19.0
marketing i'll,-1.1920471030734126,5.0,19.0
that universally,-1.1920471030734126,5.0,19.0
the embassy,-1.1920471030734126,5.0,19.0
the cost,-1.1920471030734126,5.0,19.0
causal,-1.1920471030734126,5.0,19.0
permanently is,-1.1939709886125238,20.0,48.0
linkedin,-1.1939709886125238,20.0,48.0
tires,-1.2036681876586888,116.0,205.0
tool,-1.2039240029883929,33.0,71.0
a link,-1.2039373150390138,21.0,50.0
extended,-1.2039373150390138,21.0,50.0
posture,-1.2082569110302737,40.0,83.0
are more,-1.2086163475855842,4.0,17.0
user,-1.2086163475855842,4.0,17.0
an audit,-1.2086163475855842,4.0,17.0
free dog,-1.2086163475855842,4.0,17.0
is legitimate,-1.2086163475855842,4.0,17.0
remotely,-1.2086163475855842,4.0,17.0
attic insulation,-1.2086163475855842,4.0,17.0
shows the,-1.2086163475855842,4.0,17.0
test kit,-1.2086163475855842,4.0,17.0
registered,-1.2086163475855842,4.0,17.0
ai can,-1.2086163475855842,4.0,17.0
student,-1.2111687999463585,37.0,78.0
drywall,-1.2140164540794098,22.0,52.0
rely,-1.2179566909532074,168.0,286.0
for better,-1.2209337050402287,27.0,61.0
record,-1.2241831295633596,23.0,54.0
third,-1.2275923924814702,35.0,75.0
a forum,-1.2310836810487116,141.0,245.0
air filter,-1.2344162115765627,24.0,56.0
pages,-1.2367652169760301,10.0,30.0
any truth,-1.2367652169760301,10.0,30.0
should replace,-1.2367652169760301,10.0,30.0
neighbor's,-1.238501469094574,11.0,32.0
a common,-1.238501469094574,11.0,32.0
title,-1.238501469094574,11.0,32.0
calorie,-1.238501469094574,11.0,32.0
new pads,-1.2386824728051193,8.0,26.0
preparer,-1.2386824728051193,8.0,26.0
like that,-1.2386824728051193,8.0,26.0
shorter,-1.2386824728051193,8.0,26.0
a colleague,-1.23928820764173,36.0,77.0
compost,-1.23928820764173,36.0,77.0
air,-1.239630617398176,183.0,310.0
i use,-1.2397555881652915,91.0,167.0
photos is,-1.2433534577568333,7.0,24.0
die is,-1.2433534577568333,7.0,24.0
sticking,-1.2433534577568333,7.0,24.0
says grounding,-1.2433534577568333,7.0,24.0
attic,-1.2468623094704665,40.0,84.0
version,-1.2507158508321639,14.0,38.0
band,-1.2507158508321639,14.0,38.0
humans,-1.2507158508321639,14.0,38.0
vendor says,-1.251504594167457,6.0,22.0
to spend,-1.251504594167457,6.0,22.0
000 i,-1.251504594167457,6.0,22.0
000 they,-1.251504594167457,6.0,22.0
down is,-1.251504594167457,6.0,22.0
a lower,-1.251504594167457,6.0,22.0
chemical,-1.2539133606962451,30.0,67.0
thank you,-1.2550134480025947,26.0,60.0
car's,-1.2564553054253018,15.0,40.0
money is,-1.2564553054253018,15.0,40.0
legally,-1.2568503535703306,56.0,111.0
landlord says,-1.258553973724871,41.0,86.0
lower,-1.2610115607108003,112.0,201.0
dietitian,-1.2642914753685859,5.0,20.0
wrong is,-1.2642914753685859,5.0,20.0
it sounds,-1.2642914753685859,5.0,20.0
95 of,-1.2642914753685859,5.0,20.0
a music,-1.2642914753685859,5.0,20.0
pay 200,-1.2642914753685859,5.0,20.0
for at,-1.2642914753685859,5.0,20.0
formal,-1.2642914753685859,5.0,20.0
language learning,-1.2642914753685859,5.0,20.0
tpms sensor,-1.2642914753685859,5.0,20.0
itself,-1.2648356563751872,31.0,69.0
more than,-1.2680983497443452,68.0,131.0
recruiters,-1.2768896610431673,18.0,46.0
they just,-1.2834211317983077,4.0,18.0
shows a,-1.2834211317983077,4.0,18.0
a letting,-1.2834211317983077,4.0,18.0
says he's,-1.2834211317983077,4.0,18.0
on food,-1.2834211317983077,4.0,18.0
a baby,-1.290054490843742,25.0,59.0
roof,-1.2902953113380777,37.0,80.0
a headline,-1.2964272390483909,41.0,87.0
regardless,-1.2969703482851658,10.0,31.0
that current,-1.2969703482851658,10.0,31.0
a survey,-1.2971330730439654,11.0,33.0
away is,-1.2971330730439654,11.0,33.0
talk to,-1.2985742314429698,9.0,29.0
to trust,-1.2985742314429698,9.0,29.0
guest,-1.2987267591609548,12.0,35.0
exercise,-1.299651897690223,26.0,61.0
thank,-1.299651897690223,26.0,61.0
magazine,-1.3023853017337164,8.0,27.0
idea ?,-1.3023853017337164,8.0,27.0
that reliable,-1.3023853017337164,8.0,27.0
watch for,-1.3023853017337164,8.0,27.0
miles my,-1.3023853017337164,8.0,27.0
thought it,-1.305222364497622,14.0,39.0
settled,-1.305222364497622,14.0,39.0
smoke,-1.308901269730546,22.0,54.0
the us,-1.3089932952291694,7.0,25.0
is harmful,-1.3089932952291694,7.0,25.0
a tax,-1.3089932952291694,7.0,25.0
it how,-1.3089932952291694,7.0,25.0
included,-1.3089932952291694,7.0,25.0
a vet,-1.3089932952291694,7.0,25.0
a vendor,-1.3089932952291694,7.0,25.0
up is,-1.3097569446102384,15.0,41.0
process,-1.3097569446102384,15.0,41.0
denied,-1.3097569446102384,15.0,41.0
leak,-1.310516705948337,69.0,134.0
them ?,-1.313629585499188,49.0,101.0
soil,-1.3143271750992556,117.0,211.0
paying for,-1.3149638826849634,16.0,43.0
camera,-1.3157584208403876,110.0,200.0
tax,-1.3165484264227516,64.0,126.0
do they,-1.3189951141177385,28.0,65.0
landlord's,-1.3192058778170457,6.0,23.0
damaging,-1.3192058778170457,6.0,23.0
healthy people,-1.3192058778170457,6.0,23.0
allergies is,-1.3192058778170457,6.0,23.0
rate is,-1.3192058778170457,6.0,23.0
just one,-1.3192058778170457,6.0,23.0
role,-1.3207363979048485,17.0,45.0
i do,-1.322962958531279,141.0,249.0
sensor,-1.324836736811693,50.0,103.0
actually work,-1.3261110566552692,24.0,58.0
vision,-1.3287166241838402,29.0,67.0
aid,-1.329381380612821,37.0,81.0
one ?,-1.3296842208820925,44.0,93.0
printer,-1.3336424678213177,19.0,49.0
system is,-1.3336424678213177,19.0,49.0
sound right,-1.3341595803967587,5.0,21.0
know how,-1.3341595803967587,5.0,21.0
citing,-1.3341595803967587,5.0,21.0
the landlord's,-1.3341595803967587,5.0,21.0
accurate for,-1.3341595803967587,5.0,21.0
a wi,-1.3341595803967587,5.0,21.0
on research,-1.3341595803967587,5.0,21.0
guessing,-1.3341595803967587,5.0,21.0
transmission,-1.3349123074708784,25.0,60.0
handyman said,-1.3375738801446846,34.0,76.0
a tire,-1.3389151691365577,66.0,130.0
price,-1.3439475572540243,72.0,140.0
up to,-1.3479370984985721,21.0,53.0
vendor,-1.352804113944205,27.0,64.0
department,-1.3545932064879476,11.0,34.0
depends on,-1.3548142024785688,12.0,36.0
hvac,-1.3548142024785688,12.0,36.0
a wifi,-1.3548142024785688,12.0,36.0
dependent,-1.3555066371409241,4.0,19.0
pediatrician,-1.3555066371409241,4.0,19.0
significant,-1.3555066371409241,4.0,19.0
your tires,-1.3555066371409241,4.0,19.0
prediction,-1.3555066371409241,4.0,19.0
book is,-1.3555066371409241,4.0,19.0
but also,-1.3555066371409241,4.0,19.0
it's about,-1.3555066371409241,4.0,19.0
effective as,-1.3555066371409241,4.0,19.0
batteries ?,-1.3555066371409241,4.0,19.0
you is,-1.35589384605451,10.0,32.0
historically,-1.35589384605451,10.0,32.0
i avoid,-1.35589384605451,10.0,32.0
considering,-1.3562902005682331,13.0,38.0
my tire,-1.3562902005682331,13.0,38.0
guarantee,-1.3571822341076947,59.0,119.0
replacing,-1.3579531086300989,76.0,147.0
claims you,-1.3590577148715757,9.0,30.0
internet speed,-1.3590577148715757,9.0,30.0
third party,-1.3618617301914262,28.0,66.0
app claims,-1.362204831891279,15.0,42.0
rough,-1.364529528456605,8.0,28.0
normally,-1.364529528456605,8.0,28.0
effect is,-1.364529528456605,8.0,28.0
species,-1.364529528456605,8.0,28.0
pest control,-1.36633721935117,16.0,44.0
you'll never,-1.3710951195151784,17.0,46.0
smoke point,-1.3728990777246783,7.0,26.0
a normal,-1.3728990777246783,7.0,26.0
figure is,-1.3728990777246783,7.0,26.0
average,-1.3729044495776133,48.0,101.0
a travel,-1.373987105186729,72.0,141.0
browser,-1.3821325795313115,19.0,50.0
resolution,-1.3849656003112418,6.0,24.0
i learn,-1.3849656003112418,6.0,24.0
a physical,-1.3857462701031824,3.0,17.0
insists that,-1.3857462701031824,3.0,17.0
true with,-1.3857462701031824,3.0,17.0
caution,-1.3857462701031824,3.0,17.0
piano teacher,-1.3857462701031824,3.0,17.0
system ?,-1.3857462701031824,3.0,17.0
not enough,-1.3857462701031824,3.0,17.0
symptoms,-1.3875170773907548,26.0,63.0
certain,-1.3919830574514158,43.0,93.0
first aid,-1.3947451879900516,21.0,54.0
changing,-1.3969277005777794,36.0,81.0
covered by,-1.4018399839212545,5.0,22.0
aggressive,-1.4018399839212545,5.0,22.0
qualify for,-1.4018399839212545,5.0,22.0
tire rotation,-1.4018399839212545,5.0,22.0
listed,-1.4018399839212545,5.0,22.0
isn't enough,-1.4018399839212545,5.0,22.0
recommended,-1.4066439702352063,109.0,202.0
out is,-1.4085267523078977,23.0,58.0
celiac,-1.4109371939224113,11.0,35.0
regularly,-1.4109371939224113,11.0,35.0
was the,-1.4115155350883775,14.0,41.0
due to,-1.4136003753423252,10.0,33.0
says sitting,-1.4136003753423252,10.0,33.0
a cycling,-1.4136003753423252,10.0,33.0
climate,-1.4136003753423252,10.0,33.0
documents,-1.4136003753423252,10.0,33.0
distance,-1.4136003753423252,10.0,33.0
snow,-1.4136003753423252,10.0,33.0
item,-1.4136003753423252,10.0,33.0
for most,-1.4136003753423252,10.0,33.0
meme,-1.4138310434323804,15.0,43.0
too,-1.415343289877841,398.0,645.0
checked,-1.4169430344263445,16.0,45.0
and tear,-1.418208121046406,9.0,31.0
tradition,-1.418208121046406,9.0,31.0
materials,-1.418208121046406,9.0,31.0
mold,-1.418404467552147,120.0,220.0
the price,-1.420734863465756,17.0,47.0
friend is,-1.420734863465756,17.0,47.0
hard,-1.4217656302151358,108.0,201.0
that how,-1.42251650649321,46.0,99.0
sheet,-1.4251097797361223,18.0,49.0
anxiety is,-1.4251136556221018,4.0,20.0
agent told,-1.4251136556221018,4.0,20.0
should read,-1.4251136556221018,4.0,20.0
mean the,-1.4251136556221018,4.0,20.0
can they,-1.4251136556221018,4.0,20.0
face value,-1.4251136556221018,4.0,20.0
required ?,-1.4251136556221018,4.0,20.0
the latest,-1.4251136556221018,4.0,20.0
a recent,-1.4251136556221018,4.0,20.0
internet is,-1.4251136556221018,4.0,20.0
statistically,-1.4251136556221018,4.0,20.0
140 f,-1.425206187000804,8.0,29.0
sets,-1.425206187000804,8.0,29.0
is true,-1.425206187000804,8.0,29.0
study with,-1.4351806924191952,7.0,27.0
temporary,-1.4351806924191952,7.0,27.0
a safety,-1.4351806924191952,7.0,27.0
prices,-1.4355469866399049,36.0,82.0
admissions,-1.4409859524010094,21.0,55.0
psi,-1.446340008237788,28.0,68.0
a leak,-1.4489181417255166,6.0,25.0
my isp,-1.4489181417255166,6.0,25.0
that allowed,-1.4489181417255166,6.0,25.0
tank is,-1.4489181417255166,6.0,25.0
have any,-1.4489181417255166,6.0,25.0
said wifi,-1.4571511331508797,3.0,18.0
make an,-1.4571511331508797,3.0,18.0
standards ?,-1.4571511331508797,3.0,18.0
mean ?,-1.4571511331508797,3.0,18.0
out if,-1.4571511331508797,3.0,18.0
any food,-1.4571511331508797,3.0,18.0
they show,-1.4571511331508797,3.0,18.0
it worth,-1.4571511331508797,3.0,18.0
not all,-1.4571511331508797,3.0,18.0
a film,-1.4571511331508797,3.0,18.0
a basic,-1.4571511331508797,3.0,18.0
lower my,-1.463074753906469,13.0,40.0
your score,-1.4633728409963875,14.0,42.0
is this,-1.4633728409963875,14.0,42.0
that enough,-1.4633728409963875,14.0,42.0
treatment,-1.4642761702362486,43.0,95.0
battery health,-1.4646658880098093,15.0,44.0
this is,-1.4646658880098093,15.0,44.0
wants to,-1.4662165263025364,11.0,36.0
and ignore,-1.467499314786314,5.0,23.0
a third,-1.467499314786314,5.0,23.0
reported,-1.467499314786314,5.0,23.0
it's because,-1.467499314786314,5.0,23.0
if there,-1.467499314786314,5.0,23.0
embassy,-1.467499314786314,5.0,23.0
are necessary,-1.467499314786314,5.0,23.0
i rely,-1.467499314786314,5.0,23.0
that historically,-1.467499314786314,5.0,23.0
default,-1.467499314786314,5.0,23.0
groups,-1.467499314786314,5.0,23.0
ideal,-1.467499314786314,5.0,23.0
posts,-1.4701498131923432,10.0,34.0
disease is,-1.4701498131923432,10.0,34.0
weak,-1.4725013548831851,40.0,90.0
formula,-1.4735756117086147,26.0,65.0
? then,-1.4760956994460046,9.0,32.0
pressure and,-1.4760956994460046,9.0,32.0
motion,-1.4760956994460046,9.0,32.0
promise,-1.4760956994460046,9.0,32.0
my lease,-1.4844985039393082,8.0,30.0
a law,-1.4844985039393082,8.0,30.0
a lab,-1.4844985039393082,8.0,30.0
decline,-1.486675463408933,21.0,56.0
a reason,-1.492451685290517,4.0,21.0
the medical,-1.492451685290517,4.0,21.0
compresses,-1.492451685290517,4.0,21.0
to support,-1.492451685290517,4.0,21.0
dental research,-1.492451685290517,4.0,21.0
save energy,-1.492451685290517,4.0,21.0
frequent,-1.492451685290517,4.0,21.0
adjustment,-1.492451685290517,4.0,21.0
not sure,-1.492451685290517,4.0,21.0
damage claim,-1.492451685290517,4.0,21.0
value,-1.4926297123850838,69.0,140.0
for a,-1.4942999575555715,443.0,718.0
sports,-1.495368905663548,29.0,71.0
networking,-1.4959377964906004,7.0,28.0
result,-1.4959377964906004,7.0,28.0
sleep ?,-1.4959377964906004,7.0,28.0
parenting,-1.500054309109471,43.0,96.0
line,-1.500054309109471,43.0,96.0
with a,-1.503675440087867,201.0,351.0
noise,-1.5058575771830693,51.0,110.0
my soil,-1.5111842090823178,6.0,26.0
wants a,-1.5111842090823178,6.0,26.0
behind the,-1.5111842090823178,6.0,26.0
it worse,-1.5111842090823178,6.0,26.0
journal,-1.5111842090823178,6.0,26.0
is high,-1.5111842090823178,6.0,26.0
news article,-1.5111842090823178,6.0,26.0
cases,-1.5111842090823178,6.0,26.0
upgrading,-1.5111842090823178,6.0,26.0
properly,-1.5144143628140787,14.0,43.0
colour,-1.5147380322240687,15.0,45.0
a recipe,-1.5147380322240687,15.0,45.0
error,-1.515136067793396,13.0,41.0
phrase,-1.515136067793396,13.0,41.0
2 1,-1.515136067793396,13.0,41.0
plumber,-1.5158367524827119,83.0,164.0
isp,-1.5159585348515,16.0,47.0
basic,-1.5159585348515,16.0,47.0
affects,-1.5159585348515,16.0,47.0
should inflate,-1.5170837580573846,12.0,39.0
require,-1.5170837580573846,12.0,39.0
per,-1.5176530576673317,86.0,169.0
a 2,-1.5206172090737848,18.0,51.0
resale,-1.5224964235113112,27.0,68.0
a car,-1.5233739161024196,66.0,136.0
trying to,-1.5238654528537687,19.0,53.0
gaming,-1.5238654528537687,19.0,53.0
hour rule,-1.5255977038275401,10.0,35.0
test it,-1.5255977038275401,10.0,35.0
opposite,-1.5260077830246674,3.0,19.0
we know,-1.5260077830246674,3.0,19.0
the forwarded,-1.5260077830246674,3.0,19.0
supplement store,-1.5260077830246674,3.0,19.0
i would,-1.5260077830246674,3.0,19.0
this model,-1.5260077830246674,3.0,19.0
technically accurate,-1.5260077830246674,3.0,19.0
he didn't,-1.5260077830246674,3.0,19.0
actually improve,-1.5260077830246674,3.0,19.0
test i,-1.5260077830246674,3.0,19.0
they still,-1.5260077830246674,3.0,19.0
year warranty,-1.5260077830246674,3.0,19.0
drug,-1.5260077830246674,3.0,19.0
travel,-1.530143947042175,114.0,215.0
said replacing,-1.5312855241834853,5.0,24.0
who should,-1.5312855241834853,5.0,24.0
blog claims,-1.5312855241834853,5.0,24.0
excluded,-1.5312855241834853,5.0,24.0
agent is,-1.5312855241834853,5.0,24.0
retention,-1.5312855241834853,5.0,24.0
an insurance,-1.5327852526288135,9.0,33.0
waste,-1.5355919546858954,43.0,97.0
inspection,-1.5371067237105114,39.0,90.0
a supplement,-1.5416651712471818,35.0,83.0
you say,-1.5424827573447744,8.0,31.0
a meme,-1.5424827573447744,8.0,31.0
it's more,-1.5424827573447744,8.0,31.0
often,-1.5435436118043142,55.0,118.0
saying,-1.5472615283358335,372.0,615.0
up the,-1.5539917886945958,41.0,94.0
good idea,-1.555261038104948,7.0,29.0
slightly,-1.555261038104948,7.0,29.0
worse ?,-1.5577041185232785,4.0,22.0
explain that,-1.5577041185232785,4.0,22.0
cite it,-1.5577041185232785,4.0,22.0
etiquette,-1.5577041185232785,4.0,22.0
stability,-1.5577041185232785,4.0,22.0
report the,-1.5577041185232785,4.0,22.0
good advice,-1.5577041185232785,4.0,22.0
legal requirement,-1.5577041185232785,4.0,22.0
that sounds,-1.5616437768650233,82.0,164.0
update,-1.561920486011367,46.0,103.0
years is,-1.562111389122861,57.0,122.0
period,-1.5640746150235838,15.0,46.0
i still,-1.5640746150235838,15.0,46.0
might help,-1.5644180539763355,16.0,48.0
depends,-1.564670601742939,14.0,44.0
base,-1.5663567494310933,13.0,42.0
of lead,-1.5663567494310933,13.0,42.0
to test,-1.5674410765520508,18.0,52.0
thing ?,-1.5699261155113557,19.0,54.0
data to,-1.5718726188184333,6.0,27.0
the airline,-1.5718726188184333,6.0,27.0
warning is,-1.5718726188184333,6.0,27.0
cosmetic,-1.5718726188184333,6.0,27.0
too good,-1.5718726188184333,6.0,27.0
money ?,-1.5718726188184333,6.0,27.0
that normal,-1.5737700326180284,11.0,38.0
an alignment,-1.5799956617896331,10.0,36.0
port,-1.5799956617896331,10.0,36.0
everything is,-1.5799956617896331,10.0,36.0
fine print,-1.5799956617896331,10.0,36.0
app is,-1.5803914908012031,22.0,60.0
it might,-1.5828859879164237,30.0,75.0
without a,-1.5877855085689323,45.0,102.0
established,-1.5883366791058782,9.0,34.0
should never,-1.5888999892508373,160.0,291.0
expense,-1.589332275524763,24.0,64.0
ignore,-1.5909841308193766,88.0,175.0
500 who's,-1.592545289689482,3.0,20.0
extenders,-1.592545289689482,3.0,20.0
medical guideline,-1.592545289689482,3.0,20.0
wrong for,-1.592545289689482,3.0,20.0
choosing,-1.592545289689482,3.0,20.0
says your,-1.592545289689482,3.0,20.0
outcome,-1.592545289689482,3.0,20.0
at that,-1.592545289689482,3.0,20.0
i'll measure,-1.592545289689482,3.0,20.0
alternative,-1.592545289689482,3.0,20.0
about that,-1.59333056613844,5.0,25.0
one label,-1.59333056613844,5.0,25.0
study for,-1.59333056613844,5.0,25.0
speed test,-1.59333056613844,5.0,25.0
employment,-1.59333056613844,5.0,25.0
a parenting,-1.594601635156687,37.0,88.0
support,-1.5953197576605413,121.0,229.0
news,-1.5990751151514278,54.0,118.0
housing,-1.5992290222171193,8.0,32.0
reason to,-1.5992290222171193,8.0,32.0
neighbour's,-1.5992290222171193,8.0,32.0
worse,-1.6046501685876144,47.0,106.0
assume,-1.6098733999918735,39.0,92.0
factor,-1.6122098963148823,16.0,49.0
toxins is,-1.6132331024827034,7.0,30.0
what happens,-1.6132331024827034,7.0,30.0
the seller's,-1.6132331024827034,7.0,30.0
my current,-1.613670369650657,18.0,53.0
f,-1.614073701218592,44.0,101.0
major,-1.6167692629908457,13.0,43.0
extended warranty,-1.6167692629908457,13.0,43.0
2 4ghz,-1.6210324040968496,4.0,23.0
there solid,-1.6210324040968496,4.0,23.0
latest,-1.6210324040968496,4.0,23.0
production,-1.6210324040968496,4.0,23.0
physiological,-1.6210324040968496,4.0,23.0
fraud,-1.6210324040968496,4.0,23.0
all ?,-1.6210324040968496,4.0,23.0
a reputable,-1.6210324040968496,4.0,23.0
4ghz,-1.6210324040968496,4.0,23.0
with modern,-1.6210324040968496,4.0,23.0
get two,-1.6210324040968496,4.0,23.0
accepting,-1.6210324040968496,4.0,23.0
were,-1.6226678548291829,53.0,117.0
wear and,-1.6261309132845239,11.0,39.0
child,-1.6275585138723494,23.0,63.0
heater to,-1.6310818006296113,6.0,28.0
that using,-1.6310818006296113,6.0,28.0
risk is,-1.6333917299074168,10.0,37.0
it's from,-1.6333917299074168,10.0,37.0
dynamic,-1.6333917299074168,10.0,37.0
damage is,-1.6348037471598005,32.0,80.0
weather,-1.6348037471598005,32.0,80.0
a trainer,-1.6348037471598005,32.0,80.0
care,-1.635810160020549,78.0,160.0
pfas,-1.6389542279197973,2.0,18.0
strong ?,-1.6389542279197973,2.0,18.0
the comparison,-1.6389542279197973,2.0,18.0
england,-1.6389542279197973,2.0,18.0
supported i'll,-1.6389542279197973,2.0,18.0
valid ?,-1.6389542279197973,2.0,18.0
not for,-1.6389542279197973,2.0,18.0
clinical study,-1.6389542279197973,2.0,18.0
tested ?,-1.6389542279197973,2.0,18.0
position ?,-1.6389542279197973,2.0,18.0
that are,-1.6389542279197973,2.0,18.0
strategy ?,-1.6389542279197973,2.0,18.0
that typical,-1.6389542279197973,2.0,18.0
that medically,-1.6389542279197973,2.0,18.0
heater will,-1.6389542279197973,2.0,18.0
absolute ?,-1.6389542279197973,2.0,18.0
conclusion ?,-1.6389542279197973,2.0,18.0
a primary,-1.6389542279197973,2.0,18.0
typical ?,-1.6389542279197973,2.0,18.0
structural,-1.6406078211772344,26.0,69.0
strong,-1.6406263746444774,69.0,145.0
label,-1.6424432867885592,121.0,231.0
all is,-1.6428054510883316,9.0,35.0
headline,-1.6532119594606116,86.0,174.0
real evidence,-1.6537526173251949,5.0,26.0
has some,-1.6537526173251949,5.0,26.0
refuse to,-1.6537526173251949,5.0,26.0
owner's manual,-1.6537526173251949,5.0,26.0
clinical studies,-1.6537526173251949,5.0,26.0
appliance,-1.6537526173251949,5.0,26.0
the math,-1.6537526173251949,5.0,26.0
arsenic,-1.6537526173251949,5.0,26.0
tread,-1.6548018197141865,8.0,33.0
is based,-1.6548018197141865,8.0,33.0
not guaranteed,-1.6569621247558641,3.0,21.0
fair i'll,-1.6569621247558641,3.0,21.0
that enforceable,-1.6569621247558641,3.0,21.0
data and,-1.6569621247558641,3.0,21.0
indicator,-1.6569621247558641,3.0,21.0
financial guru,-1.6569621247558641,3.0,21.0
ask to,-1.6569621247558641,3.0,21.0
an extended,-1.6569621247558641,3.0,21.0
occasionally,-1.6569621247558641,3.0,21.0
the mechanic's,-1.6569621247558641,3.0,21.0
the recommendation,-1.6569621247558641,3.0,21.0
read a,-1.6589523525223284,17.0,52.0
gap,-1.6589523525223284,17.0,52.0
month is,-1.659323009803157,18.0,54.0
zinc,-1.6593559815754975,16.0,50.0
the warranty,-1.6603754294857538,19.0,56.0
be a,-1.6605700024084675,41.0,97.0
did that,-1.6606426345673218,15.0,48.0
step,-1.6664042211053847,13.0,44.0
systems,-1.6664042211053847,13.0,44.0
a strong,-1.6664042211053847,13.0,44.0
fire,-1.6671962642865155,31.0,79.0
models,-1.66992961196138,7.0,31.0
at least,-1.673768006759358,59.0,129.0
brake,-1.673768006759358,59.0,129.0
installation,-1.6776010694986883,11.0,40.0
found,-1.6785360560580143,70.0,148.0
to what,-1.6825794158181668,4.0,24.0
correlation,-1.6825794158181668,4.0,24.0
phone ?,-1.6825794158181668,4.0,24.0
animal,-1.6825794158181668,4.0,24.0
audited,-1.6825794158181668,4.0,24.0
uv,-1.6851234487874875,34.0,85.0
i could,-1.6858306979526398,10.0,38.0
part is,-1.6858306979526398,10.0,38.0
and is,-1.6870201019616056,53.0,119.0
salary,-1.687651016287623,49.0,112.0
part,-1.688093924343434,57.0,126.0
cars ?,-1.6889010728922347,6.0,29.0
apply to,-1.6889010728922347,6.0,29.0
harmful i'll,-1.6889010728922347,6.0,29.0
let your,-1.6889010728922347,6.0,29.0
services,-1.6962430361488325,9.0,36.0
list,-1.7032987104187531,51.0,116.0
me i,-1.7032987104187531,51.0,116.0
believing,-1.7040333864267867,2.0,19.0
want an,-1.7040333864267867,2.0,19.0
wives,-1.7040333864267867,2.0,19.0
believe ?,-1.7040333864267867,2.0,19.0
weigh,-1.7040333864267867,2.0,19.0
the clinical,-1.7040333864267867,2.0,19.0
doesn't mention,-1.7040333864267867,2.0,19.0
said wi,-1.7040333864267867,2.0,19.0
independently,-1.7040333864267867,2.0,19.0
ask a,-1.7040333864267867,2.0,19.0
the terms,-1.7040333864267867,2.0,19.0
old wives,-1.7040333864267867,2.0,19.0
showing the,-1.7040333864267867,2.0,19.0
claim i'll,-1.7040333864267867,2.0,19.0
was that,-1.7040333864267867,2.0,19.0
a camera,-1.7047452772764484,17.0,53.0
you get,-1.704795973951546,19.0,57.0
usually,-1.704795973951546,19.0,57.0
height,-1.7058043773007683,20.0,59.0
ev,-1.7079216123408514,15.0,49.0
cycling,-1.7079216123408514,15.0,49.0
50 is,-1.7079216123408514,15.0,49.0
is more,-1.7079216123408514,15.0,49.0
engineer,-1.7092606845396556,8.0,34.0
and follow,-1.7092606845396556,8.0,34.0
network,-1.7119510006087986,23.0,65.0
it actually,-1.7119510006087986,23.0,65.0
mechanic's,-1.7126579273345521,5.0,27.0
true but,-1.7126579273345521,5.0,27.0
policies,-1.7126579273345521,5.0,27.0
am i,-1.7126579273345521,5.0,27.0
habits,-1.7126579273345521,5.0,27.0
elsewhere,-1.7126579273345521,5.0,27.0
coverage,-1.7148641567360763,24.0,67.0
for those,-1.7194314057718632,3.0,22.0
speed ?,-1.7194314057718632,3.0,22.0
not an,-1.7194314057718632,3.0,22.0
and call,-1.7194314057718632,3.0,22.0
fail i,-1.7194314057718632,3.0,22.0
framework,-1.7194314057718632,3.0,22.0
central,-1.7194314057718632,3.0,22.0
learn the,-1.7194314057718632,3.0,22.0
is fair,-1.7194314057718632,3.0,22.0
the proper,-1.7194314057718632,3.0,22.0
my router's,-1.7194314057718632,3.0,22.0
the credit,-1.7194314057718632,3.0,22.0
do we,-1.7194314057718632,3.0,22.0
6,-1.7199930997517434,173.0,318.0
one is,-1.7217349592710725,26.0,71.0
kits,-1.7254199035990858,7.0,32.0
warning,-1.7278595732941242,69.0,148.0
negotiate,-1.7280492618534462,35.0,88.0
advice i'll,-1.7373543869860133,10.0,39.0
electrical,-1.7373543869860133,10.0,39.0
sq ft,-1.742472201503586,4.0,25.0
sq,-1.742472201503586,4.0,25.0
to 140,-1.742472201503586,4.0,25.0
over a,-1.742472201503586,4.0,25.0
body ?,-1.742472201503586,4.0,25.0
be ?,-1.742472201503586,4.0,25.0
discuss,-1.742472201503586,4.0,25.0
moderate,-1.742472201503586,4.0,25.0
the neighbor's,-1.742472201503586,4.0,25.0
ft,-1.742472201503586,4.0,25.0
mechanic is,-1.742472201503586,4.0,25.0
first ?,-1.7486972704228756,9.0,37.0
qualify,-1.7486972704228756,9.0,37.0
risky i'll,-1.7486972704228756,9.0,37.0
7 500,-1.7487005838223753,19.0,58.0
humidity,-1.749965439226928,17.0,54.0
studies show,-1.749965439226928,17.0,54.0
is only,-1.7500563380335092,21.0,62.0
age,-1.7578886939740666,58.0,130.0
magic,-1.7583963631871629,14.0,48.0
ask my,-1.7583963631871629,14.0,48.0
credit card,-1.760347077696804,50.0,116.0
so if,-1.760729058837091,178.0,328.0
a government,-1.763455469639798,13.0,46.0
if all,-1.767010766393655,2.0,20.0
national,-1.767010766393655,2.0,20.0
first step,-1.767010766393655,2.0,20.0
among,-1.767010766393655,2.0,20.0
happens if,-1.767010766393655,2.0,20.0
security cameras,-1.767010766393655,2.0,20.0
people is,-1.767010766393655,2.0,20.0
actually what,-1.767010766393655,2.0,20.0
universally true,-1.767010766393655,2.0,20.0
type of,-1.767010766393655,2.0,20.0
something to,-1.767010766393655,2.0,20.0
everyone ?,-1.767010766393655,2.0,20.0
won't expect,-1.767010766393655,2.0,20.0
doesn't,-1.7683576218489905,229.0,409.0
? my,-1.7699211426144215,12.0,44.0
that scientifically,-1.7699211426144215,12.0,44.0
papers,-1.770142370315134,5.0,28.0
a risk,-1.770142370315134,5.0,28.0
router's,-1.770142370315134,5.0,28.0
medically,-1.770142370315134,5.0,28.0
the local,-1.7780140534731361,11.0,42.0
a simple,-1.7797677035915014,7.0,33.0
dangerous ?,-1.7797677035915014,7.0,33.0
studied,-1.7801050648733014,3.0,23.0
between the,-1.7801050648733014,3.0,23.0
that's helpful,-1.7801050648733014,3.0,23.0
legally true,-1.7801050648733014,3.0,23.0
before adding,-1.7801050648733014,3.0,23.0
off ?,-1.7801050648733014,3.0,23.0
why the,-1.7801050648733014,3.0,23.0
video is,-1.7801050648733014,3.0,23.0
dangerous is,-1.7801050648733014,3.0,23.0
dynamic warm,-1.7801050648733014,3.0,23.0
would that,-1.7801050648733014,3.0,23.0
the diagnostic,-1.7801050648733014,3.0,23.0
actually how,-1.7801050648733014,3.0,23.0
market,-1.780894446844619,57.0,129.0
than the,-1.7873800811896539,39.0,97.0
math,-1.7880019036778556,10.0,40.0
oil for,-1.7921035782083465,19.0,59.0
effects,-1.7932182448737433,22.0,65.0
recommends,-1.7971233440902794,16.0,53.0
faster is,-1.7987500215587628,25.0,71.0
i be,-1.800212689806769,9.0,38.0
types,-1.800212689806769,9.0,38.0
says 7,-1.800579550721933,15.0,51.0
map,-1.8006879717284292,6.0,31.0
balanced,-1.8006879717284292,6.0,31.0
electrician said,-1.8008242434974864,4.0,26.0
protocol,-1.8008242434974864,4.0,26.0
toxicity,-1.8008242434974864,4.0,26.0
seems like,-1.8008242434974864,4.0,26.0
enforceable,-1.8150527477257161,8.0,36.0
the influencer's,-1.8150527477257161,8.0,36.0
file a,-1.8150527477257161,8.0,36.0
least,-1.8261519751618562,59.0,134.0
material,-1.8262927536271267,5.0,29.0
footage,-1.8262927536271267,5.0,29.0
such,-1.8262927536271267,5.0,29.0
a product,-1.8262927536271267,5.0,29.0
response,-1.8262927536271267,5.0,29.0
help but,-1.8262927536271267,5.0,29.0
so should,-1.8262927536271267,5.0,29.0
driving is,-1.8262927536271267,5.0,29.0
to explain,-1.8280657347729148,2.0,21.0
a complaint,-1.8280657347729148,2.0,21.0
show a,-1.8280657347729148,2.0,21.0
sick is,-1.8280657347729148,2.0,21.0
up that,-1.8280657347729148,2.0,21.0
credible ?,-1.8280657347729148,2.0,21.0
the speed,-1.8280657347729148,2.0,21.0
interview is,-1.8280657347729148,2.0,21.0
window for,-1.8280657347729148,2.0,21.0
like an,-1.8280657347729148,2.0,21.0
good is,-1.8280657347729148,2.0,21.0
relevant,-1.8280657347729148,2.0,21.0
is a,-1.8317037002484293,249.0,444.0
real statistic,-1.8330317143589865,7.0,34.0
tenant,-1.8330317143589865,7.0,34.0
my home,-1.834070013813647,21.0,64.0
them is,-1.8353668389359115,23.0,68.0
i can't,-1.836723371159093,79.0,169.0
i sign,-1.8378098682836335,10.0,41.0
beyond,-1.8378098682836335,10.0,41.0
psychology,-1.8378098682836335,10.0,41.0
statements,-1.8391171952549124,3.0,24.0
concentration,-1.8391171952549124,3.0,24.0
i'll negotiate,-1.8391171952549124,3.0,24.0
experts say,-1.8391171952549124,3.0,24.0
debunked,-1.8391171952549124,3.0,24.0
cites,-1.8391171952549124,3.0,24.0
validated,-1.8391171952549124,3.0,24.0
shows ?,-1.8391171952549124,3.0,24.0
enough is,-1.8391171952549124,3.0,24.0
non,-1.8433429551773286,48.0,115.0
i'm not,-1.8484495669047365,66.0,147.0
spend,-1.8514883243070366,38.0,97.0
pattern,-1.8523315053812364,30.0,82.0
a privacy,-1.8547977067314785,6.0,32.0
use an,-1.8547977067314785,6.0,32.0
says ?,-1.857723252159508,13.0,48.0
any way,-1.857737330792579,4.0,27.0
safer is,-1.857737330792579,4.0,27.0
brake fluid,-1.8656676141451143,12.0,46.0
comes from,-1.8664842693782469,8.0,37.0
medical evidence,-1.8811879274964427,5.0,30.0
an auto,-1.8811879274964427,5.0,30.0
seller's,-1.8852661274128233,7.0,35.0
pitch,-1.8852661274128233,7.0,35.0
the ftc,-1.8873544222933691,2.0,22.0
alignment is,-1.8873544222933691,2.0,22.0
physiology,-1.8873544222933691,2.0,22.0
know that's,-1.8873544222933691,2.0,22.0
the 99,-1.8873544222933691,2.0,22.0
just wrong,-1.8873544222933691,2.0,22.0
replacing my,-1.8873544222933691,2.0,22.0
sports science,-1.8873544222933691,2.0,22.0
know when,-1.8873544222933691,2.0,22.0
self,-1.889907170449266,45.0,111.0
battery ?,-1.8900485006861472,1.0,19.0
that research,-1.8900485006861472,1.0,19.0
i'll monitor,-1.8900485006861472,1.0,19.0
i'll show,-1.8900485006861472,1.0,19.0
studies that,-1.8900485006861472,1.0,19.0
technical reason,-1.8900485006861472,1.0,19.0
decide if,-1.8900485006861472,1.0,19.0
decide based,-1.8900485006861472,1.0,19.0
treatment ?,-1.8900485006861472,1.0,19.0
than rely,-1.8900485006861472,1.0,19.0
something i,-1.8900485006861472,1.0,19.0
it checked,-1.8900485006861472,1.0,19.0
minimum or,-1.8900485006861472,1.0,19.0
epidemiological,-1.8900485006861472,1.0,19.0
safe or,-1.8900485006861472,1.0,19.0
more evidence,-1.8900485006861472,1.0,19.0
on typical,-1.8900485006861472,1.0,19.0
i refuse,-1.8900485006861472,1.0,19.0
i choose,-1.8900485006861472,1.0,19.0
install an,-1.8900485006861472,1.0,19.0
reasoning,-1.8900485006861472,1.0,19.0
acquisition,-1.8900485006861472,1.0,19.0
your router,-1.8908385447108844,15.0,53.0
must use,-1.895697801316625,46.0,113.0
suggest,-1.8965867621240784,3.0,25.0
fine ?,-1.8965867621240784,3.0,25.0
states,-1.8965867621240784,3.0,25.0
claims that,-1.8965867621240784,3.0,25.0
sites,-1.8965867621240784,3.0,25.0
efficiency,-1.8965867621240784,3.0,25.0
actually the,-1.8965867621240784,3.0,25.0
actually safe,-1.8965867621240784,3.0,25.0
home is,-1.9005904625357668,9.0,40.0
work is,-1.9005904625357668,9.0,40.0
affect,-1.9036052617615753,34.0,91.0
are they,-1.907803241072145,6.0,33.0
they actually,-1.907803241072145,6.0,33.0
reputable,-1.9133031198077848,4.0,28.0
the pressure,-1.9133031198077848,4.0,28.0
prefer,-1.9133031198077848,4.0,28.0
verification,-1.9133031198077848,4.0,28.0
a local,-1.9160457265207,24.0,72.0
you'll,-1.9169002740115872,96.0,201.0
plausible ?,-1.9169992324771523,8.0,38.0
that correct,-1.9175664226359381,20.0,64.0
talk,-1.9175664226359381,20.0,64.0
should get,-1.9194374206593874,19.0,62.0
channel,-1.9239636102241573,29.0,82.0
i'll treat,-1.9254510387266368,17.0,58.0
me that,-1.9254510387266368,17.0,58.0
i'll pull,-1.9348997306957911,5.0,31.0
metres,-1.9348997306957911,5.0,31.0
test is,-1.9348997306957911,5.0,31.0
universal rule,-1.9348997306957911,5.0,31.0
intake,-1.9348997306957911,5.0,31.0
influencer's,-1.9350423985566572,10.0,43.0
the policy,-1.9350423985566572,10.0,43.0
window company,-1.9351152758656944,15.0,54.0
us,-1.9356188139748944,33.0,90.0
nutrient,-1.9365210728892623,7.0,36.0
test that,-1.9365210728892623,7.0,36.0
my car's,-1.9365210728892623,7.0,36.0
who is,-1.9365210728892623,7.0,36.0
benefits,-1.9390866517453595,34.0,92.0
fluid,-1.9445625433067173,43.0,109.0
headline saying,-1.9450136310484711,2.0,23.0
on anything,-1.9450136310484711,2.0,23.0
door sticker,-1.9450136310484711,2.0,23.0
ophthalmology,-1.9450136310484711,2.0,23.0
mechanism ?,-1.9450136310484711,2.0,23.0
or are,-1.9450136310484711,2.0,23.0
any controlled,-1.9450136310484711,2.0,23.0
an outlet,-1.9450136310484711,2.0,23.0
a diagnostic,-1.9450136310484711,2.0,23.0
so how,-1.9450136310484711,2.0,23.0
check with,-1.9450136310484711,2.0,23.0
an example,-1.9450136310484711,2.0,23.0
documented ?,-1.9489152706395034,1.0,20.0
so is,-1.9489152706395034,1.0,20.0
addresses,-1.9489152706395034,1.0,20.0
suspension,-1.9489152706395034,1.0,20.0
devices ?,-1.9489152706395034,1.0,20.0
a public,-1.9489152706395034,1.0,20.0
pressure relief,-1.9489152706395034,1.0,20.0
a rough,-1.9489152706395034,1.0,20.0
fear,-1.949398268594721,13.0,50.0
unit,-1.949398268594721,13.0,50.0
safety guidance,-1.952619817319863,3.0,26.0
official rule,-1.952619817319863,3.0,26.0
the audit,-1.952619817319863,3.0,26.0
proven ?,-1.9552113470081303,23.0,71.0
pain is,-1.958582218934902,20.0,65.0
the group's,-1.9597618792494906,6.0,34.0
owner's,-1.9597618792494906,6.0,34.0
bad ?,-1.9597618792494906,6.0,34.0
an electrician,-1.9597618792494906,6.0,34.0
condition,-1.960965835491545,19.0,63.0
simple,-1.964094103249714,18.0,61.0
someone,-1.9658193860625917,227.0,417.0
help ?,-1.9666386212246303,8.0,39.0
washing your,-1.9666386212246303,8.0,39.0
standard is,-1.9676044436982933,4.0,29.0
folklore,-1.9676044436982933,4.0,29.0
a random,-1.9676044436982933,4.0,29.0
node,-1.9676044436982933,4.0,29.0
lithium ion,-1.9676044436982933,4.0,29.0
page and,-1.9676044436982933,4.0,29.0
public,-1.967911478474453,41.0,106.0
claiming,-1.9696279943855786,11.0,46.0
that any,-1.9696279943855786,11.0,46.0
i pay,-1.9711870224232362,33.0,91.0
learning,-1.981144505669918,36.0,97.0
having a,-1.9825295160681724,10.0,44.0
lithium,-1.9868430148352831,7.0,37.0
lead,-1.9873853683979656,51.0,125.0
cause the,-1.9874938003330946,5.0,32.0
behind it,-1.9874938003330946,5.0,32.0
real but,-1.9874938003330946,5.0,32.0
design,-1.993889133545198,25.0,76.0
giving,-1.9950875416205989,27.0,80.0
a scam,-1.9962430601861112,28.0,82.0
universally,-1.997677069983125,9.0,42.0
road tires,-2.0011639499991665,2.0,24.0
law for,-2.0011639499991665,2.0,24.0
technically true,-2.0011639499991665,2.0,24.0
credit bureaus,-2.0011639499991665,2.0,24.0
site is,-2.0011639499991665,2.0,24.0
by veterinary,-2.0011639499991665,2.0,24.0
do ?,-2.0020560022965674,19.0,64.0
the app's,-2.004199258707462,12.0,49.0
ask him,-2.006117553909601,1.0,21.0
and read,-2.006117553909601,1.0,21.0
consumer protection,-2.006117553909601,1.0,21.0
breakdown,-2.006117553909601,1.0,21.0
find out,-2.006117553909601,1.0,21.0
it based,-2.006117553909601,1.0,21.0
sign he,-2.006117553909601,1.0,21.0
a trial,-2.006117553909601,1.0,21.0
not because,-2.006117553909601,1.0,21.0
mold remediation,-2.006117553909601,1.0,21.0
test showing,-2.006117553909601,1.0,21.0
nuance,-2.006117553909601,1.0,21.0
for security,-2.006117553909601,1.0,21.0
can show,-2.006117553909601,1.0,21.0
myself and,-2.006117553909601,1.0,21.0
causation,-2.006117553909601,1.0,21.0
spend money,-2.006117553909601,1.0,21.0
a credible,-2.006117553909601,1.0,21.0
alignment,-2.006497282813162,33.0,92.0
two more,-2.0073113225750236,3.0,27.0
test if,-2.0073113225750236,3.0,27.0
when needed,-2.0073113225750236,3.0,27.0
enforceable ?,-2.0073113225750236,3.0,27.0
but isn't,-2.0073113225750236,3.0,27.0
solid evidence,-2.0073113225750236,3.0,27.0
principle,-2.0073113225750236,3.0,27.0
what can,-2.0073113225750236,3.0,27.0
a guarantee,-2.0107264457701097,6.0,35.0
see what,-2.0154406684356907,8.0,40.0
set up,-2.0157781934563204,11.0,47.0
exists,-2.0157781934563204,11.0,47.0
get a,-2.0199286697787056,176.0,338.0
tenancy,-2.0207164171147864,4.0,30.0
overkill,-2.0207164171147864,4.0,30.0
stated,-2.0207164171147864,4.0,30.0
the cdc,-2.0207164171147864,4.0,30.0
check to,-2.0207164171147864,4.0,30.0
i'll request,-2.0207164171147864,4.0,30.0
enough ?,-2.0220493656767267,15.0,56.0
single,-2.029897450431536,40.0,106.0
matters,-2.0318832700340503,26.0,79.0
app's,-2.0386520801065053,13.0,52.0
traction,-2.039030268404459,5.0,33.0
an extension,-2.039030268404459,5.0,33.0
steps,-2.042719141611088,19.0,65.0
dandruff,-2.0558987459108757,105.0,222.0
percentages,-2.055912263746813,2.0,25.0
regulated,-2.055912263746813,2.0,25.0
a load,-2.055912263746813,2.0,25.0
seems too,-2.055912263746813,2.0,25.0
limit,-2.0571249500464837,63.0,149.0
salesman,-2.0577888922725482,95.0,205.0
language,-2.0596002575220003,68.0,158.0
group's,-2.060745741009369,6.0,36.0
what else,-2.060746661446083,3.0,28.0
pricing,-2.060746661446083,3.0,28.0
backwards,-2.060746661446083,3.0,28.0
guarantee is,-2.060746661446083,3.0,28.0
fact ?,-2.060746661446083,3.0,28.0
group is,-2.060746661446083,3.0,28.0
the nhs,-2.060746661446083,3.0,28.0
soil test,-2.060746661446083,3.0,28.0
10 year,-2.060746661446083,3.0,28.0
bureaus,-2.060746661446083,3.0,28.0
on energy,-2.060746661446083,3.0,28.0
trial on,-2.060746661446083,3.0,28.0
my local,-2.061277683550567,11.0,48.0
the safety,-2.0617859056136143,1.0,22.0
on water,-2.0617859056136143,1.0,22.0
threshold ?,-2.0617859056136143,1.0,22.0
conflicting,-2.0617859056136143,1.0,22.0
case ?,-2.0617859056136143,1.0,22.0
repeated,-2.0617859056136143,1.0,22.0
authoritative,-2.0617859056136143,1.0,22.0
security expert,-2.0617859056136143,1.0,22.0
sources ?,-2.0617859056136143,1.0,22.0
porous,-2.0617859056136143,1.0,22.0
consumer reports,-2.0617859056136143,1.0,22.0
reason ?,-2.0727073734663684,4.0,31.0
source is,-2.0727073734663684,4.0,31.0
identify,-2.0727073734663684,4.0,31.0
only when,-2.0727073734663684,4.0,31.0
helpful,-2.0727073734663684,4.0,31.0
a single,-2.0735952591579383,22.0,72.0
you're,-2.073901090212395,61.0,146.0
plumber said,-2.0785132124088173,34.0,96.0
a credit,-2.079154549264312,20.0,68.0
decision,-2.082420026259993,13.0,53.0
road,-2.08756012806656,18.0,64.0
modern phones,-2.0895643635036025,5.0,34.0
test my,-2.0895643635036025,5.0,34.0
lease,-2.092309829295512,39.0,106.0
seeing,-2.092309829295512,39.0,106.0
certified,-2.093019932967892,17.0,62.0
still true,-2.1057765064471314,27.0,83.0
random,-2.1061493776299827,11.0,49.0
negotiation,-2.1069302078461787,15.0,58.0
a news,-2.1093292819363616,32.0,93.0
test before,-2.109353791249423,2.0,26.0
use to,-2.109353791249423,2.0,26.0
hardness,-2.109353791249423,2.0,26.0
on when,-2.109353791249423,2.0,26.0
scientific basis,-2.109353791249423,2.0,26.0
physically possible,-2.109353791249423,2.0,26.0
flag ?,-2.109353791249423,2.0,26.0
the company's,-2.109353791249423,2.0,26.0
and monitor,-2.109353791249423,2.0,26.0
do people,-2.109353791249423,2.0,26.0
effort,-2.1098649407807697,6.0,37.0
any science,-2.1098649407807697,6.0,37.0
precise,-2.1106733290296016,8.0,42.0
outdated i'll,-2.1106733290296016,8.0,42.0
pest,-2.1121419414254987,22.0,73.0
data behind,-2.1130029015208733,3.0,29.0
challenge,-2.1130029015208733,3.0,29.0
legitimate ?,-2.1130029015208733,3.0,29.0
the correct,-2.115020117632232,21.0,71.0
human,-2.115614866832914,14.0,56.0
shouldn't just,-2.116034922884792,1.0,23.0
the viral,-2.116034922884792,1.0,23.0
any basis,-2.116034922884792,1.0,23.0
foggy,-2.116034922884792,1.0,23.0
products ?,-2.116034922884792,1.0,23.0
didn't cause,-2.116034922884792,1.0,23.0
the typical,-2.116034922884792,1.0,23.0
authors,-2.116034922884792,1.0,23.0
change ?,-2.116034922884792,1.0,23.0
effects ?,-2.116034922884792,1.0,23.0
research behind,-2.116034922884792,1.0,23.0
source of,-2.116034922884792,1.0,23.0
hype,-2.116034922884792,1.0,23.0
the guideline,-2.116034922884792,1.0,23.0
of relying,-2.116034922884792,1.0,23.0
partially,-2.116034922884792,1.0,23.0
severe,-2.120812097790851,10.0,47.0
airline,-2.120812097790851,10.0,47.0
excessive,-2.1236396641702817,4.0,32.0
windows will,-2.1236396641702817,4.0,32.0
might not,-2.1236396641702817,4.0,32.0
judge,-2.1236396641702817,4.0,32.0
did,-2.1261965229308952,131.0,269.0
rather not,-2.1326275140123614,7.0,40.0
price is,-2.1326275140123614,7.0,40.0
sensitivity,-2.1326275140123614,7.0,40.0
similar,-2.1326275140123614,7.0,40.0
wired,-2.137173495899792,12.0,52.0
there official,-2.13860290084628,0.0,20.0
privacy expert,-2.13860290084628,0.0,20.0
claim might,-2.13860290084628,0.0,20.0
sections,-2.13860290084628,0.0,20.0
influencer's claim,-2.13860290084628,0.0,20.0
that mesh,-2.13860290084628,0.0,20.0
comparing them,-2.13860290084628,0.0,20.0
benefits of,-2.13860290084628,0.0,20.0
broad i'll,-2.13860290084628,0.0,20.0
the calculator,-2.13860290084628,0.0,20.0
there that,-2.13860290084628,0.0,20.0
specific code,-2.13860290084628,0.0,20.0
studies looked,-2.13860290084628,0.0,20.0
need air,-2.13860290084628,0.0,20.0
verify a,-2.13860290084628,0.0,20.0
verifiable,-2.13860290084628,0.0,20.0
dermatology source,-2.13860290084628,0.0,20.0
agency ?,-2.13860290084628,0.0,20.0
relief valve,-2.13860290084628,0.0,20.0
is overpromising,-2.13860290084628,0.0,20.0
an expansion,-2.13860290084628,0.0,20.0
nhs page,-2.13860290084628,0.0,20.0
for someone,-2.13860290084628,0.0,20.0
study i,-2.13860290084628,0.0,20.0
study actually,-2.13860290084628,0.0,20.0
controlled for,-2.13860290084628,0.0,20.0
correct pressure,-2.13860290084628,0.0,20.0
warranty but,-2.13860290084628,0.0,20.0
test comparing,-2.13860290084628,0.0,20.0
that's actually,-2.13860290084628,0.0,20.0
overblown ?,-2.13860290084628,0.0,20.0
oversimplifies ?,-2.13860290084628,0.0,20.0
actually shows,-2.13860290084628,0.0,20.0
guidance come,-2.13860290084628,0.0,20.0
too simplistic,-2.13860290084628,0.0,20.0
samples,-2.13860290084628,0.0,20.0
replace when,-2.13860290084628,0.0,20.0
state programme,-2.13860290084628,0.0,20.0
or standard,-2.13860290084628,0.0,20.0
shouldn't treat,-2.13860290084628,0.0,20.0
reviewed study,-2.13860290084628,0.0,20.0
before using,-2.13860290084628,0.0,20.0
should test,-2.13860290084628,0.0,20.0
the coworker's,-2.13860290084628,0.0,20.0
? has,-2.13860290084628,0.0,20.0
manufacturer recommendation,-2.13860290084628,0.0,20.0
statistic ?,-2.1391469327043193,5.0,35.0
consistent,-2.1391469327043193,5.0,35.0
a financial,-2.1429495748656393,31.0,92.0
adjust,-2.1504149765089746,11.0,50.0
risky,-2.1505567866078685,36.0,102.0
allowed ?,-2.157168689712696,8.0,43.0
and ask,-2.1578099962564297,14.0,57.0
keep hearing,-2.1581259477067474,6.0,38.0
that doesn't,-2.1581259477067474,6.0,38.0
the who,-2.161573756541894,2.0,27.0
cherry,-2.161573756541894,2.0,27.0
preference ?,-2.161573756541894,2.0,27.0
study and,-2.161573756541894,2.0,27.0
posture causes,-2.161573756541894,2.0,27.0
ftc,-2.161573756541894,2.0,27.0
laws,-2.161573756541894,2.0,27.0
alone,-2.163374329693423,41.0,112.0
resale value,-2.1641498547738696,3.0,30.0
review on,-2.1641498547738696,3.0,30.0
that physically,-2.1641498547738696,3.0,30.0
measuring,-2.1641498547738696,3.0,30.0
anything,-2.1672370456963668,175.0,344.0
harm,-2.1683277928986904,13.0,55.0
the neighbour's,-2.1689658178464835,1.0,24.0
aap,-2.1689658178464835,1.0,24.0
exclusions,-2.1689658178464835,1.0,24.0
interpretation,-2.1689658178464835,1.0,24.0
pay he,-2.1689658178464835,1.0,24.0
society,-2.1689658178464835,1.0,24.0
article is,-2.1689658178464835,1.0,24.0
bodies,-2.1689658178464835,1.0,24.0
the trainer's,-2.1689658178464835,1.0,24.0
the physics,-2.1689658178464835,1.0,24.0
my utility,-2.1689658178464835,1.0,24.0
didn't cite,-2.1689658178464835,1.0,24.0
verify it,-2.1689658178464835,1.0,24.0
ask them,-2.173570343511187,4.0,33.0
a brake,-2.173570343511187,4.0,33.0
and look,-2.173570343511187,4.0,33.0
couldn't,-2.173570343511187,4.0,33.0
that's not,-2.173570343511187,4.0,33.0
devices,-2.1771713997076825,29.0,89.0
accuracy,-2.181445266853892,16.0,62.0
too high,-2.183000808196918,9.0,46.0
wifi,-2.1891717516470095,164.0,327.0
placement,-2.1898752529997516,15.0,60.0
without,-2.191130662380455,337.0,605.0
issue can,-2.191416995679845,0.0,21.0
is upselling,-2.191416995679845,0.0,21.0
something concrete,-2.191416995679845,0.0,21.0
which trials,-2.191416995679845,0.0,21.0
paper ?,-2.191416995679845,0.0,21.0
before relying,-2.191416995679845,0.0,21.0
safety data,-2.191416995679845,0.0,21.0
measurements and,-2.191416995679845,0.0,21.0
shouldn't assume,-2.191416995679845,0.0,21.0
measurements before,-2.191416995679845,0.0,21.0
epa or,-2.191416995679845,0.0,21.0
the citation,-2.191416995679845,0.0,21.0
academic,-2.191416995679845,0.0,21.0
opinion before,-2.191416995679845,0.0,21.0
the plumber's,-2.191416995679845,0.0,21.0
dataset,-2.191416995679845,0.0,21.0
original source,-2.191416995679845,0.0,21.0
literature,-2.191416995679845,0.0,21.0
link me,-2.191416995679845,0.0,21.0
shouldn't expect,-2.191416995679845,0.0,21.0
that debunks,-2.191416995679845,0.0,21.0
policy wording,-2.191416995679845,0.0,21.0
checklist,-2.191416995679845,0.0,21.0
myth what,-2.191416995679845,0.0,21.0
chemically,-2.191416995679845,0.0,21.0
foggy windows,-2.191416995679845,0.0,21.0
ignore that,-2.191416995679845,0.0,21.0
convention,-2.191416995679845,0.0,21.0
evidence not,-2.191416995679845,0.0,21.0
debunks,-2.191416995679845,0.0,21.0
science or,-2.191416995679845,0.0,21.0
quotes if,-2.191416995679845,0.0,21.0
reduction ?,-2.191416995679845,0.0,21.0
trust a,-2.191416995679845,0.0,21.0
country ?,-2.191416995679845,0.0,21.0
so you're,-2.191416995679845,0.0,21.0
published ?,-2.191416995679845,0.0,21.0
citation ?,-2.191416995679845,0.0,21.0
can confirm,-2.191416995679845,0.0,21.0
validation,-2.191416995679845,0.0,21.0
developer source,-2.191416995679845,0.0,21.0
studies actually,-2.191416995679845,0.0,21.0
procedure,-2.191416995679845,0.0,21.0
degradation ?,-2.191416995679845,0.0,21.0
guidance from,-2.191416995679845,0.0,21.0
my foggy,-2.191416995679845,0.0,21.0
are above,-2.191416995679845,0.0,21.0
practice,-2.193989270767682,77.0,179.0
products,-2.1940950524696636,11.0,51.0
how often,-2.199513304213864,14.0,58.0
fix ?,-2.205567701166124,6.0,39.0
tech store,-2.205567701166124,6.0,39.0
guess,-2.2072125415769057,18.0,67.0
only for,-2.209768678514627,10.0,49.0
choose,-2.2120075537216697,30.0,92.0
panic,-2.2120075537216697,30.0,92.0
periods,-2.2126487685676928,2.0,28.0
any dermatological,-2.2126487685676928,2.0,28.0
source i'll,-2.2126487685676928,2.0,28.0
lab test,-2.2126487685676928,2.0,28.0
by evidence,-2.2126487685676928,2.0,28.0
nhs,-2.2142509735854867,3.0,31.0
energy savings,-2.2142509735854867,3.0,31.0
check a,-2.2142509735854867,3.0,31.0
that gives,-2.2142509735854867,3.0,31.0
or an,-2.220668485219386,1.0,25.0
more quotes,-2.220668485219386,1.0,25.0
the spec,-2.220668485219386,1.0,25.0
the moisture,-2.220668485219386,1.0,25.0
the methods,-2.220668485219386,1.0,25.0
unrealistic,-2.220668485219386,1.0,25.0
buying ?,-2.220668485219386,1.0,25.0
or does,-2.220668485219386,1.0,25.0
sure i'm,-2.220668485219386,1.0,25.0
public health,-2.220668485219386,1.0,25.0
so where,-2.220668485219386,1.0,25.0
times ?,-2.220668485219386,1.0,25.0
test results,-2.220668485219386,1.0,25.0
correctly,-2.220668485219386,1.0,25.0
i'll review,-2.220668485219386,1.0,25.0
forum claim,-2.220668485219386,1.0,25.0
testing on,-2.220668485219386,1.0,25.0
so always,-2.2225517581621945,4.0,34.0
know it's,-2.2225517581621945,4.0,34.0
meaningful,-2.2225517581621945,4.0,34.0
duration,-2.2225517581621945,4.0,34.0
the report,-2.2258680244569917,7.0,42.0
manual says,-2.2269865283601518,41.0,114.0
electrician,-2.227650404603455,9.0,47.0
insulation,-2.2294840188548344,58.0,146.0
concrete,-2.230655811980091,15.0,61.0
? they,-2.230655811980091,15.0,61.0
print,-2.230655811980091,15.0,61.0
money on,-2.2356416430707,5.0,37.0
from an,-2.2372091258531444,11.0,52.0
but a,-2.2372091258531444,11.0,52.0
a legal,-2.2399933407909876,19.0,70.0
cost,-2.2401540641273185,66.0,161.0
summary ?,-2.242987963204996,0.0,22.0
plumber's,-2.242987963204996,0.0,22.0
official page,-2.242987963204996,0.0,22.0
i'll assess,-2.242987963204996,0.0,22.0
guidelines on,-2.242987963204996,0.0,22.0
information ?,-2.242987963204996,0.0,22.0
browser developer,-2.242987963204996,0.0,22.0
there's any,-2.242987963204996,0.0,22.0
which source,-2.242987963204996,0.0,22.0
whether a,-2.242987963204996,0.0,22.0
whether to,-2.242987963204996,0.0,22.0
overstated it,-2.242987963204996,0.0,22.0
more about,-2.242987963204996,0.0,22.0
which agency,-2.242987963204996,0.0,22.0
signs of,-2.242987963204996,0.0,22.0
type and,-2.242987963204996,0.0,22.0
organizations say,-2.242987963204996,0.0,22.0
overpromising,-2.242987963204996,0.0,22.0
? would,-2.242987963204996,0.0,22.0
outdated what,-2.242987963204996,0.0,22.0
something more,-2.242987963204996,0.0,22.0
actually need,-2.242987963204996,0.0,22.0
expansion tank,-2.242987963204996,0.0,22.0
dental association,-2.242987963204996,0.0,22.0
necessary he,-2.242987963204996,0.0,22.0
like ?,-2.242987963204996,0.0,22.0
wrong how,-2.242987963204996,0.0,22.0
size ?,-2.242987963204996,0.0,22.0
factors affect,-2.242987963204996,0.0,22.0
and where,-2.242987963204996,0.0,22.0
wants,-2.247477682924657,34.0,101.0
a dental,-2.2480645818792753,8.0,45.0
poor,-2.2480645818792753,8.0,45.0
placebo,-2.2480645818792753,8.0,45.0
a marketing,-2.25217473468902,13.0,57.0
impact,-2.2522264515138537,6.0,40.0
best is,-2.2626479690092833,2.0,29.0
poor posture,-2.2626479690092833,2.0,29.0
i spend,-2.2626479690092833,2.0,29.0
sports medicine,-2.2626479690092833,2.0,29.0
assumptions,-2.2626479690092833,2.0,29.0
the manual's,-2.2626479690092833,2.0,29.0
extreme,-2.2626479690092833,2.0,29.0
forum post,-2.2628921547023166,22.0,77.0
ask about,-2.2633641120648424,3.0,32.0
industry standard,-2.2633641120648424,3.0,32.0
proof ?,-2.2633641120648424,3.0,32.0
content,-2.2633641120648424,3.0,32.0
rotation,-2.2651243361903357,12.0,55.0
termite,-2.270632056829337,4.0,35.0
so not,-2.270632056829337,4.0,35.0
the state,-2.270632056829337,4.0,35.0
trial showing,-2.270632056829337,4.0,35.0
that figure,-2.2712231800038967,1.0,26.0
fluid flush,-2.2712231800038967,1.0,26.0
automotive,-2.2712231800038967,1.0,26.0
rod,-2.2714016752285717,7.0,43.0
i change,-2.2714016752285717,7.0,43.0
useful,-2.2714016752285717,7.0,43.0
real risk,-2.27167680658135,9.0,48.0
you don't,-2.2802651159106406,63.0,157.0
a handyman,-2.2805992799908315,34.0,102.0
it ?,-2.28119518505882,251.0,474.0
physically,-2.2826373820178474,5.0,38.0
sounds too,-2.2826373820178474,5.0,38.0
expectations,-2.2826373820178474,5.0,38.0
me how,-2.2826373820178474,5.0,38.0
timeline,-2.292518709473057,8.0,46.0
specific survey,-2.2933996664108225,0.0,23.0
only replace,-2.2933996664108225,0.0,23.0
would the,-2.2933996664108225,0.0,23.0
levels ?,-2.2933996664108225,0.0,23.0
any peer,-2.2933996664108225,0.0,23.0
app's claim,-2.2933996664108225,0.0,23.0
explains incognito,-2.2933996664108225,0.0,23.0
up port,-2.2933996664108225,0.0,23.0
survey data,-2.2933996664108225,0.0,23.0
based i'll,-2.2933996664108225,0.0,23.0
where are,-2.2933996664108225,0.0,23.0
actually recommend,-2.2933996664108225,0.0,23.0
expansion,-2.2933996664108225,0.0,23.0
the always,-2.2933996664108225,0.0,23.0
the increase,-2.2933996664108225,0.0,23.0
actually says,-2.2933996664108225,0.0,23.0
survey or,-2.2933996664108225,0.0,23.0
or should,-2.2933996664108225,0.0,23.0
should compare,-2.2933996664108225,0.0,23.0
sales pitch,-2.2933996664108225,0.0,23.0
outdated advice,-2.2933996664108225,0.0,23.0
blindly,-2.2933996664108225,0.0,23.0
upselling i'll,-2.2933996664108225,0.0,23.0
that distinction,-2.2933996664108225,0.0,23.0
to assess,-2.2933996664108225,0.0,23.0
simplistic,-2.2933996664108225,0.0,23.0
throughput,-2.2933996664108225,0.0,23.0
my state's,-2.2933996664108225,0.0,23.0
cite anything,-2.2933996664108225,0.0,23.0
industry data,-2.2933996664108225,0.0,23.0
to how,-2.2933996664108225,0.0,23.0
just common,-2.2933996664108225,0.0,23.0
credit,-2.296130495088579,183.0,364.0
by anything,-2.2963487548334385,10.0,51.0
federal,-2.2963487548334385,10.0,51.0
remediation,-2.2981360033802534,6.0,41.0
due,-2.2997576178266828,22.0,78.0
the numbers,-2.3067395730224445,12.0,56.0
sounds,-2.307151717317057,108.0,238.0
router is,-2.310895980120582,15.0,63.0
but won't,-2.3115421762692603,3.0,33.0
recommended ?,-2.3115421762692603,3.0,33.0
pain ?,-2.3115421762692603,3.0,33.0
changing my,-2.3115421762692603,3.0,33.0
phones ?,-2.3115421762692603,3.0,33.0
treat the,-2.3116339935418977,2.0,30.0
overstated ?,-2.3116339935418977,2.0,30.0
an industry,-2.3116339935418977,2.0,30.0
effect ?,-2.3116339935418977,2.0,30.0
before replacing,-2.3116339935418977,2.0,30.0
fire safety,-2.3116339935418977,2.0,30.0
my router,-2.313379334576889,33.0,101.0
in writing,-2.3151022927003146,9.0,49.0
to look,-2.3162497542163374,7.0,44.0
surveys,-2.317855632641182,4.0,36.0
too strong,-2.317855632641182,4.0,36.0
reviews,-2.31831923443981,71.0,173.0
context,-2.3207018909216455,1.0,27.0
what to,-2.3207018909216455,1.0,27.0
where to,-2.3207018909216455,1.0,27.0
trainer's,-2.3207018909216455,1.0,27.0
helps ?,-2.3207018909216455,1.0,27.0
that statistic,-2.3207018909216455,1.0,27.0
indicate,-2.3207018909216455,1.0,27.0
ordinance,-2.3207018909216455,1.0,27.0
right pressure,-2.3207018909216455,1.0,27.0
but didn't,-2.3207018909216455,1.0,27.0
standard that,-2.3207018909216455,1.0,27.0
consider my,-2.3207018909216455,1.0,27.0
agreeing,-2.3207018909216455,1.0,27.0
anecdotal ?,-2.3207018909216455,1.0,27.0
that was,-2.3218119825716417,14.0,61.0
optimal,-2.3218125023703284,11.0,54.0
effective ?,-2.3218125023703284,11.0,54.0
council,-2.3218125023703284,11.0,54.0
don't have,-2.324592704036174,25.0,85.0
enough to,-2.3279338677019386,24.0,83.0
but no,-2.3288494450856154,5.0,39.0
if someone,-2.3313126206967496,17.0,68.0
manual not,-2.342726942985017,0.0,24.0
6 mesh,-2.342726942985017,0.0,24.0
economy is,-2.342726942985017,0.0,24.0
specific test,-2.342726942985017,0.0,24.0
exaggeration,-2.342726942985017,0.0,24.0
statement or,-2.342726942985017,0.0,24.0
from and,-2.342726942985017,0.0,24.0
check what,-2.342726942985017,0.0,24.0
not absolute,-2.342726942985017,0.0,24.0
to independent,-2.342726942985017,0.0,24.0
timing ?,-2.342726942985017,0.0,24.0
could i,-2.342726942985017,0.0,24.0
hours works,-2.342726942985017,0.0,24.0
find any,-2.342726942985017,0.0,24.0
which specific,-2.342726942985017,0.0,24.0
a browser,-2.342726942985017,0.0,24.0
state's,-2.342726942985017,0.0,24.0
the trade,-2.342726942985017,0.0,24.0
source like,-2.342726942985017,0.0,24.0
where's the,-2.342726942985017,0.0,24.0
about multiple,-2.342726942985017,0.0,24.0
counts as,-2.3433279321227856,6.0,42.0
issue,-2.346766379461401,32.0,100.0
frequency,-2.3518288779289107,28.0,92.0
cautious,-2.3588336822353666,3.0,34.0
example,-2.3588336822353666,3.0,34.0
a state,-2.3588336822353666,3.0,34.0
depth,-2.3588336822353666,3.0,34.0
thumb,-2.3588336822353666,3.0,34.0
know ?,-2.3596637818777433,2.0,31.0
evidence of,-2.3596637818777433,2.0,31.0
cite that,-2.3596637818777433,2.0,31.0
market data,-2.3596637818777433,2.0,31.0
anode,-2.3596637818777433,2.0,31.0
data from,-2.3596637818777433,2.0,31.0
or something,-2.3596637818777433,2.0,31.0
dermatological,-2.3596637818777433,2.0,31.0
high i'll,-2.3604391568168075,7.0,45.0
a sales,-2.36333619073556,11.0,55.0
wisdom,-2.36426350864445,4.0,37.0
complaint,-2.36426350864445,4.0,37.0
is probably,-2.367737655573736,23.0,82.0
just anecdotal,-2.3691694740177187,1.0,28.0
gather,-2.3691694740177187,1.0,28.0
effectiveness ?,-2.3691694740177187,1.0,28.0
just their,-2.3691694740177187,1.0,28.0
says poor,-2.3691694740177187,1.0,28.0
technically possible,-2.3691694740177187,1.0,28.0
an overstatement,-2.3691694740177187,1.0,28.0
overstating it,-2.3691694740177187,1.0,28.0
people say,-2.374312559258818,5.0,40.0
claimed,-2.3743441640022223,13.0,60.0
said i,-2.3785695142336705,690.0,1166.0
to find,-2.3795618038557294,8.0,48.0
that standard,-2.3807107203911895,10.0,53.0
notice,-2.3821303879640907,30.0,97.0
i keep,-2.387377539646726,55.0,146.0
rule for,-2.3878317768936568,6.0,43.0
link to,-2.3885110863200962,12.0,58.0
advisory,-2.391036909285914,0.0,25.0
analyses,-2.391036909285914,0.0,25.0
coach's claim,-2.391036909285914,0.0,25.0
forum is,-2.391036909285914,0.0,25.0
government source,-2.391036909285914,0.0,25.0
evidence should,-2.391036909285914,0.0,25.0
scope,-2.391036909285914,0.0,25.0
problem ?,-2.391036909285914,0.0,25.0
cite one,-2.391036909285914,0.0,25.0
organisations,-2.391036909285914,0.0,25.0
explain what,-2.391036909285914,0.0,25.0
actually measured,-2.391036909285914,0.0,25.0
what's that,-2.391036909285914,0.0,25.0
claim isn't,-2.391036909285914,0.0,25.0
approach ?,-2.391036909285914,0.0,25.0
repeating a,-2.391036909285914,0.0,25.0
at renewal,-2.391036909285914,0.0,25.0
compatibility,-2.391036909285914,0.0,25.0
or test,-2.391036909285914,0.0,25.0
or extension,-2.391036909285914,0.0,25.0
plumbing,-2.400233675843469,9.0,51.0
cancer is,-2.400233675843469,9.0,51.0
bacteria is,-2.4039951677657907,7.0,46.0
developer,-2.4052832370866315,3.0,35.0
lists,-2.4052832370866315,3.0,35.0
consensus ?,-2.406789264377146,2.0,32.0
horticultural,-2.409893674955378,4.0,38.0
if that,-2.409893674955378,4.0,38.0
compare the,-2.409893674955378,4.0,38.0
real study,-2.409893674955378,4.0,38.0
backing,-2.409893674955378,4.0,38.0
sales,-2.4105023235714786,36.0,110.0
financial,-2.4134906296086607,41.0,120.0
keep seeing,-2.41427858158491,21.0,79.0
i consider,-2.416684595391967,1.0,29.0
of just,-2.416684595391967,1.0,29.0
life ?,-2.416684595391967,1.0,29.0
pediatric,-2.416684595391967,1.0,29.0
damage ?,-2.416684595391967,1.0,29.0
status,-2.416684595391967,1.0,29.0
the employee's,-2.416684595391967,1.0,29.0
employee's,-2.416684595391967,1.0,29.0
cause ?,-2.4190590854752223,5.0,41.0
where i,-2.4190590854752223,5.0,41.0
my vet,-2.4190590854752223,5.0,41.0
trade,-2.4190590854752223,5.0,41.0
a scientific,-2.4190590854752223,5.0,41.0
legitimate,-2.428127639145625,15.0,66.0
tire pressure,-2.428127639145625,15.0,66.0
removal,-2.4286960838741103,12.0,59.0
credible,-2.4286960838741103,12.0,59.0
told me,-2.4303028639011717,288.0,543.0
you must,-2.4365030551182487,247.0,477.0
didn't,-2.4374887241026997,85.0,203.0
limits ?,-2.4383900316465565,0.0,26.0
that recommendation,-2.4383900316465565,0.0,26.0
they measured,-2.4383900316465565,0.0,26.0
code can,-2.4383900316465565,0.0,26.0
rules on,-2.4383900316465565,0.0,26.0
rules for,-2.4383900316465565,0.0,26.0
vague,-2.4383900316465565,0.0,26.0
you check,-2.4383900316465565,0.0,26.0
what signs,-2.4383900316465565,0.0,26.0
research comparing,-2.4383900316465565,0.0,26.0
show that,-2.4383900316465565,0.0,26.0
should lower,-2.4383900316465565,0.0,26.0
show him,-2.4383900316465565,0.0,26.0
data not,-2.4383900316465565,0.0,26.0
technical source,-2.4383900316465565,0.0,26.0
dermatological evidence,-2.4383900316465565,0.0,26.0
agencies say,-2.4383900316465565,0.0,26.0
fearmongering i'll,-2.4383900316465565,0.0,26.0
guideline on,-2.4383900316465565,0.0,26.0
traction is,-2.4383900316465565,0.0,26.0
or official,-2.4383900316465565,0.0,26.0
his claim,-2.4383900316465565,0.0,26.0
what a,-2.4383900316465565,0.0,26.0
i'll inspect,-2.4383900316465565,0.0,26.0
exaggerated ?,-2.4383900316465565,0.0,26.0
rather see,-2.4383900316465565,0.0,26.0
i'm skeptical,-2.4383900316465565,0.0,26.0
hard rule,-2.440162685941212,14.0,64.0
night vision,-2.4449074211127946,11.0,57.0
ratio,-2.446941587871762,7.0,47.0
rule is,-2.4502428515394508,65.0,167.0
pressure for,-2.450931955615138,3.0,36.0
an energy,-2.450931955615138,3.0,36.0
how they,-2.450931955615138,3.0,36.0
conclusion,-2.450931955615138,3.0,36.0
vpn on,-2.4530579472189125,2.0,33.0
check those,-2.4530579472189125,2.0,33.0
company's,-2.4530579472189125,2.0,33.0
study behind,-2.454781384657893,4.0,39.0
the security,-2.454781384657893,4.0,39.0
4 000,-2.454781384657893,4.0,39.0
that up,-2.454781384657893,4.0,39.0
salesperson said,-2.4565011867135165,220.0,434.0
a fixed,-2.463119231025047,5.0,42.0
landlord wants,-2.463119231025047,5.0,42.0
do those,-2.463119231025047,5.0,42.0
recommend ?,-2.463119231025047,5.0,42.0
what study,-2.4633005206925254,1.0,30.0
typically,-2.4633005206925254,1.0,30.0
evidence or,-2.4633005206925254,1.0,30.0
it's actually,-2.4633005206925254,1.0,30.0
a soil,-2.4633005206925254,1.0,30.0
anode rod,-2.4633005206925254,1.0,30.0
can install,-2.4633005206925254,1.0,30.0
handyman,-2.46597048439511,62.0,162.0
unless i,-2.466413706561559,15.0,67.0
rule of,-2.474884208039634,6.0,45.0
should follow,-2.474884208039634,6.0,45.0
warranty and,-2.474884208039634,6.0,45.0
on one,-2.4832001104357158,9.0,53.0
requirements for,-2.484841013824887,0.0,27.0
that guidance,-2.484841013824887,0.0,27.0
that optimal,-2.484841013824887,0.0,27.0
before agreeing,-2.484841013824887,0.0,27.0
controlled study,-2.484841013824887,0.0,27.0
exact wording,-2.484841013824887,0.0,27.0
manufacturer source,-2.484841013824887,0.0,27.0
randomized,-2.484841013824887,0.0,27.0
gov uk,-2.484841013824887,0.0,27.0
prices ?,-2.484841013824887,0.0,27.0
source should,-2.484841013824887,0.0,27.0
overstates,-2.484841013824887,0.0,27.0
the store's,-2.484841013824887,0.0,27.0
survey ?,-2.484841013824887,0.0,27.0
performance ?,-2.484841013824887,0.0,27.0
counts,-2.484984672766928,11.0,58.0
benefit,-2.485895756305947,21.0,81.0
folk,-2.4958178224659826,3.0,37.0
see how,-2.4958178224659826,3.0,37.0
management,-2.4958178224659826,3.0,37.0
finding,-2.4958178224659826,3.0,37.0
a fair,-2.4958178224659826,3.0,37.0
hmrc,-2.498513413675522,2.0,34.0
researchers,-2.498513413675522,2.0,34.0
manual's,-2.498513413675522,2.0,34.0
find it,-2.498513413675522,2.0,34.0
follow a,-2.498513413675522,2.0,34.0
universal i'll,-2.498513413675522,2.0,34.0
a summary,-2.498513413675522,2.0,34.0
features,-2.498513413675522,2.0,34.0
test for,-2.498513413675522,2.0,34.0
doorbell,-2.4989594143573965,4.0,40.0
records,-2.4989594143573965,4.0,40.0
should set,-2.4989594143573965,4.0,40.0
interview ?,-2.4989594143573965,4.0,40.0
mesh,-2.5006249993288003,93.0,220.0
that possible,-2.5031210793346834,24.0,88.0
comfort,-2.503403006611023,10.0,56.0
approach,-2.505790943842834,8.0,51.0
tell if,-2.506521238614068,5.0,43.0
on actual,-2.506521238614068,5.0,43.0
my actual,-2.5090657805809853,1.0,31.0
reliability,-2.5090657805809853,1.0,31.0
overstatement,-2.5090657805809853,1.0,31.0
coworker's,-2.5090657805809853,1.0,31.0
the chemistry,-2.5090657805809853,1.0,31.0
exactly ?,-2.5090657805809853,1.0,31.0
vpn,-2.5100802417862806,67.0,173.0
that safe,-2.517412939951311,69.0,177.0
a blanket,-2.517483158129382,6.0,46.0
being,-2.5176069194479203,51.0,143.0
salesman said,-2.519341919746472,62.0,164.0
know my,-2.5239157587904772,9.0,54.0
primary,-2.5239157587904772,9.0,54.0
physical,-2.5239157587904772,9.0,54.0
thought that,-2.5246083545899163,11.0,59.0
red flag,-2.530057668007055,16.0,71.0
? should,-2.5304395377537956,0.0,28.0
warning ?,-2.5304395377537956,0.0,28.0
those ?,-2.5304395377537956,0.0,28.0
misleading ?,-2.5304395377537956,0.0,28.0
video doorbell,-2.5304395377537956,0.0,28.0
where that,-2.5304395377537956,0.0,28.0
find those,-2.5304395377537956,0.0,28.0
port forwarding,-2.5304395377537956,0.0,28.0
terms ?,-2.5304395377537956,0.0,28.0
recommendations ?,-2.5304395377537956,0.0,28.0
source before,-2.5304395377537956,0.0,28.0
a dermatology,-2.5304395377537956,0.0,28.0
a peer,-2.5304395377537956,0.0,28.0
methodology so,-2.5304395377537956,0.0,28.0
more reliable,-2.5304395377537956,0.0,28.0
epa guidance,-2.5304395377537956,0.0,28.0
treat it,-2.531072809653073,13.0,64.0
study is,-2.531094115568831,7.0,49.0
isn't a,-2.531094115568831,7.0,49.0
own,-2.5339742093013453,85.0,207.0
but is,-2.539976008246217,3.0,38.0
a security,-2.541609691429325,32.0,106.0
is overblown,-2.542458294336534,4.0,41.0
combining,-2.5431957555907507,2.0,35.0
wifi 6,-2.5431957555907507,2.0,35.0
that incognito,-2.5431957555907507,2.0,35.0
that can,-2.5431957555907507,2.0,35.0
does a,-2.5431957555907507,2.0,35.0
evidence i'll,-2.5431957555907507,2.0,35.0
sizes,-2.5431957555907507,2.0,35.0
renewal,-2.543337293765143,10.0,57.0
request,-2.5467903556551303,8.0,52.0
i'll not,-2.5467903556551303,8.0,52.0
ventilation,-2.5492915550952167,5.0,44.0
water ?,-2.5492915550952167,5.0,44.0
original study,-2.5540247350492886,1.0,32.0
people ?,-2.5540247350492886,1.0,32.0
psi in,-2.5540247350492886,1.0,32.0
influencer is,-2.5540247350492886,1.0,32.0
i'll place,-2.5540247350492886,1.0,32.0
a guess,-2.5540247350492886,1.0,32.0
a magic,-2.5540247350492886,1.0,32.0
readings,-2.5540247350492886,1.0,32.0
flag,-2.5559344987366712,17.0,74.0
get an,-2.5559344987366712,17.0,74.0
score is,-2.559495015860249,6.0,47.0
by any,-2.559495015860249,6.0,47.0
that legally,-2.5641415481071714,9.0,55.0
minimum,-2.5653542985057105,44.0,131.0
primary source,-2.575230886184481,0.0,29.0
veterinary source,-2.575230886184481,0.0,29.0
if this,-2.575230886184481,0.0,29.0
before signing,-2.575230886184481,0.0,29.0
what was,-2.575230886184481,0.0,29.0
drive that,-2.575230886184481,0.0,29.0
and why,-2.575230886184481,0.0,29.0
find studies,-2.575230886184481,0.0,29.0
the guidance,-2.575230886184481,0.0,29.0
i search,-2.575230886184481,0.0,29.0
arbitrary,-2.575230886184481,0.0,29.0
comparative,-2.575230886184481,0.0,29.0
camera's,-2.575230886184481,0.0,29.0
assuming,-2.575230886184481,0.0,29.0
proper shampoo,-2.575230886184481,0.0,29.0
extension source,-2.575230886184481,0.0,29.0
size and,-2.575230886184481,0.0,29.0
forwarding,-2.575230886184481,0.0,29.0
find information,-2.575230886184481,0.0,29.0
that compares,-2.575230886184481,0.0,29.0
can look,-2.575230886184481,0.0,29.0
blanket statement,-2.575230886184481,0.0,29.0
dermatologist,-2.5790364843745976,15.0,70.0
i'm in,-2.5828143650052025,10.0,58.0
better ?,-2.5828143650052025,10.0,58.0
shop is,-2.585306512471479,4.0,42.0
schedule ?,-2.585306512471479,4.0,42.0
actually supported,-2.5871419464634013,2.0,36.0
tires is,-2.5871419464634013,2.0,36.0
my policy,-2.587281256376535,8.0,53.0
is being,-2.587281256376535,8.0,53.0
a better,-2.587281256376535,8.0,53.0
argument,-2.59145498243271,5.0,45.0
have a,-2.5923242123656642,177.0,370.0
120 f,-2.598218054664832,1.0,33.0
textile,-2.598218054664832,1.0,33.0
understand why,-2.598218054664832,1.0,33.0
review that,-2.598218054664832,1.0,33.0
of thumb,-2.598218054664832,1.0,33.0
push back,-2.598218054664832,1.0,33.0
just marketing,-2.600941401837407,6.0,48.0
is an,-2.605055812767585,24.0,91.0
link,-2.6163222093581684,68.0,179.0
to where,-2.6192564694546285,0.0,30.0
buying thanks,-2.6192564694546285,0.0,30.0
oversimplifies,-2.6192564694546285,0.0,30.0
is repeating,-2.6192564694546285,0.0,30.0
statement is,-2.6192564694546285,0.0,30.0
verify if,-2.6192564694546285,0.0,30.0
confirm the,-2.6192564694546285,0.0,30.0
when to,-2.6192564694546285,0.0,30.0
comparisons ?,-2.6192564694546285,0.0,30.0
optimal ?,-2.6192564694546285,0.0,30.0
a vpn,-2.6243176142312685,46.0,137.0
studies are,-2.626237576777834,3.0,40.0
should run,-2.626237576777834,3.0,40.0
preference,-2.6275306954192432,4.0,43.0
supporting that,-2.630386165419836,2.0,37.0
needed ?,-2.630386165419836,2.0,37.0
that having,-2.630386165419836,2.0,37.0
there clinical,-2.6330348130945813,5.0,46.0
rule or,-2.6330348130945813,5.0,46.0
says you,-2.6331985358208905,513.0,915.0
sediment,-2.6416831331390673,1.0,34.0
thickness,-2.6416831331390673,1.0,34.0
mitigation,-2.6416831331390673,1.0,34.0
to cite,-2.6416831331390673,1.0,34.0
always is,-2.6416831331390673,1.0,34.0
reasonable ?,-2.6416831331390673,1.0,34.0
consider a,-2.6416831331390673,1.0,34.0
i'll decline,-2.6416831331390673,1.0,34.0
forum advice,-2.6416831331390673,1.0,34.0
so his,-2.6418427070645456,6.0,49.0
basis ?,-2.6418427070645456,6.0,49.0
don't,-2.6458516024325287,706.0,1216.0
written ?,-2.6625542738304997,0.0,31.0
explains the,-2.6625542738304997,0.0,31.0
anecdote,-2.6625542738304997,0.0,31.0
science data,-2.6625542738304997,0.0,31.0
i'll search,-2.6625542738304997,0.0,31.0
idea come,-2.6625542738304997,0.0,31.0
the basis,-2.6625542738304997,0.0,31.0
myth come,-2.6625542738304997,0.0,31.0
interval for,-2.6625542738304997,0.0,31.0
find research,-2.6625542738304997,0.0,31.0
whether the,-2.6625542738304997,0.0,31.0
rigid,-2.6625542738304997,0.0,31.0
on combining,-2.6625542738304997,0.0,31.0
does research,-2.6625542738304997,0.0,31.0
should ignore,-2.6625542738304997,0.0,31.0
extra effort,-2.6625542738304997,0.0,31.0
you referring,-2.6625542738304997,0.0,31.0
dandruff is,-2.6662282128253048,14.0,70.0
a claim,-2.666803110079355,8.0,55.0
a clinical,-2.666803110079355,8.0,55.0
determine,-2.668399559994951,3.0,41.0
are actually,-2.668399559994951,3.0,41.0
to ?,-2.6691557700514053,4.0,44.0
diagnosis,-2.6691557700514053,4.0,44.0
supporting,-2.672960079676614,2.0,38.0
actual rule,-2.672960079676614,2.0,38.0
numbers ?,-2.672960079676614,2.0,38.0
i've read,-2.674052951759822,5.0,47.0
the risk,-2.6755496682536464,16.0,75.0
repair,-2.681818417759988,180.0,380.0
is risky,-2.682029985429934,9.0,58.0
reference,-2.6822181854401874,6.0,50.0
a calculator,-2.684454442769684,1.0,35.0
look like,-2.684454442769684,1.0,35.0
trusting,-2.684454442769684,1.0,35.0
myth i'll,-2.684454442769684,1.0,35.0
research showing,-2.684454442769684,1.0,35.0
all are,-2.684454442769684,1.0,35.0
recommend for,-2.684454442769684,1.0,35.0
? that,-2.6884941131008158,15.0,73.0
scam,-2.692722698340428,34.0,115.0
tire,-2.7009379448395077,129.0,293.0
on any,-2.7026688245539083,20.0,85.0
would actually,-2.7051592452384434,0.0,32.0
i'll research,-2.7051592452384434,0.0,32.0
store's,-2.7051592452384434,0.0,32.0
or source,-2.7051592452384434,0.0,32.0
gfci is,-2.7051592452384434,0.0,32.0
give examples,-2.7051592452384434,0.0,32.0
doe,-2.7051592452384434,0.0,32.0
page that,-2.7051592452384434,0.0,32.0
referring,-2.7051592452384434,0.0,32.0
referring to,-2.7051592452384434,0.0,32.0
any testing,-2.7051592452384434,0.0,32.0
reviews ?,-2.7051592452384434,0.0,32.0
the gov,-2.7051592452384434,0.0,32.0
can read,-2.7058648290693013,8.0,56.0
common,-2.709719606185562,43.0,134.0
that specific,-2.7099514676753054,3.0,42.0
is mostly,-2.7099514676753054,3.0,42.0
independent testing,-2.7099514676753054,3.0,42.0
speed is,-2.7099514676753054,3.0,42.0
a building,-2.7102051076650153,4.0,45.0
say that,-2.7181063355059574,13.0,69.0
as a,-2.7209117872992654,141.0,315.0
clause,-2.7226585382359896,18.0,81.0
official site,-2.7265638420882663,1.0,36.0
and test,-2.7265638420882663,1.0,36.0
physics,-2.736413421564526,10.0,62.0
the irs,-2.744479674758748,8.0,57.0
fair,-2.7447304656465787,23.0,93.0
manufacturer statement,-2.747103619414271,0.0,33.0
the contractor's,-2.747103619414271,0.0,33.0
uk page,-2.747103619414271,0.0,33.0
misleading what,-2.747103619414271,0.0,33.0
and consider,-2.747103619414271,0.0,33.0
any manufacturer,-2.747103619414271,0.0,33.0
shouldn't rely,-2.747103619414271,0.0,33.0
card with,-2.747103619414271,0.0,33.0
replacement ?,-2.747103619414271,0.0,33.0
want something,-2.747103619414271,0.0,33.0
data before,-2.747103619414271,0.0,33.0
what counts,-2.747103619414271,0.0,33.0
so unless,-2.747103619414271,0.0,33.0
independent test,-2.747103619414271,0.0,33.0
measurable,-2.747103619414271,0.0,33.0
is just,-2.750323426798183,71.0,190.0
any medical,-2.750700653132114,4.0,46.0
on what,-2.750917950830223,3.0,43.0
programme,-2.750917950830223,3.0,43.0
any scientific,-2.750917950830223,3.0,43.0
how should,-2.750917950830223,3.0,43.0
a contractor,-2.752435021354263,61.0,171.0
situation,-2.7544854801004734,5.0,49.0
guidelines say,-2.7562125566141944,2.0,40.0
exaggerating i'll,-2.7562125566141944,2.0,40.0
considered,-2.7562125566141944,2.0,40.0
a comparison,-2.7562125566141944,2.0,40.0
wpa3,-2.7562125566141944,2.0,40.0
a dermatologist,-2.75843623713283,9.0,60.0
year is,-2.7677863769789277,30.0,109.0
matter ?,-2.7680408433032615,1.0,37.0
search for,-2.7680408433032615,1.0,37.0
a typical,-2.7680408433032615,1.0,37.0
organisation,-2.7680408433032615,1.0,37.0
correct ?,-2.770063675462052,24.0,96.0
? that's,-2.7703490217376157,20.0,87.0
modern,-2.7817967339357277,63.0,176.0
should use,-2.7855589312566935,22.0,92.0
written,-2.786632885458351,33.0,116.0
specific article,-2.7884172073407574,0.0,34.0
intervals ?,-2.7884172073407574,0.0,34.0
specific law,-2.7884172073407574,0.0,34.0
not panic,-2.7884172073407574,0.0,34.0
need something,-2.7884172073407574,0.0,34.0
what source,-2.7884172073407574,0.0,34.0
law or,-2.7884172073407574,0.0,34.0
a consensus,-2.7884172073407574,0.0,34.0
differences,-2.7884172073407574,0.0,34.0
should treat,-2.7884172073407574,0.0,34.0
guide that,-2.7884172073407574,0.0,34.0
find an,-2.7884172073407574,0.0,34.0
check whether,-2.7884172073407574,0.0,34.0
see their,-2.7884172073407574,0.0,34.0
documentation,-2.7913220898733617,3.0,44.0
me ?,-2.7913220898733617,3.0,44.0
utility,-2.793937674959761,5.0,50.0
paper,-2.7943992003563993,53.0,157.0
the mechanism,-2.7969439730615298,2.0,41.0
a consumer,-2.7969439730615298,2.0,41.0
bike,-2.797085423048681,56.0,163.0
wi,-2.8004937105868306,39.0,129.0
wi fi,-2.8004937105868306,39.0,129.0
a rule,-2.8034014614700093,29.0,108.0
if there's,-2.807790580536974,12.0,69.0
savings ?,-2.808912845748951,1.0,38.0
provide,-2.8093510930301084,7.0,56.0
experiment,-2.8093510930301084,7.0,56.0
long term,-2.8098857364362173,14.0,74.0
quote,-2.8100211830447175,23.0,95.0
the legal,-2.8204224560765025,8.0,59.0
that rule,-2.8204224560765025,8.0,59.0
nodes,-2.8204224560765025,8.0,59.0
if they,-2.8228779933805312,87.0,223.0
of a,-2.8262845451585363,72.0,195.0
for modern,-2.826740115896779,11.0,67.0
a food,-2.8271919118165236,25.0,100.0
on dandruff,-2.829127643158791,0.0,35.0
a systematic,-2.829127643158791,0.0,35.0
actual studies,-2.829127643158791,0.0,35.0
manual if,-2.829127643158791,0.0,35.0
tactic,-2.829127643158791,0.0,35.0
extension guide,-2.829127643158791,0.0,35.0
verify ?,-2.829127643158791,0.0,35.0
me which,-2.829127643158791,0.0,35.0
independent tests,-2.829127643158791,0.0,35.0
citation for,-2.829127643158791,0.0,35.0
compares,-2.829127643158791,0.0,35.0
find evidence,-2.829127643158791,0.0,35.0
warranty terms,-2.829127643158791,0.0,35.0
forum's claim,-2.829127643158791,0.0,35.0
any building,-2.829127643158791,0.0,35.0
quality ?,-2.829127643158791,0.0,35.0
pyrithione,-2.829127643158791,0.0,35.0
pyrithione shampoo,-2.829127643158791,0.0,35.0
requirements ?,-2.829127643158791,0.0,35.0
report and,-2.829127643158791,0.0,35.0
the cochrane,-2.829127643158791,0.0,35.0
zinc pyrithione,-2.829127643158791,0.0,35.0
authority,-2.830111699005221,4.0,48.0
loss ?,-2.8311855284573806,3.0,45.0
the uk,-2.832903958925433,5.0,51.0
risk of,-2.832903958925433,5.0,51.0
any real,-2.832903958925433,5.0,51.0
repeat,-2.833210958782288,9.0,62.0
scam ?,-2.8371111529673336,2.0,42.0
practical,-2.8371111529673336,2.0,42.0
i'll focus,-2.837277693938443,17.0,82.0
to just,-2.843658187106573,12.0,70.0
trial ?,-2.8492053404530355,1.0,39.0
trainer is,-2.8492053404530355,1.0,39.0
water quality,-2.8492053404530355,1.0,39.0
hiring,-2.8503359626801203,16.0,80.0
recent,-2.8577756925695597,8.0,60.0
fi,-2.8579591336589765,39.0,131.0
factors,-2.858851564544168,25.0,101.0
fluoride,-2.861388108440764,13.0,73.0
database,-2.8690649437593785,4.0,49.0
a zinc,-2.8692606004114998,0.0,36.0
review or,-2.8692606004114998,0.0,36.0
analysis on,-2.8692606004114998,0.0,36.0
benchmarks,-2.8692606004114998,0.0,36.0
a controlled,-2.8692606004114998,0.0,36.0
ad's,-2.8692606004114998,0.0,36.0
health ?,-2.8692606004114998,0.0,36.0
actual numbers,-2.8692606004114998,0.0,36.0
to calculate,-2.8692606004114998,0.0,36.0
information on,-2.8692606004114998,0.0,36.0
at ?,-2.8692606004114998,0.0,36.0
actually necessary,-2.8692606004114998,0.0,36.0
sample size,-2.8692606004114998,0.0,36.0
extension service,-2.8692606004114998,0.0,36.0
the ad's,-2.8692606004114998,0.0,36.0
fail is,-2.8700151483473664,9.0,63.0
that supports,-2.8705285932141003,3.0,46.0
unless,-2.8760850241827973,57.0,168.0
guides,-2.876736371389634,2.0,43.0
not universal,-2.876736371389634,2.0,43.0
a reasonable,-2.876736371389634,2.0,43.0
the effect,-2.883682027591753,10.0,66.0
dispute,-2.8847374814605575,7.0,58.0
before changing,-2.888942090053839,1.0,40.0
effectiveness,-2.888942090053839,1.0,40.0
know which,-2.888942090053839,1.0,40.0
window,-2.889643972605518,203.0,431.0
against,-2.891741120954331,37.0,128.0
sealing,-2.8947327336560384,8.0,61.0
actually do,-2.8947327336560384,8.0,61.0
ask the,-2.8963976462361103,13.0,74.0
tech,-2.8980835531225755,173.0,380.0
me a,-2.9006535087421264,119.0,285.0
concern,-2.9075400641502482,4.0,50.0
that you,-2.908370124625998,42.0,139.0
skeptical,-2.908839981429151,0.0,37.0
limitations ?,-2.908839981429151,0.0,37.0
city ?,-2.908839981429151,0.0,37.0
i decide,-2.908839981429151,0.0,37.0
evaluate,-2.908839981429151,0.0,37.0
rate ?,-2.908839981429151,0.0,37.0
where's,-2.908839981429151,0.0,37.0
works are,-2.908839981429151,0.0,37.0
statement on,-2.908839981429151,0.0,37.0
? could,-2.908839981429151,0.0,37.0
actually show,-2.908839981429151,0.0,37.0
practice ?,-2.9093704011501598,3.0,47.0
degradation,-2.9143832837059196,6.0,56.0
view,-2.9143832837059196,6.0,56.0
exposure,-2.9143832837059196,6.0,56.0
detection,-2.9158405001161687,2.0,44.0
is giving,-2.9158405001161687,2.0,44.0
so for,-2.9158405001161687,2.0,44.0
to decide,-2.9158405001161687,2.0,44.0
that evidence,-2.9158405001161687,2.0,44.0
their video,-2.9281452875877747,1.0,41.0
store is,-2.9281452875877747,1.0,41.0
lead is,-2.9281452875877747,1.0,41.0
consider it,-2.9281452875877747,1.0,41.0
any official,-2.9281452875877747,1.0,41.0
model ?,-2.9281452875877747,1.0,41.0
a guideline,-2.9281452875877747,1.0,41.0
correct,-2.929220832536349,92.0,237.0
battery is,-2.931047609479696,34.0,123.0
data so,-2.9313048420601713,8.0,62.0
city,-2.939778975452934,32.0,119.0
air sealing,-2.9477289562012836,3.0,48.0
settings,-2.9477289562012836,3.0,48.0
compared to,-2.9477289562012836,3.0,48.0
outdated ?,-2.947888083823278,0.0,38.0
is overselling,-2.947888083823278,0.0,38.0
show her,-2.947888083823278,0.0,38.0
comparison ?,-2.947888083823278,0.0,38.0
find official,-2.947888083823278,0.0,38.0
or review,-2.947888083823278,0.0,38.0
see actual,-2.947888083823278,0.0,38.0
that applying,-2.947888083823278,0.0,38.0
contractor's,-2.947888083823278,0.0,38.0
is using,-2.947888083823278,0.0,38.0
and whether,-2.947888083823278,0.0,38.0
a veterinary,-2.947888083823278,0.0,38.0
when is,-2.947888083823278,0.0,38.0
regulator,-2.954443126802512,2.0,45.0
monitor,-2.9582448853620376,18.0,88.0
but i've,-2.958495864887288,7.0,60.0
just because,-2.966835697090189,1.0,42.0
look it,-2.966835697090189,1.0,42.0
organizations,-2.966835697090189,1.0,42.0
methods ?,-2.966835697090189,1.0,42.0
? i'm,-2.9689992595422097,11.0,71.0
valve,-2.978220938826235,9.0,66.0
position,-2.978220938826235,9.0,66.0
a hard,-2.9786398126788636,22.0,98.0
i'd rather,-2.979764929382864,30.0,116.0
control,-2.9809523493330587,36.0,129.0
intervals,-2.9831204074070112,4.0,52.0
testing ?,-2.985621236238165,3.0,49.0
options,-2.985621236238165,3.0,49.0
numbers so,-2.985621236238165,3.0,49.0
source i,-2.9864257473834064,0.0,39.0
i'll verify,-2.9864257473834064,0.0,39.0
overstated i'll,-2.9864257473834064,0.0,39.0
scare,-2.9864257473834064,0.0,39.0
organization,-2.9864257473834064,0.0,39.0
oversimplifying what,-2.9864257473834064,0.0,39.0
the sample,-2.9864257473834064,0.0,39.0
outlet,-2.988287515987367,6.0,58.0
a universal,-2.990376600454195,10.0,69.0
ignore the,-2.9908720000982316,18.0,89.0
compliant,-2.9925626615432717,2.0,46.0
law ?,-2.9925626615432717,2.0,46.0
sounds like,-2.9995994768876275,13.0,77.0
firmware,-3.0033368598720003,8.0,64.0
my water,-3.003677008615167,31.0,119.0
actual risk,-3.0050327784823425,1.0,43.0
evidence say,-3.0050327784823425,1.0,43.0
interval ?,-3.0050327784823425,1.0,43.0
that still,-3.0142428234871588,44.0,147.0
conditions,-3.0180282488425583,16.0,85.0
a test,-3.0202332864769335,21.0,97.0
based ?,-3.0209921103548067,5.0,56.0
my area,-3.0209921103548067,5.0,56.0
policy ?,-3.023063271640716,3.0,50.0
the usda,-3.0244724841240562,0.0,40.0
that washing,-3.0244724841240562,0.0,40.0
the measurements,-3.0244724841240562,0.0,40.0
effect size,-3.0244724841240562,0.0,40.0
section ?,-3.0244724841240562,0.0,40.0
radon,-3.038180342603754,11.0,73.0
that an,-3.0388169278423884,8.0,65.0
i test,-3.0427547988303627,1.0,44.0
behavior,-3.0427547988303627,1.0,44.0
the agent's,-3.0427547988303627,1.0,44.0
studies say,-3.0427547988303627,1.0,44.0
it's false,-3.0427547988303627,1.0,44.0
did the,-3.052121824066857,12.0,76.0
dermatology,-3.0569732527237896,4.0,54.0
lifespan ?,-3.062046593785829,0.0,41.0
i calculate,-3.062046593785829,0.0,41.0
estimates,-3.062046593785829,0.0,41.0
studies or,-3.062046593785829,0.0,41.0
area ?,-3.062046593785829,0.0,41.0
risks ?,-3.062046593785829,0.0,41.0
to an,-3.0660834666159342,15.0,84.0
durability,-3.067420771557333,2.0,48.0
read about,-3.067420771557333,2.0,48.0
bike shop,-3.074595896951154,19.0,94.0
safety ?,-3.0800189317440716,1.0,45.0
find my,-3.0800189317440716,1.0,45.0
do to,-3.0800189317440716,1.0,45.0
a valid,-3.083316759466383,9.0,69.0
you should,-3.0915851016336946,372.0,726.0
the studies,-3.0932861496317816,4.0,55.0
agencies,-3.0932861496317816,4.0,55.0
a university,-3.0933392321946633,5.0,58.0
it myself,-3.094118433704477,10.0,72.0
that tested,-3.0966564126388727,3.0,52.0
just an,-3.0966564126388727,3.0,52.0
there independent,-3.0966564126388727,3.0,52.0
labour,-3.099165266730922,0.0,42.0
i'd want,-3.099165266730922,0.0,42.0
nec section,-3.099165266730922,0.0,42.0
source or,-3.099165266730922,0.0,42.0
clinical trials,-3.099165266730922,0.0,42.0
is oversimplified,-3.099165266730922,0.0,42.0
timing,-3.100202983700572,13.0,80.0
i don't,-3.103776814627621,470.0,886.0
ratings,-3.10419109228291,2.0,49.0
about the,-3.112937938350473,48.0,159.0
examples of,-3.1168413464192932,1.0,46.0
heater,-3.117290404532261,37.0,136.0
valid,-3.1196738422357573,31.0,123.0
the coach's,-3.129206940527979,4.0,56.0
cdc,-3.129206940527979,4.0,56.0
coach's,-3.1314795571662697,6.0,62.0
coach is,-3.1328354491280725,3.0,53.0
reports,-3.133189464524047,13.0,81.0
what did,-3.1358446758748277,0.0,43.0
could you,-3.1358446758748277,0.0,43.0
find reliable,-3.1358446758748277,0.0,43.0
verify before,-3.1358446758748277,0.0,43.0
what data,-3.1358446758748277,0.0,43.0
criteria,-3.1358446758748277,0.0,43.0
that code,-3.1358446758748277,0.0,43.0
before spending,-3.1358446758748277,0.0,43.0
explanation ?,-3.1358446758748277,0.0,43.0
that review,-3.1358446758748277,0.0,43.0
dental,-3.1399366336474563,28.0,117.0
my specific,-3.1405419593220776,2.0,50.0
like a,-3.1482778647450287,31.0,124.0
reliable ?,-3.1517686953824775,9.0,71.0
energy audit,-3.153237287608066,1.0,47.0
my rights,-3.153237287608066,1.0,47.0
agent's,-3.153237287608066,1.0,47.0
shampoo,-3.153633638464273,23.0,106.0
rate,-3.154480615426596,67.0,199.0
my city,-3.1641825942629684,5.0,60.0
how much,-3.16467982326709,33.0,129.0
engineering,-3.1647475304393486,4.0,57.0
quotes,-3.166379052982838,6.0,63.0
examples,-3.166379052982838,6.0,63.0
friend's,-3.168488858349953,19.0,97.0
why does,-3.168620214693851,3.0,54.0
made up,-3.168620214693851,3.0,54.0
code compliant,-3.1721000590491992,0.0,44.0
compare with,-3.1721000590491992,0.0,44.0
read ?,-3.1721000590491992,0.0,44.0
compliant ?,-3.1721000590491992,0.0,44.0
blanket rule,-3.1721000590491992,0.0,44.0
data comparing,-3.1721000590491992,0.0,44.0
specific source,-3.1721000590491992,0.0,44.0
oversimplified i'll,-3.1721000590491992,0.0,44.0
levels,-3.180256659077652,14.0,85.0
that says,-3.181531132040768,97.0,258.0
a plumber,-3.1818166968669614,35.0,134.0
use ?,-3.185206423886415,12.0,80.0
confirm that,-3.1892211476173573,1.0,48.0
definition,-3.1892211476173573,1.0,48.0
research actually,-3.1892211476173573,1.0,48.0
overselling,-3.1892211476173573,1.0,48.0
an,-3.194201118916785,1572.0,2600.0
appeal,-3.1951189397076685,10.0,75.0
science behind,-3.19906737129124,5.0,61.0
car ?,-3.19906737129124,5.0,61.0
he says,-3.2003815187912084,44.0,154.0
is likely,-3.2040229468185415,3.0,55.0
overblown,-3.205107222717834,7.0,67.0
percentage,-3.205107222717834,7.0,67.0
exaggerated i'll,-3.205107222717834,7.0,67.0
evaluates,-3.2079457929857074,0.0,45.0
is fearmongering,-3.2079457929857074,0.0,45.0
real world,-3.2079457929857074,0.0,45.0
evidence on,-3.2079457929857074,0.0,45.0
distinction,-3.2079457929857074,0.0,45.0
that evaluates,-3.2079457929857074,0.0,45.0
claims ?,-3.2079457929857074,0.0,45.0
upsell,-3.2079457929857074,0.0,45.0
university extension,-3.2079457929857074,0.0,45.0
if any,-3.2079457929857074,0.0,45.0
range ?,-3.2079457929857074,0.0,45.0
data or,-3.2079457929857074,0.0,45.0
safety source,-3.2079457929857074,0.0,45.0
blanket claim,-3.2079457929857074,0.0,45.0
anything ?,-3.210881379619007,16.0,91.0
recommend,-3.2117990762221926,30.0,124.0
method ?,-3.212039721449351,2.0,52.0
that realistic,-3.213870722024519,40.0,146.0
don't use,-3.2178005828993754,12.0,81.0
the fda,-3.2178005828993754,12.0,81.0
realistic ?,-3.2221674970262213,38.0,142.0
a review,-3.2241990785360417,22.0,106.0
level,-3.226656303897638,28.0,120.0
law,-3.231970122601543,159.0,374.0
product,-3.233175532195412,31.0,127.0
true or,-3.234732897584795,4.0,59.0
kind,-3.238642431239516,11.0,79.0
where should,-3.2390552760793465,3.0,56.0
post is,-3.2390552760793465,3.0,56.0
manufacturer guidance,-3.243395459939789,0.0,46.0
friend's claim,-3.243395459939789,0.0,46.0
did you,-3.243395459939789,0.0,46.0
systematic review,-3.243395459939789,0.0,46.0
that come,-3.243395459939789,0.0,46.0
rebate,-3.243395459939789,0.0,46.0
regulatory,-3.243395459939789,0.0,46.0
university,-3.243545556524656,18.0,97.0
recommendations,-3.247212043219918,2.0,53.0
privacy,-3.2552410578317117,28.0,121.0
moisture,-3.2579519024965338,17.0,95.0
regulation,-3.260006314737265,1.0,50.0
technical evidence,-3.260006314737265,1.0,50.0
research or,-3.260006314737265,1.0,50.0
me find,-3.260006314737265,1.0,50.0
document,-3.261023610884357,10.0,77.0
statistic,-3.261023610884357,10.0,77.0
actually a,-3.2690759303808417,6.0,66.0
reduction,-3.2710892126086324,11.0,80.0
packaging,-3.272585554594594,7.0,69.0
assessment,-3.27372826680556,3.0,57.0
what kind,-3.27372826680556,3.0,57.0
likely,-3.275847814825536,38.0,144.0
explain why,-3.278461907829799,0.0,47.0
publication,-3.278461907829799,0.0,47.0
okay what,-3.278461907829799,0.0,47.0
type,-3.2816230755795064,25.0,115.0
better is,-3.2820158643317674,2.0,54.0
multiple,-3.293566687687157,10.0,78.0
rules ?,-3.29483269867348,1.0,51.0
source from,-3.29483269867348,1.0,51.0
not rely,-3.29483269867348,1.0,51.0
anecdotal,-3.29483269867348,1.0,51.0
benchmark,-3.3033266713075435,4.0,61.0
spending,-3.3109693207709645,8.0,73.0
and how,-3.313157304646832,0.0,48.0
the nec,-3.313157304646832,0.0,48.0
what research,-3.313157304646832,0.0,48.0
the methodology,-3.313157304646832,0.0,48.0
want evidence,-3.313157304646832,0.0,48.0
why would,-3.313157304646832,0.0,48.0
the study,-3.320679642768148,15.0,92.0
maintenance,-3.324228663741121,39.0,148.0
usage,-3.3292972567287578,1.0,52.0
data showing,-3.3292972567287578,1.0,52.0
rates ?,-3.3292972567287578,1.0,52.0
myself ?,-3.3292972567287578,1.0,52.0
trials ?,-3.3292972567287578,1.0,52.0
search,-3.33485151175326,16.0,95.0
the current,-3.335210548604504,11.0,82.0
the recommended,-3.3359592064663186,6.0,68.0
i tell,-3.3359592064663186,6.0,68.0
that mean,-3.3371260020479316,4.0,62.0
that technically,-3.338860679904071,7.0,71.0
interference,-3.3420378792570244,3.0,59.0
outcomes ?,-3.3474931877884764,0.0,49.0
name one,-3.3474931877884764,0.0,49.0
confirm ?,-3.3474931877884764,0.0,49.0
article ?,-3.3474931877884764,0.0,49.0
gov,-3.3474931877884764,0.0,49.0
independent data,-3.3474931877884764,0.0,49.0
i compare,-3.3474931877884764,0.0,49.0
test data,-3.3474931877884764,0.0,49.0
blog's advice,-3.3474931877884764,0.0,49.0
the data,-3.349562134518776,17.0,98.0
name the,-3.3505621072924185,2.0,56.0
area,-3.3543055451602664,21.0,108.0
the blanket,-3.3634109795131355,1.0,53.0
service,-3.3647711622332332,66.0,206.0
local,-3.3651835586784307,121.0,312.0
should ask,-3.3715654154075865,7.0,72.0
is marketing,-3.37569411878782,3.0,60.0
temperature,-3.3782464808975763,34.0,139.0
help me,-3.3803442494983824,19.0,104.0
standard or,-3.3814805088834854,0.0,50.0
salesperson's claim,-3.3814805088834854,0.0,50.0
the friend's,-3.3814805088834854,0.0,50.0
oversimplifying i'll,-3.3814805088834854,0.0,50.0
? does,-3.3814805088834854,0.0,50.0
that measured,-3.3814805088834854,0.0,50.0
handyman is,-3.3814805088834854,0.0,50.0
documented,-3.384325253143485,2.0,57.0
opinion ?,-3.3971843147566054,1.0,54.0
specifically ?,-3.3971843147566054,1.0,54.0
or study,-3.3971843147566054,1.0,54.0
by research,-3.3983383884053984,11.0,84.0
different,-3.402735004309087,39.0,151.0
instead ?,-3.4037744065340743,4.0,64.0
water heater,-3.414274419935519,26.0,122.0
which study,-3.4151296746011877,0.0,51.0
find actual,-3.4151296746011877,0.0,51.0
nec,-3.4151296746011877,0.0,51.0
inspect,-3.4151296746011877,0.0,51.0
false what,-3.4151296746011877,0.0,51.0
packaging source,-3.4151296746011877,0.0,51.0
it what,-3.4177614158029104,2.0,58.0
than just,-3.4177614158029104,2.0,58.0
works ?,-3.4240943489871998,46.0,167.0
science ?,-3.424164477743972,18.0,103.0
unnecessary,-3.425489743430474,20.0,108.0
number is,-3.4295426356788687,11.0,85.0
mostly,-3.4303327507422217,14.0,93.0
or not,-3.430627203982023,1.0,55.0
diagnostic,-3.436143541899237,7.0,74.0
should look,-3.442055205463858,3.0,62.0
time ?,-3.442055205463858,3.0,62.0
me where,-3.4484505838766992,0.0,52.0
calculate the,-3.4484505838766992,0.0,52.0
fearmongering,-3.4484505838766992,0.0,52.0
safe is,-3.455452604530251,16.0,99.0
do if,-3.46374911606346,1.0,56.0
requirement ?,-3.469211160064122,4.0,66.0
and maybe,-3.470183127413911,21.0,112.0
but i,-3.4793181543440075,84.0,247.0
second,-3.4802051173239454,39.0,154.0
test or,-3.4814526619291883,0.0,53.0
supports that,-3.4836891179912084,2.0,60.0
who,-3.486934604373092,131.0,337.0
storage,-3.4916452381583705,33.0,141.0
so what,-3.496559077986302,1.0,57.0
myself,-3.4980872215616383,73.0,226.0
data for,-3.4985871340106067,5.0,70.0
safe ?,-3.4991429519323045,70.0,220.0
actually works,-3.5072041111005285,3.0,64.0
find data,-3.5141448914046762,0.0,54.0
rule come,-3.5141448914046762,0.0,54.0
guide on,-3.5141448914046762,0.0,54.0
reason,-3.515778172707819,42.0,162.0
pressure ?,-3.5290657030886248,1.0,58.0
always true,-3.5303382454374512,12.0,91.0
ad is,-3.533497897972655,4.0,68.0
study showing,-3.5393437716920952,3.0,65.0
frequency ?,-3.546535840934926,0.0,55.0
find guidance,-3.546535840934926,0.0,55.0
claim come,-3.546535840934926,0.0,55.0
you link,-3.546535840934926,0.0,55.0
i can,-3.548103177397743,417.0,836.0
historical,-3.548413845747401,2.0,62.0
if a,-3.5609401867044173,43.0,166.0
marketing ?,-3.561277217030274,1.0,59.0
manufacturer or,-3.561277217030274,1.0,59.0
the inspector's,-3.561277217030274,1.0,59.0
inspector's,-3.561277217030274,1.0,59.0
actual study,-3.561277217030274,1.0,59.0
if needed,-3.5619665660510957,5.0,72.0
a packaging,-3.5786336913696744,0.0,56.0
world,-3.5786336913696744,0.0,56.0
inspector's claim,-3.5786336913696744,0.0,56.0
upselling,-3.5786336913696744,0.0,56.0
dermatologist source,-3.5786336913696744,0.0,56.0
gfci,-3.5786336913696744,0.0,56.0
looked at,-3.580344909579194,2.0,63.0
information,-3.582157291404625,11.0,90.0
insists,-3.585203414533696,17.0,106.0
rates,-3.586595720182016,28.0,133.0
a general,-3.5932014817090696,1.0,60.0
i'll compare,-3.5932014817090696,1.0,60.0
specs,-3.5932014817090696,1.0,60.0
the forum's,-3.5932014817090696,1.0,60.0
wrong ?,-3.595663810083404,8.0,82.0
just the,-3.599827131811924,9.0,85.0
are those,-3.61044625990985,0.0,57.0
the epa,-3.6119983327847445,2.0,64.0
instead of,-3.615762857847798,98.0,281.0
standards,-3.6230003287521355,6.0,77.0
compared,-3.62789453304806,4.0,71.0
my manual,-3.6284476252356415,13.0,97.0
scientific,-3.628859039611237,24.0,125.0
word,-3.6303596391920196,32.0,144.0
avoid unnecessary,-3.641981022343464,0.0,58.0
those studies,-3.641981022343464,0.0,58.0
unsupported i'll,-3.641981022343464,0.0,58.0
details,-3.6511646378497318,40.0,163.0
on a,-3.654930078230827,304.0,654.0
any technical,-3.6562180227179213,1.0,62.0
forum's,-3.6562180227179213,1.0,62.0
calculation,-3.6562180227179213,1.0,62.0
up ?,-3.656263662636118,8.0,84.0
who's right,-3.656263662636118,8.0,84.0
of that,-3.6575945282370896,13.0,98.0
lifespan,-3.6599512390199114,9.0,87.0
irs,-3.6599512390199114,9.0,87.0
rights,-3.6599512390199114,9.0,87.0
clinical trial,-3.66496698120089,10.0,90.0
can't find,-3.665171548229084,3.0,69.0
show the,-3.665171548229084,3.0,69.0
router,-3.6662971498989636,151.0,384.0
real,-3.6692825803027063,495.0,975.0
reliable source,-3.673245133563216,0.0,59.0
source so,-3.673245133563216,0.0,59.0
that shows,-3.673245133563216,0.0,59.0
or manufacturer,-3.673245133563216,0.0,59.0
podcast's claim,-3.673245133563216,0.0,59.0
the technical,-3.673245133563216,0.0,59.0
kind of,-3.6856611498023524,5.0,76.0
car manual,-3.6895447646462682,4.0,73.0
should not,-3.6896910595955354,9.0,88.0
possible i'll,-3.69553993385806,14.0,102.0
their,-3.7008520827051132,500.0,986.0
systematic,-3.7042454465256633,0.0,60.0
not supported,-3.7042454465256633,0.0,60.0
comparisons,-3.7042454465256633,0.0,60.0
report ?,-3.7042454465256633,0.0,60.0
food science,-3.705361647114885,2.0,67.0
show my,-3.705361647114885,2.0,67.0
check for,-3.715980017089025,5.0,77.0
wording,-3.7192216964956177,9.0,89.0
who's,-3.7192216964956177,9.0,89.0
repeating,-3.726538674938469,3.0,71.0
which is,-3.73323570410498,32.0,148.0
before deciding,-3.7349885297938474,0.0,61.0
not expect,-3.7349885297938474,0.0,61.0
you find,-3.735972015029487,2.0,68.0
threshold,-3.745519899190841,8.0,87.0
estimate,-3.7460676704191966,5.0,78.0
cochrane review,-3.74876641230118,1.0,65.0
check before,-3.74876641230118,1.0,65.0
myth ?,-3.74876641230118,1.0,65.0
can check,-3.750225115000887,4.0,75.0
are,-3.7544686966709966,1218.0,2133.0
statute,-3.765480683791052,0.0,62.0
what specific,-3.765480683791052,0.0,62.0
too broad,-3.765480683791052,0.0,62.0
misleading i'll,-3.765480683791052,0.0,62.0
you know,-3.7737736146519936,6.0,82.0
technically,-3.7748511847477713,8.0,88.0
idea,-3.7774644463429357,19.0,118.0
filter,-3.777948412558142,154.0,396.0
i confirm,-3.7791144898348494,1.0,66.0
is exaggerating,-3.7791144898348494,1.0,66.0
why is,-3.7791144898348494,1.0,66.0
the manufacturer,-3.7802151888539623,4.0,76.0
seems,-3.7833320497717717,47.0,184.0
fi 6,-3.786938547354329,3.0,73.0
term,-3.7885760681184206,22.0,126.0
the podcast's,-3.7957279558792263,0.0,63.0
podcast's,-3.7957279558792263,0.0,63.0
show ?,-3.7957279558792263,0.0,63.0
shop's advice,-3.7964628427200053,2.0,70.0
shows,-3.803543045466848,71.0,236.0
salesperson,-3.8036775191751673,318.0,689.0
salesperson's,-3.8092218246434126,1.0,67.0
the salesperson's,-3.8092218246434126,1.0,67.0
one of,-3.809978725455961,4.0,77.0
methods,-3.82162179501815,12.0,101.0
assess,-3.8257361543644315,0.0,64.0
an actual,-3.8263545601313576,2.0,71.0
manual and,-3.8263545601313576,2.0,71.0
give,-3.8286022699995734,252.0,576.0
supports,-3.8286088971442216,13.0,104.0
a medical,-3.8286088971442216,13.0,104.0
broad,-3.8390940385545913,1.0,68.0
calculator,-3.839520644345107,4.0,78.0
my own,-3.872416116069458,15.0,111.0
if i'm,-3.8743657361413626,18.0,119.0
treat,-3.875044123678194,36.0,163.0
where do,-3.8758190677266917,3.0,76.0
than a,-3.884171824629063,27.0,142.0
advice come,-3.885057445719177,0.0,66.0
wrong what,-3.885057445719177,0.0,66.0
state ?,-3.885057445719177,0.0,66.0
expert source,-3.885057445719177,0.0,66.0
a meta,-3.885057445719177,0.0,66.0
? and,-3.885057445719177,0.0,66.0
a technical,-3.8854571757673666,2.0,73.0
food safety,-3.8922318664423123,9.0,95.0
building science,-3.898154528313722,1.0,70.0
of those,-3.9050074428022525,3.0,77.0
me the,-3.911232350817283,122.0,343.0
signs,-3.9117682295483123,13.0,107.0
of heat,-3.9118011601038862,19.0,123.0
what factors,-3.9143810727238835,0.0,67.0
is overstated,-3.9143810727238835,0.0,67.0
limitations,-3.9143810727238835,0.0,67.0
published,-3.9180556839810907,7.0,90.0
a tech,-3.918095600411863,111.0,322.0
risks,-3.9185319142550306,8.0,93.0
guidelines ?,-3.9273530182456278,1.0,71.0
an independent,-3.9273530182456278,1.0,71.0
universal,-3.9280964333579593,30.0,151.0
i'll test,-3.9330111897593345,12.0,105.0
exaggerating,-3.9339844095945926,3.0,78.0
me what,-3.9434867162440277,0.0,68.0
are you,-3.9434867162440277,0.0,68.0
recommendation ?,-3.943685217829482,2.0,75.0
measure,-3.944591511874299,17.0,119.0
manual ?,-3.9563368358327415,1.0,72.0
that advice,-3.96275441860567,3.0,79.0
manufacturers,-3.96275441860567,3.0,79.0
tests ?,-3.9723791677811167,0.0,69.0
? who,-3.9723791677811167,0.0,69.0
science source,-3.9723791677811167,0.0,69.0
tested,-3.9725218829597777,39.0,174.0
section,-3.9746842105474927,8.0,95.0
if that's,-3.9840665618272,4.0,83.0
actually helps,-3.985110634599337,1.0,73.0
measurement,-3.985110634599337,1.0,73.0
difference between,-4.00106304583984,0.0,70.0
size,-4.003615649385332,38.0,173.0
are the,-4.004887453237578,66.0,235.0
a bike,-4.010135926891127,11.0,105.0
standard for,-4.012372999050385,4.0,84.0
tech blog,-4.0127243441960845,29.0,152.0
that claim,-4.012727046069163,34.0,164.0
reasonable,-4.020382201172091,13.0,111.0
usda,-4.029542804548113,0.0,71.0
not evidence,-4.029542804548113,0.0,71.0
a more,-4.029542804548113,0.0,71.0
and what,-4.029542804548113,0.0,71.0
explanation,-4.0372657503211675,11.0,106.0
relying on,-4.04204597143096,1.0,75.0
versus,-4.04204597143096,1.0,75.0
might be,-4.0426383870509115,19.0,128.0
uk,-4.047148218843536,13.0,112.0
why do,-4.047864967274204,3.0,82.0
see a,-4.048797188954879,22.0,136.0
lab,-4.052726390896711,20.0,131.0
any independent,-4.057664472498738,2.0,79.0
for ?,-4.05964430475712,6.0,92.0
summary,-4.063092172273927,5.0,89.0
requirement,-4.064236800181738,11.0,107.0
risk,-4.065372435346004,203.0,504.0
the manufacturer's,-4.07021602196113,1.0,76.0
relying,-4.07021602196113,1.0,76.0
i've heard,-4.079774231510505,14.0,116.0
test the,-4.085296817529804,7.0,96.0
actual research,-4.085668010329795,2.0,80.0
measurements,-4.085907006491957,0.0,73.0
and compare,-4.085907006491957,0.0,73.0
analysis ?,-4.085907006491957,0.0,73.0
that what,-4.089340734216173,31.0,160.0
i've seen,-4.0910516458054325,11.0,108.0
number ?,-4.095200744948268,12.0,111.0
cochrane,-4.098193093306567,1.0,77.0
instead,-4.112489486027716,191.0,485.0
for to,-4.113799606302756,0.0,74.0
you help,-4.118234584416827,5.0,91.0
association,-4.125981088595962,1.0,78.0
interval,-4.145643703961679,16.0,124.0
claim that,-4.151104821138719,4.0,89.0
limits,-4.151104821138719,4.0,89.0
evidence so,-4.153583781450105,1.0,79.0
advice ?,-4.160084836998337,23.0,143.0
specifically,-4.166577329590283,7.0,99.0
study comparing,-4.169025172540218,0.0,76.0
difference ?,-4.169025172540218,0.0,76.0
fda,-4.171306758071184,16.0,125.0
possible ?,-4.171688922678743,30.0,161.0
know what,-4.1726798792237165,5.0,93.0
would be,-4.1726798792237165,5.0,93.0
consensus,-4.1726798792237165,5.0,93.0
evidence is,-4.181004821906595,1.0,80.0
statement ?,-4.196365503935146,0.0,77.0
deciding,-4.196365503935146,0.0,77.0
when,-4.20482715678482,204.0,515.0
should i,-4.206459256972855,928.0,1731.0
before paying,-4.208247742001192,1.0,81.0
want the,-4.215706293814369,15.0,124.0
chemistry,-4.222420595062769,6.0,98.0
my state,-4.222420595062769,6.0,98.0
any research,-4.239950772290785,3.0,89.0
is exaggerated,-4.246404921875644,7.0,102.0
that seems,-4.247520511402785,16.0,128.0
quality,-4.24921723076804,42.0,193.0
original,-4.255503967131839,31.0,167.0
effect,-4.257197964075474,51.0,214.0
that always,-4.2726724987866795,16.0,129.0
and check,-4.27537527660974,6.0,100.0
explain how,-4.277338417651378,0.0,80.0
raised,-4.280940868923488,38.0,185.0
necessary,-4.286743931461324,124.0,368.0
to confirm,-4.2889414388842,1.0,84.0
spec,-4.293283804840105,3.0,91.0
legal ?,-4.298251407445048,10.0,113.0
than,-4.303938871015846,468.0,986.0
outcomes,-4.303990983197281,0.0,81.0
i see,-4.304433937284113,33.0,174.0
mechanism,-4.305904158044409,5.0,98.0
that before,-4.305904158044409,5.0,98.0
may,-4.316552456130017,24.0,152.0
that from,-4.322607756564711,16.0,131.0
then ?,-4.324851842282758,7.0,105.0
that study,-4.33047956934556,0.0,82.0
you have,-4.3311413342692715,46.0,206.0
said his,-4.336164859785879,18.0,137.0
guideline ?,-4.338100903042323,4.0,96.0
would a,-4.341906536916023,1.0,86.0
rejects,-4.351129961571289,11.0,118.0
is outdated,-4.353745582487676,17.0,135.0
it's not,-4.355085928077139,90.0,303.0
absolute i'll,-4.356807166991134,0.0,83.0
page,-4.363697885173128,201.0,520.0
seen,-4.364201083111826,24.0,154.0
oversimplified,-4.368148926675415,1.0,87.0
is actually,-4.379459101056169,6.0,104.0
citation,-4.382976677204918,0.0,84.0
number come,-4.394235023233632,1.0,88.0
supported ?,-4.407083732273578,13.0,126.0
actual data,-4.4079867555923515,2.0,92.0
requirements,-4.408990914965865,0.0,85.0
i actually,-4.408990914965865,0.0,85.0
for dandruff,-4.408990914965865,0.0,85.0
methodology,-4.408990914965865,0.0,85.0
industry,-4.433422558354603,18.0,141.0
that or,-4.434852612695712,0.0,86.0
be sure,-4.44151716033407,4.0,100.0
is false,-4.454010614188816,87.0,302.0
a window,-4.461470285516807,56.0,235.0
warranty,-4.462439146205214,83.0,294.0
to any,-4.467006630671313,4.0,101.0
find that,-4.471582706087298,1.0,91.0
building,-4.481590813107688,24.0,159.0
from a,-4.496281817841172,113.0,358.0
that legal,-4.499713167592126,10.0,121.0
pressure,-4.502425479504302,164.0,459.0
model so,-4.511185166893643,5.0,106.0
any studies,-4.511548620719125,0.0,89.0
false ?,-4.511548620719125,0.0,89.0
way to,-4.517222020628336,93.0,318.0
official guidance,-4.5224147990883115,1.0,93.0
standard ?,-4.525208166149905,11.0,125.0
may be,-4.525638744277492,3.0,100.0
that number,-4.534083105018784,22.0,156.0
read,-4.548861141938868,443.0,965.0
on how,-4.585642280207349,2.0,99.0
figure come,-4.586962881113335,0.0,92.0
the shop's,-4.592382641439626,4.0,106.0
peer,-4.611827033844467,0.0,93.0
peer reviewed,-4.611827033844467,0.0,93.0
a second,-4.622017737292871,11.0,129.0
between,-4.623394158550219,27.0,173.0
check that,-4.635024482339296,5.0,111.0
for in,-4.636557902177868,0.0,94.0
where would,-4.636557902177868,0.0,94.0
name a,-4.647068798162064,1.0,98.0
audit,-4.6476927068941265,8.0,121.0
focus on,-4.64916933692411,13.0,136.0
reviewed,-4.659722717130071,2.0,102.0
agency,-4.671767900823754,8.0,122.0
that if,-4.685381019948975,72.0,282.0
medical source,-4.685628216028064,0.0,96.0
to compare,-4.690325009609246,4.0,110.0
it just,-4.692148813823459,18.0,152.0
might,-4.6992318395454955,85.0,311.0
basis for,-4.7025336678791385,6.0,117.0
overstating i'll,-4.709971739541662,0.0,97.0
is possible,-4.7144994988989986,4.0,111.0
consumer,-4.7144994988989986,4.0,111.0
the research,-4.722055135026113,14.0,142.0
terms,-4.726507958275956,6.0,118.0
survey,-4.733101948515194,17.0,151.0
too absolute,-4.734190138607768,0.0,98.0
that necessary,-4.737587273089272,36.0,201.0
the original,-4.7405042570118745,10.0,131.0
any actual,-4.750365882254554,6.0,119.0
on this,-4.774109074311914,6.0,120.0
sample,-4.782259157470998,0.0,100.0
could,-4.783087975529547,50.0,237.0
showing that,-4.786305443998014,4.0,114.0
clinical evidence,-4.787138538076902,11.0,136.0
isn't,-4.78977134772823,92.0,331.0
reality,-4.794576527079594,3.0,111.0
independent performance,-4.8061134556658125,0.0,101.0
use a,-4.806267703667974,144.0,439.0
shop's,-4.826758522511705,5.0,119.0
how would,-4.828188292662648,2.0,109.0
what studies,-4.8298499894944955,0.0,102.0
landlord,-4.842480208490987,162.0,477.0
for this,-4.856763377859682,10.0,136.0
to rely,-4.875258954918171,2.0,111.0
performance figure,-4.876976633521456,0.0,104.0
plausible i'll,-4.876976633521456,0.0,104.0
realistic performance,-4.876976633521456,0.0,104.0
heat is,-4.879193114104743,11.0,140.0
actual evidence,-4.891158724973821,6.0,125.0
risk ?,-4.901958314161934,11.0,141.0
test ?,-4.910204505237684,1.0,109.0
a manufacturer,-4.910204505237684,1.0,109.0
code,-4.9133259394217825,57.0,260.0
on ?,-4.914245847008675,6.0,126.0
? the,-4.921013357648795,104.0,364.0
number,-4.930630135512239,261.0,672.0
manufacturer's,-4.933431434005245,1.0,110.0
second opinion,-4.933431434005245,1.0,110.0
? i've,-4.937228699575824,6.0,127.0
increase,-4.946665130526564,61.0,271.0
certification details,-4.946825231809579,0.0,107.0
realistic figure,-4.946825231809579,0.0,107.0
an official,-4.952044587455124,8.0,134.0
rule,-4.978326750197177,465.0,1042.0
performance data,-4.992848361879725,0.0,109.0
calculate,-4.992848361879725,0.0,109.0
not the,-4.993847048348397,14.0,154.0
a proper,-5.0024664281241265,1.0,113.0
true for,-5.003459075340948,31.0,201.0
that just,-5.004007408266356,3.0,120.0
what's a,-5.004007408266356,3.0,120.0
study that,-5.013835631426477,2.0,117.0
see if,-5.014188215333091,24.0,183.0
research say,-5.025267743673176,1.0,114.0
epa,-5.0267449417400165,3.0,121.0
rules,-5.028675198120077,29.0,197.0
that backed,-5.029830004519838,34.0,210.0
film rejects,-5.038451304369525,0.0,111.0
actually say,-5.049381185408636,3.0,122.0
backed by,-5.052073108504254,46.0,241.0
a way,-5.059189129613964,2.0,119.0
explain the,-5.059189129613964,2.0,119.0
blog's claim,-5.061098758823524,0.0,112.0
is oversimplifying,-5.0836453671957464,0.0,113.0
is plausible,-5.0836453671957464,0.0,113.0
general,-5.1012131909685605,5.0,131.0
is unsupported,-5.106092465383,0.0,114.0
the difference,-5.108312157506386,4.0,128.0
what if,-5.116695345744688,3.0,125.0
a guide,-5.126471105291709,2.0,122.0
the nfrc,-5.128441360048597,0.0,115.0
nfrc rating,-5.128441360048597,0.0,115.0
window film,-5.1308182796449,8.0,142.0
thanks for,-5.1371666283758834,74.0,311.0
nfrc,-5.150693329510123,0.0,116.0
model,-5.151596648321811,48.0,251.0
trials,-5.152698344021027,4.0,130.0
decide,-5.152698344021027,4.0,130.0
i'll ask,-5.159853118311068,57.0,273.0
blog is,-5.161088657765322,3.0,127.0
exaggerated,-5.171528271772351,9.0,147.0
official source,-5.172849624592947,0.0,117.0
backed,-5.180929382195903,54.0,267.0
behind that,-5.210062629127679,13.0,161.0
to read,-5.215575997597426,17.0,173.0
specific model,-5.216880062355481,0.0,119.0
details ?,-5.216880062355481,0.0,119.0
she says,-5.224829745057989,40.0,235.0
what about,-5.226012635304631,1.0,123.0
his film,-5.226012635304631,1.0,123.0
salesperson is,-5.226012635304631,1.0,123.0
how to,-5.233170629085007,5.0,137.0
a myth,-5.234448128972841,16.0,171.0
legal,-5.2349884619608735,84.0,339.0
controlled,-5.236696770033143,2.0,127.0
repair costs,-5.238756576456298,0.0,120.0
dandruff ?,-5.238756576456298,0.0,120.0
? do,-5.238756576456298,0.0,120.0
policy,-5.24113688994217,56.0,275.0
i heard,-5.245590016499091,116.0,409.0
their filter,-5.254848396326345,5.0,138.0
review ?,-5.269585955998369,1.0,125.0
overstated,-5.270451962903585,3.0,132.0
oversimplifying,-5.282237939592165,0.0,122.0
there research,-5.303837582218037,8.0,150.0
state,-5.303900176547892,38.0,234.0
explains,-5.304432390069363,24.0,197.0
any data,-5.313572909339899,3.0,134.0
comparison,-5.325086509391687,8.0,151.0
testing,-5.33332559359881,29.0,212.0
should check,-5.340697894339321,5.0,142.0
film salesman,-5.346797356463454,0.0,125.0
like,-5.3600933824552115,271.0,724.0
filter removes,-5.361949867156817,5.0,143.0
went,-5.378251080023601,13.0,169.0
veterinary,-5.397971663630759,6.0,148.0
i'll consider,-5.398790779597466,3.0,138.0
name,-5.404681624892097,67.0,310.0
sources,-5.411487613699979,4.0,142.0
check ?,-5.41988769651455,3.0,139.0
numbers,-5.4430479371991645,43.0,254.0
trial,-5.446328053492566,39.0,244.0
where did,-5.452698900063879,0.0,130.0
that explains,-5.4603027734841065,14.0,176.0
something,-5.463423498934965,66.0,311.0
there data,-5.465057681728921,10.0,164.0
want a,-5.485604953974679,10.0,165.0
the source,-5.4922611657042735,2.0,139.0
any clinical,-5.512786929059834,8.0,160.0
current,-5.520423472097532,60.0,300.0
accurate,-5.532353836456446,182.0,564.0
behind,-5.534983652569505,45.0,264.0
plausible,-5.542781677401917,12.0,174.0
if i,-5.554574094959987,411.0,999.0
unsupported,-5.577128372711331,0.0,136.0
that accurate,-5.623287534905483,71.0,332.0
out ?,-5.627440894657091,10.0,172.0
outdated,-5.633439848627671,27.0,222.0
medical,-5.636028257765219,44.0,267.0
what evidence,-5.638314026737053,0.0,139.0
is overstating,-5.646658344196748,1.0,143.0
a reliable,-5.647426638116603,10.0,173.0
necessary ?,-5.64834448968095,41.0,260.0
know the,-5.666306899642435,20.0,204.0
ask for,-5.693149166468956,83.0,364.0
costs went,-5.698843171892151,0.0,142.0
a standard,-5.721917938473632,12.0,183.0
my rent,-5.723997227353803,11.0,180.0
exact,-5.7257918027762615,118.0,444.0
costs can,-5.738841475802187,0.0,144.0
claim so,-5.738841475802187,0.0,144.0
range,-5.746941860134966,27.0,228.0
can justify,-5.747018130418733,1.0,148.0
there actual,-5.749768244137526,9.0,175.0
possible,-5.751410265570759,78.0,356.0
if the,-5.756379724207685,177.0,570.0
a rent,-5.756384267200064,2.0,152.0
justify a,-5.778563088020311,0.0,146.0
false,-5.797441474461087,100.0,409.0
i opt,-5.798321913311155,0.0,147.0
meta analysis,-5.798321913311155,0.0,147.0
? are,-5.818013675762595,0.0,148.0
extension,-5.81919635812883,12.0,188.0
security,-5.826872408877211,89.0,386.0
i ask,-5.837040223538352,7.0,173.0
10 saying,-5.837639054032093,0.0,149.0
for the,-5.8412193657916855,281.0,782.0
up can,-5.845657603414104,1.0,153.0
opt out,-5.85719871540876,0.0,150.0
opt,-5.85719871540876,0.0,150.0
any study,-5.864993632075721,3.0,161.0
absolute,-5.866568279411666,9.0,181.0
justify,-5.874297893179406,2.0,158.0
look up,-5.8766933160781205,0.0,151.0
tests,-5.893275666171756,19.0,213.0
went up,-5.893721620391899,2.0,159.0
he do,-5.896123501379185,0.0,152.0
rating,-5.920105619243229,6.0,174.0
guide ?,-5.923388270489058,1.0,157.0
is misleading,-5.9347931544881565,0.0,154.0
what would,-5.9347931544881565,0.0,154.0
rent 10,-5.9347931544881565,0.0,154.0
my landlord,-5.967871209608978,80.0,374.0
if my,-5.973603280393023,44.0,286.0
a salesperson,-5.975616418410878,102.0,425.0
the manual,-5.976556446386551,33.0,257.0
typical,-5.977478067964055,6.0,177.0
evidence based,-5.9914654435079555,4.0,171.0
proper,-5.996482561014204,6.0,178.0
rent increase,-6.019142087352829,1.0,162.0
to show,-6.023349491703681,8.0,186.0
you show,-6.027941337460567,2.0,166.0
says that,-6.037446688605606,26.0,241.0
wrong i'll,-6.044199900839825,28.0,247.0
overstating,-6.057020352485872,1.0,164.0
increase ?,-6.0681978981766145,0.0,161.0
marketing,-6.068506463907008,37.0,273.0
raised my,-6.094663525170672,1.0,166.0
tell me,-6.096216612314595,16.0,215.0
meta,-6.1133983082161,1.0,167.0
blanket,-6.115334370278941,15.0,213.0
landlord raised,-6.161720065282612,0.0,166.0
a real,-6.168295208672446,115.0,467.0
report,-6.1731332072853595,70.0,363.0
cite the,-6.196252427609049,2.0,175.0
find independent,-6.217158587000089,0.0,169.0
that supported,-6.218190378853438,27.0,254.0
difference,-6.227682282150657,13.0,213.0
said their,-6.240630368898379,43.0,299.0
or a,-6.245022121901521,5.0,188.0
understand the,-6.279499869113323,1.0,176.0
measured,-6.305972059336369,2.0,181.0
of,-6.310994936973494,1781.0,3399.0
claim ?,-6.317627962658629,5.0,192.0
? he,-6.320402684777872,65.0,360.0
can he,-6.3519305263179735,1.0,180.0
you tell,-6.371545890071277,5.0,195.0
the blog's,-6.38705681214751,3.0,189.0
basis,-6.388298509706028,13.0,222.0
i'll read,-6.404919225905914,3.0,190.0
standard,-6.409520684291791,205.0,677.0
find if,-6.416339194566766,0.0,180.0
specific study,-6.416339194566766,0.0,180.0
that true,-6.4409119839706905,1292.0,2617.0
shouldn't,-6.456056903488163,58.0,351.0
recommendation,-6.459894529735089,8.0,210.0
blog's,-6.475878683961668,3.0,194.0
rule ?,-6.483776629479687,45.0,319.0
thought,-6.517100910512,62.0,365.0
why,-6.525866385837215,132.0,530.0
to the,-6.537514166020936,284.0,847.0
misleading,-6.557401596513165,0.0,188.0
source on,-6.5896570851011464,2.0,197.0
show me,-6.599188221119799,1.0,194.0
look at,-6.6137432821281505,13.0,235.0
opinion,-6.6242658372727945,2.0,199.0
heard,-6.62468469375302,145.0,566.0
studies on,-6.626807720605503,0.0,192.0
supported by,-6.656669806022335,17.0,250.0
i thought,-6.658672213942516,53.0,351.0
guidance on,-6.678389340401148,0.0,195.0
if it's,-6.680416218223656,89.0,442.0
check if,-6.685281450246636,1.0,199.0
confirm,-6.690273694923545,7.0,220.0
guidelines,-6.707270645085922,7.0,221.0
do you,-6.712670656307525,14.0,244.0
there evidence,-6.729442467323945,14.0,245.0
before buying,-6.73535300743975,3.0,209.0
consider,-6.75244955208071,8.0,227.0
? she,-6.791088533952326,27.0,288.0
accurate ?,-6.797581249394301,84.0,438.0
performance,-6.828883980116499,36.0,316.0
what actually,-6.837521485036184,1.0,208.0
myth,-6.852203766401336,22.0,277.0
just a,-6.894539818785608,51.0,361.0
rent,-6.894585778592931,108.0,502.0
you name,-6.904107609187527,1.0,212.0
i shouldn't,-6.910941743383019,37.0,324.0
page ?,-6.914021309142947,0.0,209.0
would i,-6.930545873267067,0.0,210.0
guidance ?,-6.947069705306034,6.0,232.0
showing,-6.9490043748340184,23.0,286.0
whether,-6.952435946013925,3.0,222.0
true,-6.953367901864661,1732.0,3424.0
don't want,-6.956334476884906,129.0,555.0
there an,-6.961007463380492,4.0,226.0
but not,-6.966452890041612,26.0,296.0
film,-6.979900532278833,39.0,334.0
is too,-7.006221703072892,42.0,344.0
heard that,-7.0632667429611,36.0,331.0
technical,-7.074943629934982,4.0,233.0
which studies,-7.093676514512601,0.0,220.0
analysis,-7.123218923835517,4.0,236.0
safety,-7.190269711087934,50.0,378.0
is it,-7.2025278016299135,81.0,459.0
research ?,-7.205808140872072,18.0,287.0
not just,-7.218485475949469,13.0,272.0
where is,-7.237353748286465,0.0,229.0
figure ?,-7.258975591106109,5.0,248.0
guideline,-7.282273834071985,9.0,263.0
about,-7.290882992268748,381.0,1108.0
the exact,-7.30606704825717,36.0,347.0
check my,-7.364668817040383,16.0,291.0
science,-7.383236359356272,87.0,487.0
statement,-7.396892881180788,11.0,277.0
rather than,-7.407994640921535,6.0,261.0
? why,-7.409180059035999,0.0,240.0
reliable,-7.416092944529391,48.0,388.0
those,-7.424189926647177,81.0,475.0
actually true,-7.4257251045942585,16.0,295.0
comparing,-7.430738732670612,1.0,245.0
wrong,-7.439872261017577,135.0,606.0
the certification,-7.48598052151288,0.0,245.0
review,-7.498393630215733,86.0,493.0
i know,-7.506698255294544,21.0,316.0
costs,-7.527446594729512,36.0,362.0
study or,-7.531685281290288,0.0,248.0
read the,-7.63866943414908,15.0,306.0
i'll look,-7.659217815839339,37.0,374.0
what are,-7.686475377118297,3.0,269.0
to check,-7.694102366645346,54.0,424.0
like to,-7.702850158455458,1.0,263.0
vs,-7.726618958499753,0.0,261.0
studies ?,-7.730971056972395,3.0,272.0
verify that,-7.73887927956479,2.0,269.0
that based,-7.782418404044328,16.0,319.0
thanks so,-7.8149502752642155,0.0,267.0
clinical,-7.82682982561303,35.0,380.0
you explain,-7.844173252389311,0.0,269.0
explain,-7.8547699754393205,16.0,324.0
to,-7.861753509817191,7678.0,12927.0
evidence that,-7.863191466093399,5.0,288.0
rather,-7.912060641918252,36.0,389.0
true ?,-7.920708166078007,1374.0,2977.0
certification,-8.000693865875842,6.0,301.0
any evidence,-8.011727273067876,16.0,335.0
are there,-8.022923358998161,1.0,285.0
ask,-8.03337658626494,149.0,687.0
look for,-8.040186361841661,39.0,407.0
a realistic,-8.064046990425354,5.0,302.0
i'd like,-8.074154555716603,0.0,285.0
give me,-8.076902706034595,26.0,371.0
evidence ?,-8.130925281081979,34.0,399.0
guide,-8.16131649170119,38.0,413.0
does,-8.175067705191031,741.0,1890.0
or is,-8.228037438646847,14.0,344.0
the official,-8.308372558680482,19.0,366.0
manual,-8.329318248394815,91.0,570.0
understand,-8.332207750904464,12.0,345.0
on that,-8.338222651859873,88.0,563.0
should,-8.34310780060735,2192.0,4429.0
i look,-8.385476405907747,1.0,311.0
is not,-8.4434041591768,26.0,398.0
to understand,-8.505692219509278,3.0,327.0
supported,-8.531089450224465,35.0,432.0
research on,-8.545759496737583,16.0,374.0
? what's,-8.595762723057243,0.0,323.0
a study,-8.607953800933233,126.0,681.0
this ?,-8.725425505084054,2.0,340.0
is wrong,-8.773285747944524,24.0,417.0
cite a,-8.811269022144467,1.0,343.0
how can,-8.822098199263161,5.0,358.0
compare,-8.828826157080725,6.0,362.0
the claim,-8.83267988950039,10.0,376.0
advice is,-8.835472050133543,3.0,352.0
from,-8.919427653806439,988.0,2444.0
study on,-9.004077427372492,9.0,386.0
figure,-9.018753478780766,22.0,430.0
i'd,-9.025927439411264,40.0,486.0
data ?,-9.033561148258418,6.0,378.0
show,-9.063192983319096,122.0,711.0
realistic,-9.064341903050012,54.0,530.0
before i,-9.083307881076468,17.0,419.0
? i'll,-9.10087506650372,292.0,1108.0
verify the,-9.112665908954718,0.0,363.0
say about,-9.125213873942077,0.0,364.0
for,-9.199262882653553,4189.0,7867.0
the specific,-9.210204998923784,2.0,378.0
the evidence,-9.22239742107528,8.0,400.0
manufacturer,-9.308690385362171,8.0,407.0
i should,-9.329566664177394,529.0,1626.0
you give,-9.368969201487014,6.0,405.0
? i'd,-9.384852227994163,0.0,385.0
does that,-9.412281548965673,77.0,624.0
said that,-9.512014391148917,61.0,588.0
what is,-9.613802314817754,15.0,456.0
source that,-9.63750917352955,0.0,406.0
not a,-9.641393187261999,32.0,513.0
or just,-9.65355669840036,17.0,466.0
say ?,-9.748860197060429,11.0,454.0
before,-9.785517107594924,673.0,1969.0
study ?,-9.857125015057813,8.0,453.0
source for,-9.92992651039786,0.0,431.0
i verify,-10.024382103279281,3.0,450.0
to verify,-10.030738086347656,10.0,475.0
? if,-10.177691738759956,10.0,488.0
independent,-10.255956378947461,10.0,495.0
find a,-10.277188289942357,8.0,490.0
thanks i'll,-10.333574877283784,15.0,519.0
what do,-10.543119016182155,12.0,528.0
that actually,-10.548557079648665,81.0,740.0
evidence for,-10.828499410486504,41.0,649.0
what does,-10.840915822075546,4.0,528.0
what's the,-10.891410754435158,18.0,581.0
data on,-10.908818787499273,9.0,552.0
official,-10.935076571057973,97.0,823.0
a specific,-11.180496511150796,28.0,642.0
say,-11.240917813339664,228.0,1193.0
i check,-11.350571888693272,9.0,595.0
advice,-11.367016480241242,116.0,920.0
would,-11.394860723027112,53.0,742.0
based on,-11.506264532328535,76.0,822.0
you cite,-11.53991971878841,0.0,582.0
point to,-11.607113299769962,2.0,596.0
know if,-11.645069319566012,4.0,607.0
for that,-11.665960826850824,146.0,1033.0
look,-11.708833897633783,133.0,1003.0
a source,-11.709423361241951,3.0,610.0
test,-11.757081217496491,152.0,1059.0
what should,-11.84052485941666,25.0,699.0
come,-11.994103585186856,62.0,832.0
thanks,-12.047222427233903,381.0,1650.0
does the,-12.059694202888254,12.0,678.0
do i,-12.113882224660586,71.0,872.0
cite,-12.173890748240481,14.0,697.0
guidance,-12.20989755436524,8.0,680.0
to know,-12.26928153736664,67.0,877.0
what's,-12.36673127724207,36.0,791.0
? thanks,-12.496999591245165,10.0,718.0
where does,-12.591191202546336,2.0,700.0
if,-12.65465059291409,1825.0,4615.0
? which,-12.683704672023365,0.0,703.0
know,-12.799786915857737,214.0,1343.0
that a,-12.846726251683046,178.0,1255.0
source ?,-12.86299490179995,0.0,723.0
based,-13.001190036093474,99.0,1055.0
studies,-13.071128399533885,71.0,980.0
a,-13.15128308652374,17476.0,29940.0
how do,-13.164912509529787,27.0,851.0
come from,-13.412626278307071,5.0,804.0
on,-13.495683867452216,2501.0,6021.0
which,-13.497209591470398,122.0,1181.0
? how,-13.882117349682439,0.0,842.0
see the,-13.89140512822499,19.0,910.0
from ?,-13.954421030495958,2.0,858.0
me,-14.046462950494835,1076.0,3434.0
check the,-14.318219675051889,30.0,1000.0
find the,-14.588499915989223,2.0,937.0
research,-14.681529998322532,83.0,1216.0
the actual,-14.711165969316415,6.0,967.0
i'll check,-14.914283212649714,41.0,1113.0
to a,-14.94174362543894,111.0,1335.0
verify,-14.949265170266955,16.0,1033.0
see,-15.17928180871692,221.0,1678.0
any,-16.200506325102992,818.0,3271.0
not,-16.35169942862193,719.0,3076.0
specific,-16.41556768129406,53.0,1359.0
claim is,-16.456834991027183,88.0,1477.0
you,-16.70079738882457,3031.0,7755.0
to see,-16.78153194301898,27.0,1325.0
study,-17.215181606166425,247.0,2056.0
data,-17.430676593941463,134.0,1765.0
or,-17.767238982741066,1003.0,3975.0
? so,-18.066175610140952,1547.0,5197.0
i,-18.26562318200071,10004.0,20297.0
me to,-18.28234173535278,66.0,1686.0
how,-18.299936743223448,239.0,2211.0
point me,-18.892890300152935,1.0,1562.0
actually,-19.3363862648249,195.0,2261.0
actual,-19.483577949929284,34.0,1777.0
that ?,-19.89672983913316,225.0,2448.0
there a,-20.06193553769697,39.0,1894.0
claim,-20.211969990909736,270.0,2635.0
there any,-20.80876483271153,103.0,2240.0
check,-20.997979421524064,218.0,2630.0
evidence,-21.203126104256054,118.0,2361.0
point,-21.45797032462013,76.0,2272.0
? is,-21.861129618636024,1.0,2089.0
you point,-22.096253350268796,1.0,2134.0
source,-23.001577956062057,19.0,2376.0
so the,-23.524491538512848,726.0,4534.0
is that,-24.180985629842226,2680.0,9101.0
? what,-24.432344167965788,1.0,2607.0
i find,-24.603981910444297,5.0,2658.0
find,-25.426674024431573,49.0,2992.0
what,-26.127111587375886,781.0,5293.0
where can,-26.489431746717674,2.0,3066.0
that,-26.960218481529573,7224.0,18863.0
? can,-27.953363040740378,0.0,3405.0
can i,-29.02125787459935,60.0,3881.0
i want,-29.193097762220695,118.0,4122.0
want to,-29.22919690621615,155.0,4254.0
want,-29.568174287891974,296.0,4791.0
? where,-29.773366526501405,0.0,3861.0
can you,-31.03722782527359,22.0,4273.0
? i,-31.1926707273998,74.0,4497.0
there,-32.050217107404336,418.0,5840.0
where,-32.07455469295703,53.0,4666.0
is there,-32.495923654777606,229.0,5375.0
is,-33.43404484188809,8876.0,24712.0
can,-37.56702183132049,1465.0,10506.0
?,-69.67753478362351,5235.0,35957.0
